node_id,community_id
0,0
23977,0
1,1
34526,1
2370,1
14683,1
29982,1
21142,1
20363,1
23830,1
34035,2
6067,3
19720,3
20183,3
3,4
4950,4
18029,2
3358,4
34935,5
5916,4
4,6
2865,6
9342,6
5,2
27803,2
6,3
18612,3
18876,3
31890,1
17647,3
18562,3
7,7
37493,7
33643,7
30199,3
35773,3
11273,7
12775,7
21864,3
9051,7
34957,8
21395,3
9891,8
9340,1
31260,8
14820,8
26666,3
22516,8
8,16
19253,16
11083,7
23973,16
36652,16
10080,16
14003,16
4793,5
9,2
15477,3
23914,2
33129,2
27768,2
19407,2
30596,2
10,3
35842,2
23589,3
37280,3
2078,2
23670,2
32836,3
34238,2
19345,3
19973,2
29557,1
33138,3
35762,3
4708,5
15495,3
10487,3
12102,4
27313,7
27450,2
19222,7
7843,3
19256,2
14478,3
26143,3
12894,16
11514,2
16321,3
35633,3
22564,7
22666,3
22674,3
5567,10
29876,7
33500,2
14720,3
32322,3
37577,3
36578,3
3797,3
4530,2
27340,25
26639,3
915,3
1407,16
10456,3
17332,3
13638,3
18850,1
1923,3
11271,3
31938,3
27314,3
16641,2
30002,3
7027,3
10535,7
29465,3
35008,3
23972,3
16995,1
21934,1
6229,3
29964,7
4469,10
11,1
12,7
20854,7
4398,7
9598,3
25134,3
13228,7
11051,7
13,16
5629,16
14,1
20880,1
34989,1
15143,1
36404,1
33988,1
30809,3
18638,1
18910,1
31126,1
7825,1
28922,1
34629,1
13396,1
23838,3
8635,1
4174,1
15,16
10219,7
17787,16
3368,7
12921,3
5310,16
9049,7
30833,16
23204,16
1501,16
33671,2
18163,16
29892,3
17,3
36099,3
32821,1
18,3
27696,3
23458,3
20,1
33863,1
27745,1
29082,0
3922,1
21,3
12261,3
23332,3
34114,5
21547,3
9553,7
22321,3
15191,7
14242,7
23783,3
37057,7
2282,7
2992,3
36632,16
19470,3
5300,1
20919,2
33029,3
10352,12
12986,1
29615,1
21847,3
20961,3
12396,7
3747,3
8172,7
6790,1
27877,3
5081,3
8360,1
1315,3
33684,3
22,3
32575,3
13685,3
291,3
3072,3
35241,3
23,7
21298,7
22584,3
21498,25
9173,7
19358,3
9388,10
14635,7
6221,3
35359,7
30235,5
24,3
28761,3
327,16
22059,3
7976,3
26877,3
12523,3
3712,3
32060,3
35558,3
10840,3
23267,3
9722,3
14805,2
2431,3
27954,3
6071,3
5061,3
31987,3
1739,3
26,1
32718,1
17091,1
15554,1
3153,1
29055,16
34606,5
27,1
14755,1
28477,1
24094,1
12798,1
9947,1
35523,1
19629,2
1659,1
37475,1
28014,3
11225,1
32771,1
30417,1
32452,2
34900,1
2035,3
18588,1
885,1
25948,1
30502,3
14177,1
18595,19
3491,1
14947,3
17644,1
7415,1
25129,1
31525,1
14185,3
22836,1
25748,3
35065,1
33424,1
17949,19
23906,3
7847,19
831,3
3582,19
14341,1
7495,1
25819,1
25756,14
9339,1
32507,3
17221,19
12838,19
7075,3
714,3
1767,1
33833,1
479,1
13090,16
35668,1
24810,3
10001,1
26298,19
11889,1
34059,19
27874,1
23051,3
26124,3
20024,3
29347,1
27031,1
31500,1
16621,1
1268,1
11720,1
28,7
13003,7
29,1
30,7
6631,7
23664,7
31,1
10808,1
23880,1
12505,1
15908,1
17736,1
2059,1
32,2
4293,2
22351,2
33,2
10510,2
5398,2
34,1
27474,1
3635,1
27804,2
18741,2
24655,3
25120,3
6452,3
18377,2
15977,3
20084,3
22253,3
15940,3
22464,7
22615,16
36628,3
8626,2
24419,3
18244,3
3903,3
27022,3
15919,12
1174,7
30814,3
37428,3
29886,1
22881,3
34440,16
21973,3
8292,5
13493,3
29889,3
2417,1
4528,3
5412,16
1483,12
26585,3
18701,3
25477,3
36747,3
15806,7
27268,3
4193,1
418,3
13581,3
25967,5
36648,4
1070,4
4011,3
17152,7
12929,4
33303,3
1109,7
15407,3
33856,3
36914,3
35,1
15270,1
17013,1
25652,1
11279,1
18274,1
308,1
19540,1
25218,1
15074,7
6506,1
7562,1
34766,1
33813,1
30543,1
16599,1
36,1
16282,1
37049,1
27363,1
16119,7
26293,1
24953,1
24343,1
28814,7
23690,1
32459,7
35616,1
7740,1
34840,1
27367,1
6073,0
11635,3
896,16
32126,0
4382,0
11079,0
8784,0
22104,2
24654,0
27966,16
38,3
717,1
23060,1
253,3
22452,1
1766,3
36746,3
14701,1
25314,3
10281,1
8409,3
18028,3
1524,3
9804,3
34992,3
11439,1
34536,1
26644,1
9677,1
31518,1
1396,3
32139,3
26196,3
11175,1
13632,3
13189,0
32309,1
5823,1
20191,3
24921,1
29052,3
6301,1
21943,3
10595,1
18403,3
18204,1
29218,3
20773,0
19744,1
11041,1
27867,1
25774,1
21358,3
3252,3
29387,3
24541,3
8646,1
35388,1
18725,1
37463,1
12506,7
22950,3
28930,3
14483,1
5323,1
10320,3
16958,1
30010,3
35371,7
29421,0
16798,3
21957,3
32180,3
17230,3
8416,3
24347,1
12265,1
24033,3
29961,1
13629,3
28322,3
16127,1
22491,3
22024,3
393,3
31756,1
11010,3
30046,3
6645,3
15295,3
5487,3
22642,1
20236,0
8921,1
1264,1
17133,1
25249,0
19459,3
814,3
22415,1
8831,1
14131,1
34426,3
17139,3
22292,1
5506,3
30384,3
23711,3
31346,3
12393,3
11991,0
24965,4
1003,5
34563,3
28487,3
22899,0
20836,1
40,3
14266,1
31917,3
6134,3
41,5
15936,5
12648,5
22395,5
30403,5
20610,5
15278,5
2300,5
42,7
3546,3
34953,1
28343,7
5143,7
31731,7
6843,3
26410,7
5338,5
22267,7
27962,3
14558,3
31695,0
33471,7
37193,10
37578,3
540,1
13263,3
2297,7
73,7
34447,7
36608,7
7006,3
16350,7
14502,7
6250,7
18233,3
11119,3
9349,7
10830,3
37294,3
6185,7
27718,7
7516,7
4210,7
3678,7
1356,3
14814,7
27370,3
8608,4
15684,3
7178,7
13656,3
20436,7
44,0
8721,7
45,16
12703,16
30789,16
31090,16
24499,1
9946,3
34654,1
25424,1
12731,1
31659,1
18509,1
24257,1
15623,1
9955,1
27751,1
18810,1
18318,1
25434,1
3483,3
9731,1
33410,3
592,1
4292,7
6641,1
13177,1
11124,1
25739,3
6854,1
18100,1
35472,1
36163,1
16496,1
25307,1
25454,1
29360,1
20478,1
6005,1
25887,1
28591,1
3789,1
11617,1
33324,1
36621,1
4451,1
4819,1
13439,1
36971,1
25128,1
26979,1
17066,1
23264,1
16797,1
13354,1
16959,1
3374,1
12876,1
2804,1
29536,1
33602,1
11927,7
26839,3
10154,1
24744,1
14400,1
35806,1
8177,3
22669,1
31217,1
21787,1
35089,1
34564,3
36659,3
14108,1
15066,1
30948,2
8753,1
10025,3
2816,1
29243,1
25061,3
12003,1
26538,1
2252,1
24939,2
21101,1
17917,3
35872,1
10157,1
10347,1
1103,1
20303,1
1696,1
17419,1
10574,0
12542,1
35890,1
34774,1
4712,1
32710,3
28130,1
33012,1
30979,1
34620,1
15313,3
10956,1
22459,1
27196,3
33366,3
981,1
15555,1
37161,1
19041,1
9919,1
35258,1
18482,1
19089,1
848,1
21404,1
5892,1
27655,2
4262,1
368,1
35468,3
23209,1
23767,1
11573,0
24935,0
9008,3
6827,1
32415,3
12630,1
1193,2
28234,2
4036,2
48,2
35665,2
49,2
5552,2
26597,2
10269,2
7121,2
50,7
24181,3
51,16
34304,3
25741,16
27985,16
33950,3
52,0
20594,0
25427,0
5496,1
1212,0
24661,0
30877,0
25285,0
23684,0
29215,0
5845,0
591,0
1132,0
6094,3
5636,1
4013,5
7435,0
2742,0
34429,0
8570,0
823,0
24668,0
30670,3
30074,0
21607,0
3210,0
18037,0
13112,0
53,3
28957,3
21375,3
22212,2
6138,2
54,3
36103,3
55,7
29827,7
5568,3
57,3
3255,3
58,7
14312,7
28964,7
18727,7
5218,7
34638,7
23908,7
59,2
13761,2
60,1
37077,1
61,7
974,3
18406,7
8357,2
25146,5
1095,5
10403,3
33128,7
772,1
32030,3
32876,3
33799,3
62,2
30717,2
63,7
36607,7
29946,2
64,4
13486,4
65,1
30733,3
66,3
13448,3
30773,3
21831,2
67,0
11497,7
7104,0
29440,0
14023,0
26706,0
26679,3
3329,0
19114,16
29023,2
27037,0
10528,1
29997,0
27470,7
17723,12
32753,5
35076,16
12575,0
68,12
30030,12
4459,12
30297,3
70,7
34161,7
71,0
20812,2
11244,0
24207,0
72,0
18731,5
32161,0
11055,0
1353,0
1618,0
6078,25
2819,25
14766,7
24350,25
74,10
31838,10
5880,10
15745,10
23139,10
29645,10
75,16
10247,16
7211,2
21029,3
2243,7
1089,7
17854,7
31923,12
18790,2
26118,16
16701,1
36828,16
4757,7
9766,1
5754,7
14466,2
6079,3
18430,2
4847,3
32409,2
18945,7
22715,3
77,1
3115,1
79,2
33601,2
82,1
15338,1
33385,1
83,2
26110,2
25858,2
8828,2
5858,2
2489,2
84,5
12699,5
85,7
11081,7
1295,3
35708,1
18373,2
28603,2
87,3
28367,3
5361,3
22434,1
27855,2
15820,3
32227,3
15870,5
16583,3
23348,3
31170,3
15817,2
34602,3
24459,7
13729,16
25704,2
6558,1
26434,3
89,3
27323,0
29563,3
33824,3
90,2
21351,2
24444,2
15808,2
13411,2
13893,2
91,7
5953,3
23110,7
92,3
16241,3
26156,3
3177,3
12092,0
5615,3
16854,3
36126,3
16754,5
1955,7
5197,3
6981,3
7827,5
25210,3
19841,3
20173,3
13574,3
26339,3
31515,3
9921,3
7839,5
13872,1
7123,3
12115,3
25579,7
37573,5
34032,5
31248,3
4598,5
29439,10
1337,3
13418,3
12484,3
28303,16
9818,3
35579,7
10601,3
21912,3
25256,7
13576,3
21993,3
37438,3
18699,1
34217,5
36248,5
26532,3
24568,3
12085,3
22449,3
141,3
93,7
31102,7
30931,2
23271,2
11591,2
4333,1
1139,2
34042,2
19400,2
36310,1
8508,2
27101,2
6149,2
3190,2
13506,2
19728,2
95,10
6081,2
9355,2
97,3
37087,3
28885,3
18835,5
98,3
30594,3
1686,2
27373,3
26054,3
21090,3
8668,7
31814,1
22606,3
23845,3
28544,3
3218,2
16938,3
709,3
17446,3
17197,3
33546,3
99,2
36916,2
11442,2
7995,0
37085,3
32812,2
10060,3
29115,2
23261,16
31324,2
2755,2
34603,2
8507,2
16033,3
32639,2
23100,1
14459,2
23519,1
338,2
6082,2
2270,2
28436,2
14815,2
101,2
29255,2
32525,2
35212,2
6114,2
6479,2
33708,1
13169,2
11206,2
10711,2
23228,2
31174,3
27777,2
36681,2
34423,2
16905,2
8912,2
1891,2
21537,1
17652,2
910,2
13332,2
6295,1
36620,2
2273,2
7222,2
13743,2
19534,2
28451,2
27860,1
9552,2
32421,2
7156,2
33910,2
14878,2
7183,2
32897,2
19684,1
29620,2
1877,2
3542,2
32182,1
102,2
10689,2
32124,3
103,2
23434,2
27401,2
22125,2
105,25
14642,25
9586,25
28427,25
20132,25
21566,25
17580,25
12657,25
26265,25
968,25
21732,25
17578,25
11038,25
106,2
25367,0
15062,2
24061,2
108,2
16385,2
27593,2
9238,1
33152,2
24409,1
22071,2
33485,2
31729,2
35061,2
1948,1
25507,2
20322,2
5673,2
11710,2
30003,2
24473,2
32572,2
12534,1
12978,2
17126,2
23817,2
15541,15
109,2
11085,2
16954,2
24905,1
25777,2
110,1
5188,1
27903,1
14021,1
22341,1
111,5
27106,5
23471,5
112,1
37104,1
113,14
2521,14
2348,14
8459,14
25783,1
25401,3
11793,3
35816,3
4128,3
5647,2
10844,3
6628,5
31328,3
12442,3
114,1
16315,1
32134,2
23932,1
5547,1
30101,1
115,2
14352,2
26261,2
20100,2
31631,2
116,2
17395,2
24733,3
12209,7
3665,2
2993,2
7195,2
117,2
26843,2
9667,2
118,4
24504,4
27669,7
36101,4
19765,4
119,3
20731,1
34316,14
21300,2
4275,3
24133,3
13013,3
4030,3
31509,3
22618,1
25398,7
1085,7
36940,3
4430,16
7979,3
22442,7
29199,3
12570,3
6571,3
10438,2
32346,7
23527,3
28890,3
36173,3
25752,3
14227,7
19936,3
8440,3
29319,5
19096,7
10450,3
23478,3
28755,3
13056,7
13058,0
20468,16
23112,7
35822,4
2328,3
30757,1
16080,16
13790,3
2806,3
33054,7
6031,1
29075,0
24743,3
9301,3
14670,7
23283,2
28777,3
13653,7
36819,3
21081,3
14228,3
9023,3
34402,3
9447,3
35968,16
31880,16
2096,2
7770,5
31829,3
7339,3
19012,2
4370,3
31764,3
21664,1
33018,7
5080,3
3537,3
19351,5
27029,3
33193,16
10194,3
255,3
19153,7
6599,0
15657,3
2410,5
37042,16
27038,25
12885,3
2718,3
26958,3
5224,16
21406,16
22282,12
32411,3
6945,1
18558,7
26901,7
8518,3
2281,3
16578,3
34861,4
27051,3
31115,3
31197,16
5879,3
23050,3
26463,2
5366,3
11531,5
34785,7
35601,7
23798,1
18043,16
30483,5
32100,7
34399,7
33222,2
31725,0
22875,3
120,2
27072,3
8225,3
2164,2
22329,3
9455,2
25102,3
937,2
3131,3
11018,3
8946,7
13789,2
34298,3
5943,2
18035,2
121,3
36339,3
26699,3
122,3
17617,3
35486,3
13024,5
124,1
16680,1
5210,1
21425,2
494,1
29741,5
31345,2
8141,1
6307,1
125,1
7037,1
17335,1
7622,1
25291,1
10081,0
35335,1
17722,1
28288,1
33970,1
27048,1
32649,1
10407,1
5013,1
28005,2
126,2
35417,2
23733,7
14954,2
35865,2
31354,2
16639,2
127,16
22898,16
128,3
10397,3
129,0
16475,7
8093,2
29589,0
3658,0
4350,3
24252,0
34456,3
10523,1
1619,3
130,1
30881,1
561,1
15990,2
32165,1
131,5
22504,5
7607,5
34355,5
34696,2
26568,7
23491,7
31373,5
11227,3
23591,5
9992,5
30360,5
19605,5
27951,5
22832,7
1316,5
13553,5
1821,3
20860,12
15750,12
30936,16
11129,1
1853,16
8245,5
34227,1
134,3
21901,4
4942,3
7394,3
10432,3
4569,3
6421,3
25907,3
9006,3
19656,3
22503,3
135,16
26409,16
30047,7
15861,0
136,5
8637,5
23430,5
27424,5
32362,3
35088,2
9166,5
31247,16
14063,3
31064,3
16392,3
32600,3
26105,3
24735,3
9040,0
1811,3
32206,3
33848,7
4001,1
3160,3
31785,3
26223,5
23617,3
28465,16
19752,1
13995,1
26570,3
1808,3
18682,0
138,2
6137,2
26996,3
1789,3
139,3
2237,0
19217,7
27250,0
9428,3
17084,3
35590,3
23013,3
27040,3
140,3
5194,3
16336,3
2683,3
19483,3
8716,3
36584,3
6086,3
25725,3
28940,3
35734,3
557,3
24040,3
23400,7
13028,3
15814,1
4855,3
37471,3
9506,3
13983,3
3336,3
33995,0
6716,3
5907,3
18786,5
34074,3
18866,3
6000,5
4674,3
33489,3
9775,5
6997,3
142,25
1726,2
19300,25
17649,25
143,7
3624,7
2315,7
12509,7
26343,7
2590,7
145,0
22389,0
146,2
22137,1
23534,2
8880,2
37682,2
147,1
21851,1
148,16
26499,2
19712,7
20548,16
149,1
18053,1
9834,3
150,3
21411,7
5231,3
30762,3
3027,2
5800,3
32098,3
151,16
32729,2
22888,16
152,2
28970,2
4016,2
35660,2
153,1
154,5
36909,16
35213,5
6954,3
155,2
37134,2
156,7
7710,7
32936,7
26007,3
17342,7
3677,12
25844,7
5199,7
26734,7
15333,3
157,1
30468,1
35926,1
15394,1
13910,1
158,2
16498,2
159,2
13421,2
9520,2
9721,2
35829,2
2796,2
2614,2
16524,3
25441,2
19675,7
25143,2
19333,2
20049,2
30724,2
31219,2
32914,2
35158,2
8581,2
6871,3
7890,2
12336,2
22932,2
13833,2
20193,2
28434,7
34046,7
34124,2
19951,2
298,3
28077,2
33283,2
2601,5
2948,2
15669,2
17677,2
32509,2
2810,3
8931,2
5319,3
24161,2
4948,2
2084,2
28474,2
24718,2
11877,3
34075,2
35211,3
35698,2
23453,3
28944,2
30650,2
21318,16
8903,2
19981,2
27631,2
3416,4
29656,2
16042,2
7775,2
24369,2
24431,2
31131,3
9042,7
11537,2
13413,2
12407,2
260,3
16567,2
12963,2
11394,8
32559,2
15321,3
3293,2
29598,2
31192,16
37522,1
23649,2
16021,2
1418,3
11182,2
10179,12
18785,2
18491,2
17010,2
26918,2
232,2
6183,0
16166,2
33678,3
30549,2
31802,2
2729,2
160,3
21754,3
26579,2
16101,2
29391,2
4609,2
22545,2
31713,1
162,3
29655,7
6957,1
6729,3
11288,3
13751,2
163,1
26635,1
15520,1
164,3
5751,3
17022,3
33057,3
26240,3
5817,3
18254,3
165,7
20380,7
12356,7
167,1
14796,4
168,0
25630,0
17850,0
26662,2
16390,3
19619,0
12650,16
21840,25
18663,0
30465,0
18263,5
31520,3
10638,1
9819,12
26881,0
37350,0
12681,7
2376,5
17600,1
169,1
170,16
32580,16
35714,16
20095,16
172,2
36771,2
173,2
10427,2
13303,2
174,3
10323,3
27719,3
6886,7
5362,3
4426,3
33469,16
175,3
19063,3
21203,7
15591,3
27824,7
7302,1
19080,3
29193,3
28961,3
15156,7
5457,3
31630,7
3306,3
176,16
22110,16
177,25
27685,25
35681,25
19384,5
893,25
22782,25
178,3
19927,3
1551,3
17576,3
33183,3
20581,3
21802,3
4021,5
33401,2
25258,3
11732,16
25286,0
32707,3
9964,3
5402,3
24993,0
4297,3
12903,5
33206,7
2472,3
11320,3
12613,0
23555,16
29715,4
22353,3
35466,3
13063,3
20506,7
13365,3
11349,0
33463,3
31141,3
31089,3
12794,3
19508,3
16275,3
33216,5
35307,3
36289,1
19426,3
4468,3
27302,3
21946,16
16253,3
10030,3
5772,3
26415,3
2309,2
5479,16
9407,3
1681,3
3143,0
2129,3
35311,3
21432,0
16095,1
7360,2
18624,2
21441,0
6528,3
33736,3
5367,16
13379,3
2152,12
33069,7
8329,2
180,16
15748,3
2483,16
181,3
23853,3
2561,7
15241,5
12071,2
13663,3
25177,3
23879,2
34476,3
18410,5
6907,3
17933,3
12136,3
182,2
11802,1
29696,2
32216,2
32191,2
17123,2
8261,2
16859,2
20135,2
30607,2
35905,2
1643,2
4879,2
37678,2
12293,2
18745,2
36804,2
14045,2
5624,2
2326,2
36363,2
25272,2
18211,2
15675,2
28610,2
11536,2
8757,2
1427,2
23397,2
6968,2
10620,1
29701,2
10730,2
18949,2
183,16
10109,16
30946,2
32908,2
20058,2
28153,3
4184,2
185,3
17202,3
10402,3
6766,0
24334,3
31304,5
19631,3
19111,3
32233,5
8598,5
6900,7
18825,3
11242,2
35171,3
29975,2
186,5
27912,5
31278,5
1416,3
6095,7
349,7
188,3
29574,3
190,0
25152,0
8256,3
26506,7
28589,0
33112,7
18709,0
19021,0
35688,3
191,1
8054,1
192,7
15429,12
9892,12
24060,7
25958,3
28307,7
26455,10
31783,10
193,1
19888,1
18266,2
13811,1
37444,1
13598,3
31843,1
30836,1
12812,1
5294,1
23777,1
194,3
34385,5
5128,4
11723,7
28001,4
18381,4
11814,5
29188,0
26078,3
26191,0
22441,3
24561,3
18339,3
20227,3
27692,5
195,7
19962,7
1163,2
35794,2
25509,7
197,5
13641,5
34523,5
7105,2
37666,5
7106,12
30981,5
23856,5
19698,5
24552,5
4577,5
1409,5
11335,5
30935,5
86,5
9601,3
10568,3
34198,5
23008,3
9359,5
16406,5
37433,5
16268,5
19852,5
1575,5
19769,2
22650,5
29275,5
33804,0
29239,5
198,19
27517,19
6152,3
14658,19
32197,2
26888,19
199,2
200,3
24666,14
34207,3
8461,5
28503,3
201,25
29979,25
17585,25
3438,25
2275,25
19006,25
22699,25
22862,25
27043,3
23727,25
36718,25
30544,25
31133,25
26801,25
26516,25
27231,25
202,16
14148,16
30494,16
203,1
14381,1
5490,3
25469,1
19772,3
34449,1
33591,1
204,1
205,2
15054,2
37289,2
17099,2
206,2
13213,2
24228,2
207,16
23836,3
208,6
6965,6
14094,6
29526,6
24789,6
33114,6
21508,2
209,3
20063,3
1236,1
37072,1
211,2
212,1
213,2
34081,2
4562,2
16304,2
215,2
8979,2
20957,5
35357,2
27928,2
21397,2
12734,5
216,3
5124,3
12513,3
28595,2
28388,3
32714,3
217,1
37206,1
27273,3
364,1
3664,3
10827,3
30449,3
18331,5
8148,3
22425,2
27067,3
8723,7
2333,2
32885,1
22218,3
27723,3
2074,0
33062,3
18183,10
22370,3
10496,1
11534,3
17153,3
35456,3
31106,3
15192,3
218,2
6044,2
14319,2
7712,2
27291,2
16631,2
14613,2
5617,2
6544,2
33293,2
1632,2
588,2
24031,2
2579,2
27202,2
19982,2
14249,0
8321,2
20321,2
31039,2
4972,3
21501,2
2347,2
13647,2
26086,2
24677,2
16916,2
219,5
29212,5
25279,5
21881,16
24472,5
9635,16
20638,5
5859,3
24125,12
33010,7
33837,16
32129,5
852,10
28697,3
16843,3
2316,3
23903,5
24969,16
5009,3
9547,7
27629,25
220,2
221,7
20901,7
222,7
26810,7
26786,7
11105,3
223,0
10688,0
13022,0
15743,0
16907,0
27532,16
13594,3
13458,3
8228,3
15460,1
8191,16
15980,16
31563,16
23991,1
35749,1
22299,1
19890,3
19441,16
33768,2
36837,5
8464,3
22132,16
30232,1
20124,12
224,1
2635,1
12034,1
225,1
226,2
227,7
8330,16
30674,3
33338,7
31365,7
13245,3
228,2
35572,0
10111,0
18489,2
25007,0
7097,2
14198,0
36239,3
1573,2
8019,2
4422,2
20294,7
32624,0
26823,2
229,16
27395,16
230,7
24830,7
30956,7
13998,1
31099,3
23755,7
1852,7
33952,3
4756,7
34559,25
7317,3
12300,7
8061,2
965,1
363,1
35332,1
10739,1
6084,1
25510,1
33247,1
31616,2
32112,1
29560,1
28574,1
18486,1
22007,1
23576,1
8142,2
10497,1
34561,1
23706,1
8472,1
35236,1
8582,16
14018,3
29772,3
19905,2
20555,2
31969,2
30332,2
35253,3
20547,3
2075,2
6308,7
9678,3
29873,2
35599,16
18038,3
233,5
33020,5
14680,5
18747,0
28006,1
234,2
34030,3
5335,3
4905,3
20535,3
30513,0
2792,3
26923,3
21380,3
236,3
18135,3
29903,3
36209,3
23760,3
28601,2
238,16
18395,7
13857,3
21322,7
2495,3
240,3
26661,0
15258,3
21376,1
13504,3
2868,3
11850,3
14914,3
35032,5
17641,1
28064,3
27667,3
16483,2
33780,3
352,7
3784,5
36539,1
22151,3
31119,3
9688,3
4630,7
2375,7
241,7
1532,7
28118,7
16779,7
20974,7
19268,7
22359,7
26906,7
18751,7
242,1
16600,1
3378,1
1119,1
31384,1
30722,1
14052,1
243,2
19950,2
34169,1
6836,2
4290,3
11379,3
18459,5
31706,3
34271,7
7274,7
28212,7
2773,7
2073,7
244,3
11287,3
14414,5
17571,3
3752,3
33630,3
26457,3
34026,5
245,3
19416,3
24535,10
37540,10
246,1
35219,1
14593,1
33127,1
14865,1
13728,1
9210,1
247,2
248,1
24131,1
20780,1
6104,3
20177,3
30974,2
250,3
19302,3
6105,1
9945,1
9395,1
34747,1
16122,0
21390,1
252,7
36426,7
254,7
4411,7
22096,7
7442,16
2706,3
37458,3
1318,3
4730,3
29462,3
412,5
256,7
13675,3
257,3
34265,3
8008,7
258,0
31516,7
14296,0
26520,16
36869,5
259,2
506,2
18401,5
31060,5
2262,5
24539,5
24140,5
262,3
34522,3
19392,3
36389,2
36180,0
11948,0
263,5
3138,5
264,3
6189,3
28731,16
4687,3
21693,3
1840,3
265,0
2308,3
27976,0
30834,7
19389,0
31893,0
266,12
953,12
13883,12
13447,12
26770,12
29552,12
35051,12
27426,12
20517,12
34508,12
21436,12
7103,12
267,2
23449,2
268,2
19,3
269,2
19362,2
35780,2
36559,2
31336,2
27780,2
37150,2
4311,2
21979,2
17128,2
8364,2
15131,2
8520,2
33273,2
27270,2
11987,2
270,4
25113,4
2147,2
1013,4
271,2
24605,2
272,2
32587,2
11748,3
273,1
34427,1
19324,1
31497,1
35876,1
36164,1
3990,1
274,16
10184,0
5052,16
275,3
3427,3
107,19
7631,3
276,1
27843,1
14176,1
28532,1
277,3
12189,1
27671,1
13772,3
35116,3
32686,3
25364,7
34020,3
983,3
21145,3
32661,3
16778,7
278,7
10896,7
8232,3
16263,7
8441,3
36790,7
3463,1
22062,7
3590,7
26946,7
279,1
15024,1
29911,2
280,10
16765,2
36344,10
34791,3
24537,3
29397,16
20433,3
282,2
27941,2
13519,2
4240,2
9968,2
23354,16
9753,2
18435,3
24341,2
12404,2
11344,2
33423,2
283,16
17717,16
284,0
17926,3
27082,3
27608,16
1841,16
20972,16
286,7
15760,7
23616,7
287,7
2397,3
3361,3
288,2
4088,2
36540,2
289,1
15115,1
4818,2
10854,2
25239,1
29819,2
1017,2
4961,2
35955,2
19670,2
12062,1
2442,2
1880,15
28490,1
1631,2
27647,2
14696,2
8011,2
12748,2
2837,3
36896,2
11968,1
27518,2
24888,1
35474,16
26569,2
28398,2
28144,2
36774,2
19168,2
8783,2
32120,2
20698,1
33064,2
15705,2
10772,2
22843,2
17871,2
35521,2
166,2
27088,2
18967,2
292,3
1640,3
12247,2
1037,1
294,3
25149,3
18775,3
295,3
4796,3
296,16
12686,16
11373,7
5076,16
8324,16
19038,16
25288,16
18598,16
36989,16
21737,16
31928,16
21002,16
35208,16
11283,16
6952,16
31724,16
35807,16
297,25
9102,25
3509,25
12892,25
14967,25
24729,7
2497,25
3597,25
14395,25
25225,25
5680,7
24759,2
29331,3
6657,2
12133,3
20231,3
30756,3
6988,3
18309,3
32381,3
5628,3
34597,3
32215,2
37263,3
14924,3
32687,3
14189,17
8328,3
21471,7
18969,3
23840,3
299,2
36468,2
300,2
15862,2
10761,3
36957,25
11696,2
301,3
21637,1
17318,16
32311,2
25270,2
302,1
5315,1
303,2
31687,1
3887,2
10693,1
21461,2
304,5
14956,2
4163,16
305,3
26073,0
24402,3
30603,0
8107,0
18567,3
32726,1
306,7
30764,7
307,1
11768,1
27656,1
35152,1
12653,1
7882,1
15757,1
26167,1
4723,1
35949,1
184,1
20598,1
12231,1
18418,1
14038,1
20105,1
25999,1
3980,1
36741,1
1672,1
538,1
29388,1
15412,1
32138,1
4531,1
7714,1
20910,1
34315,1
4417,1
3123,1
1257,1
24291,1
30163,1
7446,1
30219,1
4513,1
12908,1
17515,1
30610,1
21983,1
23639,1
32961,1
30172,1
34673,1
2285,1
5896,1
36720,1
14712,1
631,1
27728,1
34849,1
34058,1
29271,1
27861,5
5015,1
4007,1
33850,1
31914,1
36788,1
30429,1
23676,3
26003,1
20785,1
5903,1
309,3
10266,16
31358,3
26281,3
6578,7
34515,3
2319,3
11191,3
37139,2
29789,3
23823,3
30965,5
15239,7
22553,5
26982,5
35137,7
25564,5
13347,5
31553,5
22995,5
11707,5
3867,16
23005,8
34256,3
14595,5
31602,7
9573,5
23509,5
18892,5
18456,7
25812,7
27739,7
33614,5
12168,5
311,3
18666,7
925,3
28639,7
1979,7
28217,3
6554,7
26860,3
313,3
5580,3
34162,3
314,3
17014,3
32082,3
14800,3
27895,3
20932,3
35828,3
315,2
3360,2
316,7
26880,3
37107,7
12803,7
317,16
37454,16
22827,16
318,7
28975,7
23680,7
36743,7
3860,7
319,16
34062,1
27177,3
20434,16
320,2
26238,2
29687,2
17030,2
31369,16
34128,10
22326,2
7048,2
21153,16
11977,2
4497,3
641,2
321,3
36128,7
37043,3
27233,2
10415,3
9752,2
12752,3
5696,3
8578,3
18114,3
26026,16
21689,3
36799,3
25163,3
15110,3
14098,7
322,25
30136,25
31920,25
323,3
21552,3
5948,14
1204,3
11651,3
11961,5
6115,16
17651,16
33274,16
18200,3
1777,3
325,2
17118,3
25360,19
8293,7
7363,2
20505,2
32097,3
326,3
10916,3
2828,3
37627,3
34690,3
32999,3
17702,3
13091,7
32761,1
4035,3
5072,3
25575,3
13836,1
680,12
3352,3
35085,3
31218,3
7354,7
19732,3
440,7
16424,3
5497,3
9837,3
12095,3
25221,3
12138,1
17899,7
35186,1
12009,3
14879,3
36423,16
1343,7
31404,3
35513,1
23129,3
31714,3
2859,1
15291,16
27931,7
15647,16
328,3
10742,3
329,7
21339,7
330,5
13208,5
32877,3
331,2
333,3
22294,1
18277,0
15709,3
22586,3
5044,3
17122,3
27419,0
30564,3
8375,1
334,3
21235,3
335,3
8611,3
12582,3
17186,3
18672,3
24616,3
2382,3
17596,3
25584,3
17484,3
36063,3
7835,3
30581,3
30460,3
336,3
35987,5
1780,3
17098,25
27893,7
36357,7
337,0
20591,3
27223,2
6686,0
11401,1
24175,7
31276,5
22994,3
32451,3
6345,14
35703,0
30193,0
3121,3
34424,0
4125,0
24118,3
6424,2
32066,0
25610,1
32157,3
16086,3
4393,3
15530,3
26911,0
12498,7
24155,2
8623,16
3684,0
27282,10
7942,5
3881,2
9065,2
27919,2
37346,2
14902,2
18689,2
339,3
12968,3
30878,3
340,1
5161,3
12461,1
361,1
341,16
20554,16
25830,16
33603,7
11851,16
34390,3
30285,16
342,3
34326,3
344,2
2803,2
345,2
36731,7
33162,1
4204,2
36028,16
6964,2
347,5
25062,5
348,7
26604,7
31129,7
26053,3
350,3
22446,3
25734,3
17430,3
351,7
18084,7
26732,0
10914,5
19138,2
26556,5
32539,7
26749,3
36201,7
27464,7
7411,7
20470,7
35284,7
12114,3
32819,3
1075,5
25677,7
19861,7
354,7
1949,7
7713,7
355,2
28400,2
24555,10
14863,10
2567,10
1526,10
358,3
16708,1
27641,3
12384,3
4076,3
7424,3
36629,3
10100,3
359,2
13122,2
3827,2
22259,2
28161,2
30178,3
35452,3
360,7
18362,7
16749,7
5389,7
15528,7
32530,7
34467,3
36285,7
34591,7
595,7
4094,16
34676,7
32404,7
23451,3
11969,3
1106,7
3645,25
27159,3
25235,7
34443,3
16347,7
34287,7
25318,0
34818,7
36385,7
29147,5
25259,1
13568,7
5358,7
19247,7
2425,3
22882,7
25166,16
26209,3
901,3
4200,1
23476,7
31325,7
26540,16
4360,1
36446,1
31772,1
20292,1
362,7
14318,7
13705,7
15485,2
6511,2
34150,7
2690,3
3388,5
17976,1
16276,1
14036,0
36661,1
30339,1
31681,1
22539,7
22668,1
18320,1
1030,1
33383,1
27793,1
24574,12
9198,1
17732,1
18116,1
1906,1
34349,1
21337,1
13273,2
28602,1
19645,1
31967,2
15734,1
14648,1
28429,1
4074,1
1786,2
19755,1
32480,2
30624,2
7181,2
16731,2
367,2
16128,2
6261,1
9021,1
31018,1
12988,1
9092,1
5589,1
8658,1
11177,2
369,2
2029,2
370,4
25122,4
12410,4
17792,2
22690,4
371,7
31376,3
372,3
373,2
12556,2
23907,2
20214,2
374,1
6575,1
20583,2
375,16
376,4
23588,4
19999,4
12732,4
14761,0
22216,0
4978,4
33350,3
1096,4
32764,4
27906,4
31483,4
27242,4
23279,4
33906,4
37351,4
35175,4
37584,4
20040,4
377,3
6187,3
378,7
13393,7
10434,4
36382,16
11921,7
6486,7
16788,3
15472,3
11397,2
36586,5
31154,7
33973,3
13236,3
16167,7
19845,7
6165,3
7897,3
30889,2
27053,0
21070,7
1801,7
33920,3
29454,7
33793,3
26727,3
379,1
1748,1
380,3
381,1
30861,1
382,2
383,2
31379,2
19805,2
29382,2
28122,2
28075,2
31292,1
24088,2
20657,2
8808,2
28340,4
10589,2
21926,16
1280,2
31121,2
11446,16
1265,2
12857,2
6635,2
16813,2
14484,2
6574,2
384,1
33204,1
385,16
386,2
9887,2
35106,2
15680,2
14528,2
9594,2
22134,2
387,4
12585,4
5264,4
388,7
33371,12
1607,7
19070,5
7210,7
26146,3
28934,2
17528,5
31266,2
34804,2
13301,2
2834,2
28283,12
30656,2
36373,2
21819,2
33953,2
22232,2
5200,2
20368,2
23694,2
1092,3
390,2
10933,2
391,3
392,1
25495,1
15755,3
10243,3
34970,3
5994,2
35370,3
508,3
26974,3
30863,25
21232,3
27963,0
35075,7
17486,3
26638,2
1459,3
28671,3
21462,3
22625,25
22019,3
28449,3
13472,3
4302,3
35970,3
403,3
27589,3
30368,3
33202,3
8379,3
18160,16
16741,3
28501,3
31677,3
23793,12
36810,3
4235,3
5045,3
36906,3
24397,3
35365,3
33367,3
394,5
7251,5
21659,5
395,7
1282,7
19229,5
397,12
6569,12
28593,12
33739,3
1500,3
11354,3
730,3
9199,3
37140,5
26609,5
8120,2
29114,2
3125,2
23629,2
2331,2
7449,2
19988,2
19682,2
24278,2
15590,2
13253,25
907,2
10133,1
26720,2
10803,2
14305,2
27813,7
35560,7
13454,7
16063,7
24331,7
14237,7
23922,5
15434,7
7395,7
18946,3
10731,7
23529,7
9958,16
14619,7
8417,7
2715,2
32926,7
3370,7
23281,3
13877,7
14631,7
19155,7
18827,7
15567,7
14980,7
25933,7
5600,3
18611,7
22865,16
24299,7
3044,2
26176,3
30658,7
6592,7
13932,7
23273,12
7675,7
25882,7
26682,3
27680,7
15816,7
17305,3
29543,7
18147,7
36090,7
6668,2
35882,7
24545,7
5813,7
400,3
10951,3
37066,2
25066,3
36912,3
401,2
22074,2
33416,2
13773,2
31977,2
28754,2
28294,2
37217,2
1858,2
19224,3
32036,2
25098,7
9266,2
4443,2
28371,2
12330,1
35830,2
32760,1
15797,1
24764,1
27560,2
22833,7
15570,7
29187,7
30221,7
17286,3
8512,16
16463,3
35844,3
4185,3
16182,3
9666,3
3829,7
29369,3
18932,3
31937,3
5964,3
19651,3
28663,3
25642,3
404,0
12884,0
15456,0
37032,0
405,2
33948,2
14027,1
406,2
17903,2
408,1
33189,1
3633,1
409,3
29896,3
14258,3
34242,1
8396,3
17676,3
15646,3
2177,3
4772,3
410,7
411,1
2861,1
2566,1
25669,1
33197,1
13019,1
29452,1
35867,1
30016,1
25422,1
26755,1
3394,1
16543,5
23162,5
22721,3
21816,5
20403,5
3208,5
7891,3
3578,5
14666,5
25005,5
17620,5
37234,5
32984,1
413,3
16174,3
31980,3
35922,2
10101,3
16181,16
26649,3
26956,7
19909,3
35128,3
16044,2
16823,3
414,5
22130,2
4197,5
415,5
7492,5
15183,5
29981,18
13882,18
35188,18
20777,2
416,3
6098,3
21811,2
7513,3
6247,3
24567,7
29078,3
8583,7
32506,7
22522,7
27173,3
27244,3
35899,4
33940,19
419,3
18651,7
6026,3
34906,3
420,1
37309,1
6704,2
20259,2
8394,1
33999,1
29805,1
18123,1
422,0
37529,3
35935,0
423,7
37145,1
28226,7
3103,7
11867,7
31352,7
32579,2
10902,16
424,1
2504,1
425,3
4447,3
7818,5
28782,3
22250,3
31505,7
15731,3
24376,3
26701,3
18805,3
30183,3
22919,3
452,3
12643,2
16469,3
1856,3
35296,5
10579,7
9453,1
426,2
36088,2
35706,2
13554,16
27013,3
30301,25
427,8
9146,8
26320,8
5642,3
37632,8
428,5
1997,5
429,2
35942,2
8487,1
37402,7
15405,3
14565,7
10440,7
430,2
35673,2
788,2
27933,2
26827,1
27047,2
25458,2
6731,2
18881,2
431,1
2774,1
33640,1
432,5
29593,1
1191,10
2836,5
26288,10
19244,5
30500,5
8163,5
24490,1
20931,5
1071,5
17807,1
708,5
36070,5
433,3
1333,3
6541,3
434,2
6760,2
16422,2
435,2
19992,2
436,16
2627,2
7834,2
31450,2
26683,2
27160,2
17452,2
32576,5
29393,5
438,1
21447,1
36208,1
35522,1
22051,1
27497,1
439,25
35747,1
28749,3
12436,3
22732,25
1723,5
28310,25
20589,7
23810,25
9744,3
3182,7
36665,3
35944,5
10712,3
19711,3
4941,7
18766,7
2857,3
34713,16
16689,1
34269,7
5725,3
34627,7
33134,3
37094,7
13838,7
36547,7
29850,16
441,2
35645,2
8271,2
442,2
25796,2
17740,2
1832,3
21309,2
26303,2
443,3
5191,3
21143,3
444,7
3761,10
14586,16
17530,7
17063,2
37651,1
30214,3
5048,10
31114,7
24712,3
445,16
26831,16
30457,16
446,1
15643,1
447,7
13083,3
30759,7
36581,7
25010,7
19029,7
35393,7
448,7
35358,7
3832,7
449,1
450,2
23379,2
2330,2
3146,2
35403,2
34300,3
1160,2
4069,2
5290,2
6980,2
14026,2
20729,2
36250,2
29949,2
35786,2
31004,5
24662,2
451,1
17034,1
3019,1
3398,1
37082,3
19669,3
6691,3
19633,3
30265,7
32369,5
18951,16
28356,3
30537,3
20748,3
36288,1
20047,2
26315,3
5007,3
11834,3
32782,3
8577,3
8708,1
5017,3
34734,1
9278,3
4734,3
34045,3
15906,3
33956,2
15948,3
30492,2
2811,3
12122,3
17675,3
4131,3
25334,3
26527,3
34877,2
25185,3
15266,3
6177,3
26085,3
5130,3
3676,3
16118,3
8333,3
22248,3
33931,8
23604,3
19709,3
33075,7
7201,3
2361,3
33501,3
17900,3
20631,3
31255,3
22119,3
33296,3
16738,3
34445,3
5840,3
21270,4
10063,3
19411,3
23780,3
6804,2
37331,3
23190,6
18076,3
24072,7
24663,3
6246,2
3459,7
35768,7
6666,3
36568,3
15887,3
9780,3
30706,3
32016,3
27809,3
16453,3
2728,1
4953,16
3426,1
2402,1
34856,1
7798,1
28859,1
454,10
2432,10
18742,10
35916,10
455,25
6309,7
29468,25
24180,25
37440,3
10182,1
36337,0
35272,25
34778,16
16825,25
456,6
13856,6
21036,6
18498,6
28932,6
33949,7
2481,3
457,7
30839,7
6344,7
35569,7
18199,7
34988,7
10271,7
36514,7
12574,7
27128,7
4389,7
19446,7
28822,7
30587,7
35785,7
3632,7
18814,7
18349,7
458,3
36272,1
28763,16
36744,3
459,3
2475,3
689,5
37305,3
461,2
556,2
462,16
683,16
463,7
27438,7
12444,7
25919,2
464,2
20168,2
11163,2
16449,1
466,3
37200,3
36298,7
467,2
17087,2
468,1
35907,1
35833,1
23436,1
24202,1
469,7
28517,7
37589,3
16043,7
11070,7
19264,7
24460,7
16451,5
25836,7
36231,25
31771,25
30158,3
2468,25
37560,7
7960,3
32293,3
19314,3
5452,3
472,2
473,7
685,7
5460,7
23978,7
4891,7
31205,7
6228,7
25359,7
30476,7
23329,14
26895,16
15544,3
474,2
12124,2
475,2
36978,2
27695,2
476,2
909,2
478,1
34138,1
17667,1
21262,1
13903,1
29725,1
34908,2
37279,1
23167,1
15638,1
11662,1
10543,1
34378,1
36428,1
480,1
25767,5
20647,1
23433,1
12392,1
36689,1
21635,1
12859,1
481,3
36548,3
18983,3
30791,16
21217,3
30942,3
482,2
17114,2
25678,2
484,3
5917,3
485,16
486,2
3053,2
11561,2
487,3
6475,3
488,1
489,3
16752,3
490,1
20978,1
36953,1
15902,1
491,5
37019,5
33571,5
23549,5
19567,5
18130,2
1167,16
492,16
2714,16
3822,16
12299,16
29637,16
6835,1
13738,1
30710,1
18394,1
7399,1
1164,1
36528,3
32487,1
29498,1
36839,1
7412,1
12525,1
34510,1
12038,1
13185,1
6862,1
10882,1
24130,1
28073,1
6872,1
9691,1
22312,1
4061,1
23563,1
9825,1
33904,1
37138,1
14356,1
8275,1
2028,1
24395,1
35514,1
21776,1
14093,1
17834,1
8020,1
7459,1
30176,1
7462,1
28334,1
8024,1
1795,1
5765,1
7473,1
19577,1
13545,1
36745,1
9330,1
1737,1
18197,1
33957,1
21823,1
31364,1
16327,1
3010,1
23327,1
36545,1
23035,1
33822,1
24514,1
37210,1
22779,1
32149,1
30848,1
29685,1
10971,1
17993,1
27052,1
34651,1
1297,1
1867,1
9239,1
35291,1
7540,1
32754,1
17929,1
1876,1
24837,1
16757,1
12743,1
26636,1
34917,1
15632,1
8122,1
20180,1
6436,1
9910,1
2194,1
34689,1
7004,1
4178,1
9279,1
900,1
32158,1
14503,1
21343,1
11637,1
1924,1
31885,1
5313,1
7602,1
20795,1
27808,1
15238,1
25498,1
26092,1
8515,1
21374,1
4767,1
22541,16
26710,1
4775,1
25960,1
29135,1
13976,1
34455,1
33639,1
19538,1
25517,1
32245,1
22562,1
35397,1
13986,16
25526,1
33008,1
10506,1
29723,1
1403,1
5649,1
30988,1
19738,1
1895,1
28536,1
19745,1
11624,1
13098,1
11715,1
29763,3
21435,1
36096,1
19192,1
27981,1
14609,1
3756,1
15756,1
35788,1
31661,1
34534,1
27103,1
35457,1
37407,1
24414,1
33396,1
11160,1
32085,1
17911,1
4137,1
19225,1
736,1
26200,1
15435,1
9981,1
36144,1
14790,1
22645,1
31701,1
7154,1
8310,1
18133,1
8854,1
22854,1
1496,1
37466,1
12920,1
12926,1
29485,1
13524,1
28040,1
19832,1
16957,1
16383,1
4351,1
23242,1
14099,1
37170,1
17587,16
27461,1
16973,1
3455,1
11822,1
14894,1
34261,1
24842,1
11828,1
25080,1
31136,5
28668,1
23335,1
12971,1
27044,1
4952,1
29293,1
14132,1
24078,1
27828,1
7233,1
21559,1
21228,1
28100,1
17007,1
28230,1
32427,1
7810,1
6223,1
3310,1
18795,1
1584,1
19339,1
285,1
14161,1
13016,1
20252,1
10713,1
36933,1
18236,3
14773,1
13609,1
7837,1
10116,16
12467,1
36459,1
16616,1
10122,1
14180,1
19928,1
2783,1
18260,1
28238,1
11326,1
6723,1
7852,1
23485,1
7282,1
22797,1
8451,1
30744,1
30612,1
28759,1
9572,8
21074,1
22766,1
27205,1
24609,1
17695,1
6763,1
24963,1
30643,1
1091,1
32531,1
4230,1
19986,1
34781,1
36092,1
27024,1
27620,1
12541,1
34682,1
23850,1
5085,1
24648,1
20387,1
35096,1
15296,1
8717,1
25106,1
465,4
15453,1
26446,1
3451,1
17044,1
16020,1
9084,1
31473,1
25262,1
19474,1
30082,1
14298,1
27183,1
23316,1
3469,1
19504,1
14895,1
495,3
29994,16
34812,3
22638,5
37048,2
22234,3
33239,7
6921,3
16911,7
33914,3
29276,3
23456,3
22967,3
30736,12
34480,2
496,3
12014,7
2953,3
26580,3
17196,3
10071,3
16972,7
497,3
30260,3
15104,0
20280,2
17786,3
498,3
499,16
34206,16
500,7
19028,2
32299,7
501,0
17996,0
20815,1
19099,3
32283,25
22196,1
16154,7
503,2
32835,2
18927,2
28489,2
6394,2
532,1
1784,2
19025,2
7635,2
30676,2
2925,2
31000,1
19968,1
8466,1
20582,1
12306,1
14095,1
1445,1
10605,1
2321,1
12597,1
18838,1
9465,1
26879,1
24482,7
6280,1
16105,1
14417,1
4873,1
7278,1
25539,1
14963,1
36561,1
16338,1
4817,1
24532,1
17311,14
35325,1
25132,1
505,1
3162,1
1942,2
17323,2
3757,2
34628,2
20165,2
31468,2
2907,2
26478,2
3766,2
5698,2
34710,2
21033,2
34187,2
5714,2
12477,2
34200,2
29584,2
15532,2
18136,2
28909,2
3938,2
28142,2
5597,2
11935,2
15587,2
29092,2
20523,2
8341,2
10810,2
20528,2
34594,2
15568,2
20766,2
23901,2
2850,2
19255,2
18464,2
24212,2
35028,2
10066,2
27584,2
23642,2
13426,2
9352,2
17142,2
26493,2
33537,2
13440,2
13722,2
706,2
24363,2
17840,2
507,2
25057,2
15913,3
20750,3
25714,3
24593,3
13076,3
4707,3
19002,3
7528,3
509,3
3039,3
6591,5
30540,3
21171,3
33241,5
8756,5
17394,3
28795,16
34317,5
9325,16
34844,16
29721,7
16623,3
36680,3
10295,3
6940,5
16858,2
21757,3
13708,3
22884,5
29976,7
16691,3
3031,3
13697,7
16003,3
510,16
11960,16
511,7
512,1
16395,1
6011,1
28776,2
513,1
12280,1
514,5
3520,5
30151,5
4541,3
34922,5
18218,5
515,3
9705,3
31104,3
27603,2
8327,3
34964,16
7081,3
30387,3
516,1
31097,2
15929,1
517,5
15566,5
31003,1
14168,1
7426,2
11861,8
24667,1
28162,2
11595,1
2905,1
519,16
16346,16
2551,3
520,1
521,2
25839,2
56,2
15384,2
24736,2
522,5
9130,5
698,5
11783,5
17954,25
648,3
1765,3
7491,3
1525,5
19895,3
523,7
16089,7
36987,2
2443,2
30611,2
864,2
1469,2
525,3
526,1
15911,1
527,10
18346,10
16506,10
31589,10
30104,10
528,8
33776,1
529,25
10661,25
2284,3
31442,25
37058,25
23467,25
855,25
31235,25
531,5
36105,5
35331,3
9633,5
20840,5
27907,1
4395,7
34709,12
19326,0
12854,5
20296,5
7598,1
4881,1
18014,1
20925,2
33291,2
29121,1
19683,2
4081,1
25250,2
4376,3
32987,1
25569,1
533,5
534,2
28087,2
535,25
3402,25
23468,25
26933,25
856,25
18446,16
24105,16
537,12
7629,12
9975,12
3250,12
17796,12
18439,12
539,2
21311,2
17174,2
33716,2
23647,2
31367,3
6740,2
24398,2
31680,1
4112,3
36772,2
15966,25
28913,1
2420,1
24085,1
28359,1
542,1
35577,3
28905,3
2872,3
544,3
11924,3
16178,3
33840,0
11676,7
17420,3
28578,3
545,7
22670,7
21088,7
24910,7
597,7
8420,7
546,1
20301,1
16067,1
1093,1
20502,1
26420,1
16868,1
37147,1
547,2
18634,2
27595,1
33453,1
548,1
17384,3
10965,1
11069,1
28384,1
24919,1
35658,1
549,7
35677,3
23334,1
13618,2
7902,7
14124,7
16302,7
32319,7
32237,7
14929,1
24675,7
27174,5
23072,2
36845,0
23206,2
6796,7
550,3
37038,3
31391,3
551,0
17547,0
18869,0
13060,0
9452,0
25490,0
2158,0
552,2
1001,16
16974,2
29973,2
21752,12
29559,2
1935,2
5932,2
21368,3
27852,19
553,3
16038,3
16703,3
35847,3
27736,2
5494,5
28790,3
16270,5
23463,3
19154,3
31353,3
25911,3
30462,3
14307,3
554,1
9870,1
24808,1
28112,1
32641,1
17017,1
18765,1
13238,1
36376,1
555,1
32272,1
26096,1
19514,3
27983,1
8625,1
11406,1
8045,7
16098,1
23127,1
12618,1
6833,3
24856,3
23270,7
24008,3
26402,2
12738,3
6701,3
20798,3
17483,3
16975,3
28582,3
20050,3
1746,3
31088,3
27849,3
20559,3
22641,3
6108,3
7951,3
30307,2
35114,3
30133,3
1652,3
26169,3
7133,1
22729,3
10937,1
7591,2
19957,3
31259,3
1423,3
21125,3
34468,3
33854,3
21694,3
28333,5
10673,3
23160,2
29378,3
30271,1
7719,2
3961,1
1059,1
13221,1
562,1
37014,1
563,16
34991,2
32982,16
36415,2
7246,2
564,1
28959,1
565,3
566,3
567,3
7050,3
30890,3
12674,3
568,3
7276,3
16725,2
570,2
2045,3
10353,2
13410,3
11019,2
571,2
36224,2
9888,2
4256,2
12539,2
9081,2
29090,2
33788,2
11013,2
14289,2
1792,2
34485,2
572,2
23740,2
18451,3
1014,3
11979,3
28563,1
574,10
37616,10
7784,10
7534,10
13069,7
3558,10
14768,5
29868,5
32069,10
575,4
16946,3
576,7
11588,7
24000,7
8108,7
21208,7
27775,16
13292,3
3701,7
577,3
4156,3
27253,3
3235,3
12881,3
578,2
2548,2
29179,2
579,7
29392,7
580,7
19716,7
581,1
1433,1
31988,1
582,25
37044,1
25531,7
19290,1
25504,25
31015,0
35552,0
584,3
20839,3
586,1
34693,1
29739,2
32093,3
22127,3
29098,1
37470,1
17814,16
29403,1
21135,2
30115,1
587,20
34082,20
36322,20
36345,20
10534,20
15770,3
13658,2
12744,2
35437,2
18458,2
18607,2
589,3
6283,3
1224,0
19830,0
7090,3
5895,0
4975,3
20734,0
18213,0
4795,5
5465,1
23818,1
31979,1
593,3
6576,3
20927,3
1011,3
14534,3
23633,3
31730,4
2569,3
20562,3
1914,1
34891,3
14694,3
19283,3
36324,3
9889,3
33391,3
2701,2
22966,3
10799,5
22330,3
36174,3
12496,3
18305,5
594,1
36889,7
11705,7
23099,7
6487,7
11142,7
36030,7
32497,7
3016,7
19753,7
35464,7
30969,7
6088,3
29793,0
28612,7
17876,1
32018,7
1543,7
31252,7
5314,2
14606,7
596,3
3195,2
21931,3
33456,3
22901,3
36857,3
26427,0
31057,3
17621,3
28852,7
5832,7
23993,7
5737,7
6386,7
10482,7
9180,7
17454,7
4500,7
27764,7
598,1
33041,2
34393,2
36350,1
31339,2
600,2
4868,2
26964,2
1035,25
36968,2
601,2
1358,2
602,12
17252,12
30459,12
32186,2
604,6
22957,6
27979,1
8397,1
15176,1
9474,1
1182,3
29406,1
21950,1
605,7
21640,7
3572,7
27833,7
606,0
22089,3
27190,3
15994,3
14637,7
10416,3
607,0
24572,0
608,1
14587,0
30277,1
3970,1
23417,1
28677,1
6163,25
10169,25
10716,25
610,3
25322,3
37690,3
10868,3
21402,3
1967,4
18402,2
20246,4
25203,4
3724,2
12772,4
15514,2
694,2
612,5
20424,5
37259,5
7292,3
29131,5
613,2
22483,2
614,1
615,2
28686,1
616,1
16144,1
11983,1
618,1
4698,1
30592,1
2121,1
23958,1
13474,1
26647,1
28290,1
3032,1
25268,1
619,7
9604,7
10618,7
35542,7
28274,7
620,1
28881,1
621,1
11076,3
14719,1
13302,1
20353,1
33594,16
26765,1
622,1
13452,1
623,3
29534,3
22495,1
28314,3
15955,3
31743,3
37535,7
27227,3
26431,3
12237,2
8985,1
624,16
6625,2
28457,16
625,2
626,3
32380,7
33232,3
3781,2
25323,2
753,2
23511,2
32169,2
7145,2
28097,3
33872,3
12272,1
4251,1
29984,3
628,12
629,3
630,1
21194,1
26401,1
5302,7
18655,1
11939,1
28672,1
15874,1
33070,1
897,3
28907,1
29942,1
632,0
31149,1
33635,7
32610,3
21186,3
634,7
17875,7
7850,3
14212,3
31524,5
37488,7
16441,3
635,16
24273,16
5656,3
31309,16
25881,3
636,2
20120,2
637,5
638,7
11601,7
6168,7
24882,3
14982,1
640,2
6616,2
24716,2
34246,2
17037,2
35628,2
3030,2
28678,2
29269,2
417,2
3837,2
30664,3
7343,3
33422,2
20045,2
22706,3
5084,2
33233,2
686,2
28191,2
10892,2
33083,2
27934,2
21620,2
30573,2
20895,2
14057,1
15671,2
12714,2
7166,2
27278,2
31408,2
13204,2
11496,2
6181,2
642,1
34159,2
3345,12
29484,2
18654,1
8965,16
21097,7
23752,1
13310,1
20106,1
15422,0
33451,16
2912,1
14467,1
33334,1
19987,10
31900,1
29196,2
18453,7
16764,1
22093,7
9331,3
32796,1
15093,0
36881,7
179,10
8866,1
26061,5
3144,1
643,2
30727,1
644,3
33569,7
29553,3
20062,3
23919,3
13965,3
37629,3
31029,3
9773,3
14508,3
37436,3
8455,2
33585,3
647,0
26504,0
33947,3
14933,0
34359,0
5688,0
3429,16
7655,3
36314,3
15939,3
3447,3
9079,3
22501,3
24345,3
27754,3
34148,3
31594,3
36532,3
18187,3
36573,3
36388,3
649,1
845,1
650,7
3762,3
11305,7
2176,7
37474,7
2421,1
16236,7
8775,7
14104,3
14921,3
10587,3
25608,3
651,5
25576,1
652,5
29362,5
30528,5
653,3
654,3
9469,3
35920,5
655,1
15791,1
13317,1
27238,1
18492,1
29919,0
17227,1
2134,1
24932,1
29824,1
8529,1
656,3
29012,7
657,5
658,16
31508,1
35640,1
35680,2
23619,2
9144,3
659,1
660,0
27547,0
661,7
29174,7
7291,7
11911,7
22390,7
33744,3
19323,3
26180,3
22554,7
20890,7
31797,3
27742,3
662,1
663,3
664,2
12423,2
11791,2
22730,4
15138,2
29632,2
665,2
6850,2
23150,5
666,1
2159,1
667,2
21084,2
543,2
27060,2
13689,2
668,0
3945,0
669,6
6173,1
22417,1
1655,1
31919,1
7013,1
1992,1
23108,1
13114,1
1412,1
16473,1
15194,1
672,1
3111,1
22249,1
10209,1
4305,1
8824,7
29295,1
17961,1
20985,1
4559,2
29508,1
31868,1
8136,1
25798,1
673,2
35923,2
674,2
1900,2
13186,2
18185,1
29284,2
18917,2
18470,3
26902,3
22333,3
676,3
677,1
34697,1
678,7
28986,7
27834,7
18564,7
35009,7
679,16
13699,4
20398,1
14749,16
7150,12
681,5
24300,5
11685,3
682,5
23747,5
21018,3
7177,25
684,1
6061,1
19667,1
27980,7
31799,7
2471,7
14092,7
19767,7
28943,7
36113,7
20786,7
33330,7
9532,7
21712,7
21750,7
4539,7
19922,7
16726,7
10087,7
31419,7
36277,7
20122,7
7267,7
10164,7
9232,7
13994,7
33743,7
9624,7
11437,7
12606,7
24010,7
30990,7
3604,7
35034,7
20359,7
20295,7
32514,7
17879,7
25137,7
2231,7
22520,7
31176,7
34897,2
18436,2
17360,2
8834,2
23106,2
34833,2
22079,2
687,2
24226,2
688,1
10710,5
16213,5
3299,3
18206,0
36572,0
21303,1
6490,0
8086,1
24766,2
10786,0
14353,0
37253,0
19899,0
28768,0
30790,0
17355,0
7460,3
31035,3
13992,3
17593,5
36552,2
27662,1
8732,2
3466,2
17337,1
18737,1
26130,1
693,25
14279,25
25745,16
8399,16
4158,3
5591,3
26322,3
33715,3
16963,3
18996,2
4993,3
8346,3
32051,3
28202,3
13107,3
26252,7
16846,3
22231,3
9984,3
16423,3
20561,3
14207,3
29913,1
15603,3
13011,3
695,3
17166,3
27891,3
19804,3
30747,7
27731,3
4477,3
28300,3
6020,3
9132,3
30728,2
26312,3
17767,3
23867,3
696,2
30921,2
697,16
25806,7
35800,1
31935,1
699,3
20977,3
10644,16
22167,0
35344,3
8101,3
700,3
4713,4
3228,3
8902,12
6849,3
701,2
703,0
15269,0
37354,1
704,2
30184,2
12304,2
17889,2
4307,2
6946,2
16610,2
34086,16
24293,2
17711,2
17865,2
21632,2
9737,2
37026,2
27978,2
26928,7
9972,2
6678,2
17841,2
29879,2
26818,2
33835,7
33812,3
707,3
37606,3
16093,3
14610,5
31939,18
19276,5
11238,7
34247,5
35556,3
25656,2
15028,5
14338,5
14728,5
9397,5
8796,5
31637,5
26152,5
35919,3
26391,5
19488,3
28023,3
22247,3
18507,3
24400,0
33764,3
28869,3
32736,3
3874,3
22126,3
20320,3
34507,3
5631,3
6639,3
5005,3
7275,3
26417,3
36918,3
17508,3
5464,3
25683,3
10285,3
33896,3
30077,3
15732,3
23084,3
36332,3
32892,3
5111,10
36997,2
11812,3
26112,0
9710,3
24456,3
17130,7
710,2
14959,2
7047,2
6218,2
711,25
22583,25
3671,25
35073,25
8770,5
712,2
33631,2
713,1
10459,1
716,3
6764,2
25857,3
4114,3
6032,3
1857,3
3369,3
27553,7
27146,1
23090,7
27116,7
3953,7
23411,7
4266,3
21421,7
13783,7
13100,3
19985,3
23890,7
22076,7
12646,12
5046,16
18409,3
33683,0
26874,0
719,7
20010,7
36974,3
33362,3
1913,3
16686,3
10479,5
30395,3
720,5
33766,3
31043,3
3941,5
14700,3
29307,5
24843,5
16864,3
721,3
722,2
22265,1
723,1
724,1
14890,1
726,3
19327,3
5145,3
15154,5
17619,7
727,1
35262,1
30782,1
2352,1
19635,1
35911,3
2979,1
12741,1
25136,1
9866,1
9094,1
4378,1
12540,1
20092,1
12985,1
728,0
11328,0
7614,3
10267,5
3603,1
22731,16
14402,1
27580,0
23913,0
6825,0
30389,1
729,1
12596,1
8088,1
35738,16
31045,5
731,2
2722,2
35235,2
732,2
26825,2
28221,0
2258,0
733,2
17885,2
21047,2
22402,3
10108,2
21589,5
35288,10
23419,2
26253,2
17470,10
8596,16
18298,2
18416,10
35375,2
35343,10
11832,10
9959,10
26783,10
9582,2
32518,2
34282,2
13042,10
34065,10
26672,10
34257,7
33773,3
31282,7
4669,3
4392,7
9938,3
13704,2
17523,2
735,1
15580,1
17912,1
26899,1
6694,1
8157,1
30720,1
23311,1
10188,1
10503,1
22785,1
32571,1
10477,1
27539,1
21023,1
33235,1
737,3
22500,3
14346,3
27955,3
24302,3
738,7
9143,7
645,7
739,7
740,3
14019,3
21238,3
36834,3
16507,3
21711,2
8605,3
2461,3
34907,3
29038,3
11376,3
26873,2
20079,3
1537,3
3067,1
34607,1
25603,1
17352,3
15244,3
9075,3
35997,2
1486,3
24295,5
8843,3
26595,3
35180,2
2499,3
30466,3
36006,3
15181,3
22743,3
1211,3
6902,2
16163,3
35249,3
2137,3
1578,3
6191,7
22860,7
742,7
28211,7
35787,7
24275,5
4439,2
37009,2
33803,1
744,7
10876,7
36599,7
17496,7
4665,7
19160,7
745,2
23171,2
746,2
12235,3
30269,3
28645,7
27016,3
21768,0
1032,2
25876,2
36515,2
21269,2
33398,2
19151,2
14194,2
26971,2
5694,2
27565,3
8862,2
2456,10
9351,10
933,2
2805,2
10969,7
4546,2
25846,3
2153,2
2178,2
5187,2
747,12
36872,12
17210,19
28906,12
20628,12
35138,12
750,16
34857,3
13149,3
27023,16
36637,16
751,3
17932,3
25706,3
11505,3
1800,3
34511,3
35887,16
1751,2
11648,3
37591,3
27650,3
26511,3
20276,2
29912,3
28385,1
11649,7
7284,3
11204,3
5748,3
1863,7
5937,2
21845,2
17906,2
7089,2
22577,2
4015,2
14485,2
754,1
11312,1
36326,1
18151,1
755,3
2702,2
37195,3
31048,3
21497,3
757,7
20009,3
758,5
26321,10
21185,5
5574,5
34586,5
7321,5
759,2
29046,2
760,2
36098,2
31011,2
3214,2
22724,2
23955,2
18338,2
29710,2
12519,2
2424,1
12348,2
761,25
20150,25
762,3
763,3
764,2
5794,2
24727,2
10118,2
11185,2
1958,2
14957,2
15417,2
17027,2
21067,2
765,7
29303,7
28784,7
5388,7
28275,7
35400,7
5951,7
28819,7
7316,1
766,3
28611,3
3943,3
26306,5
18207,3
22106,3
767,2
37090,2
17662,2
14235,2
19018,2
1515,2
28549,2
30972,2
2660,3
11128,2
18488,1
770,3
27391,3
15355,3
5022,3
34302,7
13919,3
35998,3
14541,3
6447,3
20283,8
771,0
11130,5
28667,0
26399,1
9875,1
36118,1
30636,1
9121,1
35412,1
25069,1
25951,1
828,1
20551,1
14831,1
33513,1
31465,1
25688,2
7508,1
35494,1
8780,1
14738,1
15536,16
26738,1
30707,1
4597,7
19436,7
26542,3
22845,3
31423,7
37357,7
6196,2
20369,2
775,3
7319,3
776,3
22591,3
6322,3
6971,3
777,5
14769,5
12635,7
778,2
18256,3
779,2
12577,2
780,7
2662,7
781,3
3937,3
20442,3
18808,3
782,21
17071,21
37001,3
27140,21
37008,21
36566,21
3150,21
19754,21
23665,21
8489,2
4122,3
31053,3
22903,7
36225,2
18195,3
21527,3
3045,2
26326,3
31570,3
19833,3
30532,5
36279,3
7860,3
5988,3
19046,3
33945,3
4683,1
3233,3
12571,1
17573,2
26390,3
28365,7
27251,10
784,7
785,7
36077,7
17442,5
786,5
789,2
20210,2
5419,2
30380,2
2183,2
3135,2
33923,2
6865,2
6276,2
790,5
14144,5
30379,5
792,3
793,7
794,1
16627,1
795,1
796,0
10741,0
797,2
26963,2
5513,2
6175,2
37556,2
23861,2
798,3
23970,2
33986,3
2909,1
4741,3
18420,5
799,5
22378,5
11021,5
6434,5
19526,5
4428,5
36920,5
7364,5
800,3
4744,3
10494,2
35058,3
8899,1
2883,3
35613,3
1589,3
31511,5
20112,5
6208,5
35721,5
15694,5
15237,7
802,3
35789,1
14915,2
8165,3
18657,3
4458,3
31111,3
803,7
8200,7
8326,10
31198,7
12751,3
804,2
12190,2
26354,2
10609,2
805,0
10318,0
15549,3
6372,2
22400,2
15364,2
12178,2
28426,0
19520,7
16997,2
2882,2
28714,7
25847,2
1783,2
25115,16
806,2
6702,2
26646,2
807,2
20842,2
808,3
25451,3
809,1
810,0
15950,0
21158,19
27970,5
17613,5
17172,5
37544,5
16613,5
1453,5
26368,5
16618,5
13181,5
1461,5
6363,5
23239,3
28423,5
32304,2
26497,1
15096,7
22934,1
30870,5
1471,5
8458,3
1190,16
7721,5
13200,5
36158,5
16360,5
20361,3
4328,5
8317,5
2693,14
19263,5
33612,16
18398,5
28095,5
16106,3
8612,0
18812,5
35848,5
4638,2
4915,16
23881,5
33325,5
7971,5
22284,5
37189,5
27188,2
13007,5
14286,3
23623,5
8055,5
26280,3
22423,2
1266,5
29290,3
3637,5
10466,5
8389,5
19049,16
32733,2
25994,5
3876,5
30431,5
19624,16
32550,5
23441,5
16893,5
26012,10
17485,5
13009,5
37547,5
32943,5
26332,5
30895,25
17626,5
21593,5
25141,5
11000,7
34466,5
22480,5
30872,5
34038,5
2667,10
18046,16
29054,5
37282,5
34705,16
37288,5
25478,5
24877,5
748,2
27702,5
21287,5
26696,12
33564,3
34143,5
17936,5
30340,5
34666,3
27008,5
32196,5
11686,6
36365,5
22849,5
3399,5
18030,5
37451,16
9555,5
36707,5
14276,5
31623,5
20275,2
11114,5
10125,5
17412,8
13137,5
12089,5
35836,5
15469,5
7669,5
11415,16
35767,5
4802,1
4806,1
11790,1
5316,1
32220,1
13409,1
5712,1
5348,1
17242,1
14193,7
8958,3
1405,2
24719,4
12493,3
35593,3
894,3
19191,2
5945,3
13868,3
2409,7
23586,3
815,2
34859,3
35843,2
13582,2
15109,1
31401,1
12144,1
30342,1
10794,1
816,16
27447,1
30721,16
31058,3
13482,3
819,1
18496,5
36618,5
21256,5
4845,4
28036,4
822,1
5279,1
8787,0
20808,3
37164,0
4165,0
13230,0
19736,0
29567,1
2780,0
2085,0
4635,0
10228,0
37108,2
21026,0
23897,0
7947,0
1645,0
11417,0
824,2
23609,1
32515,1
825,16
32573,1
5693,5
14127,16
3142,3
826,3
827,3
32564,0
31926,7
3256,2
11029,16
4884,7
33080,7
8390,7
7611,7
9368,7
24628,3
32913,3
10921,3
830,3
17057,2
23276,3
17945,3
12844,3
13803,3
10431,7
14960,3
7431,0
20963,3
22968,16
26336,3
833,0
22701,16
36102,0
34595,0
4922,12
3081,12
15961,12
836,3
2896,3
33596,3
4133,3
26335,3
15751,3
837,1
7198,1
30372,1
28575,1
12287,1
33217,1
26369,1
17909,1
32188,1
35324,1
11576,1
14774,1
838,1
13336,1
1689,18
5019,7
24862,10
20053,10
23253,10
30365,10
839,2
29137,2
840,2
12992,2
841,3
9434,2
6204,3
36081,3
15216,3
11277,7
23144,7
21966,3
35886,0
17270,3
33435,7
5860,3
843,16
11729,16
34661,16
844,2
34107,2
18500,1
5001,1
7905,1
2039,1
847,2
6064,3
19825,1
35450,1
26784,1
33195,1
30882,3
25883,1
20330,1
3226,1
21165,1
2056,1
14515,1
4754,1
12627,1
15251,1
10559,1
19587,1
25029,1
33915,1
13210,1
5744,1
26228,1
2672,1
25043,1
27521,1
28128,1
27749,1
22996,2
962,1
16412,1
24790,1
20529,1
36544,1
5271,1
6659,1
8942,1
16733,1
36894,1
20469,1
7807,1
18215,1
24934,1
32436,1
20826,1
22712,1
30553,1
22455,1
31813,1
27823,1
5841,1
22762,1
25599,1
21034,1
20226,1
2439,1
37267,1
29041,1
19375,0
30694,1
28248,1
24049,1
27566,1
11034,1
15883,1
21622,1
25772,1
30186,1
5900,1
21877,1
23744,1
1145,1
2516,1
4759,1
32202,1
19432,1
30230,1
33525,1
16264,1
9605,1
5634,1
26189,1
19894,1
25551,1
26726,1
2556,7
34646,1
24647,1
22567,1
27929,1
9495,1
2575,1
36927,1
32331,1
12813,1
27123,1
14299,1
21914,1
16290,1
17155,1
849,3
850,1
10633,1
12773,2
18140,1
851,1
867,1
15001,2
9168,10
4008,3
32526,3
15484,7
17100,2
17930,2
34944,3
21418,3
15843,10
21112,10
20681,2
7241,10
15375,2
16801,10
37146,1
31692,10
34142,10
15147,10
22000,10
12076,7
1006,16
32101,5
16727,10
15825,10
853,2
854,3
23778,3
31674,3
35589,25
30137,25
30276,7
30309,25
857,16
4208,3
29839,7
20409,7
858,2
9637,3
34103,3
6207,1
860,2
33115,2
24996,2
27115,2
27628,3
1228,3
13360,2
7259,3
1661,2
36551,2
30378,2
10732,2
6793,2
30306,2
15361,2
5103,1
33963,1
5446,3
36761,3
5777,1
34650,1
862,7
30311,7
7073,7
3947,7
863,2
20340,2
30697,2
9569,16
1517,2
22558,2
20914,3
2942,3
29067,2
17597,3
866,2
36726,2
868,3
2787,3
24632,16
21345,16
8082,7
37361,16
26021,16
5051,3
870,7
36511,7
23331,7
21381,7
29748,7
22237,7
31070,16
871,1
21129,1
25179,3
29948,1
14652,1
36183,1
872,2
873,2
11578,2
10401,2
874,7
8609,2
27457,7
4162,7
36785,3
31071,2
6713,2
876,2
877,3
2323,3
878,5
24018,5
879,7
3513,7
20204,7
880,3
24868,3
881,19
882,16
883,2
10014,2
14972,1
884,3
34674,3
17103,1
17467,1
9044,1
9482,1
13119,1
6023,1
35608,1
9761,1
21323,1
14873,1
30805,2
17795,1
26921,2
25342,1
15403,1
25922,1
29521,1
887,0
35939,0
10611,0
889,3
14420,3
32432,3
34531,3
28572,2
36287,2
20923,3
21102,3
22225,3
14187,3
18589,3
890,2
891,2
5661,2
11771,2
26957,2
6626,2
892,7
2589,25
15899,25
10102,7
20871,7
21019,25
10332,3
1523,25
11380,3
5987,18
32608,25
5781,25
4785,25
31062,3
21615,3
27773,25
33511,25
524,7
10941,25
14578,7
16709,2
1124,7
20437,25
25547,3
11885,16
25024,25
23199,25
817,7
15686,25
29296,3
27596,5
5920,3
24973,5
15065,7
6562,7
36451,12
8175,3
35682,3
1331,3
37565,3
895,2
16753,2
19346,2
13463,2
22749,3
15898,3
3446,3
22624,3
37490,1
17522,7
9933,3
26824,7
898,5
34136,3
21173,1
899,1
29884,2
9727,1
37541,1
16431,1
17782,3
15342,1
16611,1
12594,3
17179,1
2915,7
36343,7
25430,3
9680,3
6618,0
29426,3
24124,0
31372,0
14336,0
30734,12
29063,7
35090,3
7059,0
16640,0
11471,5
14945,0
17429,3
28318,0
11488,0
24160,3
10912,3
2372,0
36488,0
12083,3
12086,0
34566,1
25747,0
10329,3
31374,2
18443,0
6601,5
1238,0
10938,0
37092,0
13316,3
9193,3
19026,5
14686,3
5796,0
20704,0
16715,0
8081,7
18903,0
4416,0
24233,0
29430,0
4212,0
1559,0
10315,0
5252,0
14443,7
23668,12
1654,5
11644,0
25880,3
9799,7
19641,3
9803,3
23077,0
23688,0
8571,0
26031,0
19883,0
15640,10
34023,0
21886,2
20799,0
9817,0
17797,16
19090,0
18450,0
25470,3
22855,0
27854,1
32793,3
19106,3
20726,0
12780,1
32170,0
14518,3
26075,0
2049,0
5905,7
30943,0
2092,0
11657,0
27255,3
10082,0
19131,0
9907,1
3117,0
15139,1
36043,1
36458,0
29923,0
8767,0
4223,3
7716,7
32857,0
26116,0
14568,3
23544,0
2557,0
7067,0
22858,1
17550,0
23178,0
10509,1
10792,0
9906,12
11695,3
10003,12
31803,0
21775,12
19621,0
15655,1
12282,7
22171,0
12289,3
16169,7
30775,3
22595,0
36100,8
26172,0
23983,0
21452,3
29582,0
15775,12
28392,7
15411,3
10575,12
29201,0
19787,0
34190,7
14049,1
30443,0
21472,0
36142,3
27427,3
31834,12
36901,3
5420,6
22067,0
13514,3
8885,12
17534,0
3236,3
23863,3
24461,0
29229,0
34232,0
10631,1
34888,0
4909,1
4916,0
1519,1
15838,1
8901,3
950,0
34253,0
5475,0
8351,7
21719,0
31348,7
32391,2
31299,1
5481,0
32618,0
3187,3
10815,3
17582,0
17594,4
28882,0
35580,0
14736,0
6669,2
11857,25
7804,0
20007,0
18622,1
20272,0
35636,0
4982,3
1586,1
8023,0
7826,0
19917,0
2772,1
30576,3
2179,3
25145,0
10724,0
28733,0
17141,0
15145,2
21892,7
11903,3
22207,0
30606,7
22211,12
14441,3
4682,7
14803,0
6274,0
36282,0
16504,7
5584,0
22807,0
13070,3
6751,3
22227,7
14818,0
11614,1
7318,0
22825,3
33789,0
13049,3
23277,7
33166,3
19386,3
16540,3
30036,1
18212,0
2973,0
9089,0
35077,10
17726,1
14262,0
16556,0
12546,3
4517,1
23513,1
22680,7
27635,7
35999,0
27046,21
34029,3
7361,2
37056,0
144,3
13711,0
4361,3
26447,3
4000,0
24737,3
20861,2
35092,12
2302,1
17763,0
7297,2
28851,0
35124,1
37325,5
5308,3
13740,2
32297,3
27075,3
35735,3
12753,3
14511,12
1201,10
22802,3
21106,3
903,1
6720,1
6214,1
905,2
37503,7
13457,2
13475,2
35509,1
26987,7
37340,3
19702,2
4332,7
37336,3
906,1
33267,1
27830,1
32853,2
908,16
29132,16
13295,1
6216,3
13737,3
911,3
912,7
13931,3
11661,7
5573,7
3812,7
29693,7
26731,7
28355,3
9491,7
2357,7
4254,7
25902,7
28236,7
29072,3
23339,7
29311,7
22515,7
35595,7
10944,7
913,3
16985,3
22542,3
26508,25
9650,3
32513,3
32222,3
21280,5
23738,3
28297,3
914,3
13283,7
18232,3
22297,16
25354,7
37571,7
15090,3
18438,3
4201,3
6880,3
916,2
917,2
10337,2
8898,2
919,7
5309,7
920,3
7816,3
8546,3
13622,3
21307,7
7754,1
2835,7
37404,3
13810,3
1599,7
17799,3
9911,7
3157,3
22042,7
30493,3
9298,7
14743,3
26185,10
9611,12
31076,2
18124,2
4271,2
16272,7
19696,2
19858,2
33652,3
921,1
922,0
24387,3
30343,1
3356,1
36349,3
3100,0
30772,0
30655,0
923,7
32750,7
37557,7
924,3
16890,3
12127,3
33120,5
35134,1
35251,3
34720,3
6125,3
918,3
926,14
5223,7
927,2
27293,2
23916,2
10444,16
3051,3
1881,3
21491,5
6209,2
8431,2
12290,1
29161,2
8729,16
8746,3
3090,5
35603,2
18512,3
930,4
31323,4
16343,4
1917,4
35731,4
6269,4
22360,4
9357,2
36592,2
28089,2
36425,2
25727,2
8576,3
9459,3
934,1
35483,1
4296,1
31773,1
22819,1
29168,1
19533,1
31069,1
9848,1
13401,4
10817,7
17707,1
4104,1
31230,1
35947,2
3508,7
7139,2
21485,2
10978,2
12296,2
935,25
6365,25
25370,12
33958,7
15941,7
8454,7
16355,7
8618,7
12468,7
29024,7
20926,7
20291,7
31240,7
34037,7
31081,2
5664,1
14140,2
28564,2
14427,1
35080,1
22158,2
8814,2
17474,2
35156,1
22910,0
14171,2
33830,2
15737,1
7420,2
12187,3
23402,2
13764,2
29368,2
30917,2
25854,2
5429,3
15180,3
15140,1
21714,2
31395,2
35248,2
9015,1
35531,1
10657,2
21930,2
14655,3
35686,2
10056,3
25198,2
2240,2
940,2
35971,1
33971,2
5771,2
25214,2
6778,2
6630,2
10206,2
9603,2
27315,2
25072,2
1435,1
9882,3
2264,2
32973,2
16109,2
10767,2
33356,2
37550,1
22761,1
26486,2
18542,2
22290,2
35742,1
25733,2
14421,1
10825,2
29423,2
14032,2
27947,2
30487,2
2880,2
12902,2
33542,2
30029,2
35282,2
35656,2
32108,22
9936,2
938,7
24485,3
939,2
26479,2
23501,2
36504,2
4183,2
9886,2
11782,2
31236,2
16873,2
941,3
942,7
27374,7
23414,7
27176,7
3028,7
943,0
34736,5
15774,16
23630,5
944,0
14246,0
945,2
14290,4
27911,2
946,1
31577,1
23153,1
15971,1
19396,1
21882,1
34671,1
28395,1
20742,1
28760,7
3106,7
22038,1
33634,1
9689,1
2562,1
18514,1
31082,3
7380,3
31503,3
12024,3
21766,2
31009,3
949,14
15921,7
37510,14
2847,14
9414,3
951,7
36433,0
16470,7
25255,7
7549,7
7970,5
952,12
17458,2
28520,3
28186,12
35027,3
9299,12
5599,1
30709,1
33895,1
33399,16
25431,2
31965,1
12605,1
9967,1
24781,1
36176,1
27325,3
954,16
32879,7
955,25
11922,25
956,2
7115,2
20607,2
7160,2
19291,2
3200,2
33101,2
1675,2
34307,1
35149,2
25492,2
32179,1
30078,2
957,3
3073,3
958,3
16791,3
25333,2
19800,3
17417,3
20196,3
5329,3
23136,3
959,3
3098,3
960,2
7213,1
33144,2
15214,2
28505,2
24524,2
961,2
1561,1
28155,1
14125,1
32721,1
16716,1
22162,1
3932,1
9478,1
8944,1
2916,1
10226,1
6638,1
9364,1
33187,1
5997,1
27338,1
963,3
16353,3
5468,3
7017,3
26056,3
17975,7
9433,2
8497,3
3424,3
11101,7
964,1
8156,1
19512,1
27788,1
4323,3
4478,3
231,3
3093,3
6339,3
24650,1
967,1
14399,1
2426,25
31378,25
29759,25
3738,25
11346,16
18000,25
969,16
26034,3
10905,2
11641,16
970,1
14179,2
6224,7
18547,7
2917,3
11203,3
29497,7
972,1
15875,1
21087,1
8167,1
17173,1
18103,1
14379,5
973,2
29633,2
6542,2
4077,3
6212,16
2307,3
13752,2
7389,1
6259,7
9104,2
4565,3
17170,3
24139,1
28866,1
18369,7
21170,3
7401,3
2327,3
26673,3
15481,10
14334,25
5477,7
12047,7
16870,7
28125,16
12051,10
17809,3
17812,3
36900,3
23111,3
7080,3
4062,3
3521,3
21215,7
13791,7
11786,3
27139,3
5743,1
10911,3
20578,3
14966,3
25924,3
1977,7
4633,1
17847,7
4470,1
17390,3
23518,3
1735,3
25941,3
11513,7
8465,3
11516,3
17869,5
34599,7
12671,7
24195,3
18787,4
18954,7
29499,7
20118,5
24788,3
6377,7
26578,7
17888,1
3249,3
1834,7
10367,3
28375,7
28377,7
28163,3
12182,3
4619,3
16808,3
32884,7
14436,7
3432,3
23360,7
7928,3
23789,3
15576,3
16490,7
8820,7
2447,3
3203,1
29011,3
15621,3
30874,3
7546,7
26596,3
35302,5
2458,3
28419,7
21876,3
17296,3
3634,3
27236,3
3059,3
18518,3
21321,7
1002,3
29601,4
17339,7
4791,3
6794,1
25971,5
11174,3
33782,5
13339,3
27034,7
7911,3
17347,7
35337,7
25482,7
19112,3
14517,3
1430,3
17377,0
3775,7
12786,7
25388,7
33466,1
22519,5
17294,12
3108,3
24339,3
30338,1
13955,7
24333,5
16826,1
4768,7
6494,7
2536,3
4780,3
13464,16
19221,3
19088,3
1393,16
23764,7
3308,3
12254,7
17562,12
35407,7
17436,3
14991,3
9909,16
13294,16
17714,16
15436,3
22189,16
26927,3
17612,3
27939,1
3417,7
12275,4
27660,5
3816,7
26145,3
21760,3
10532,7
17450,7
20593,7
29417,16
26153,3
19188,3
8251,3
29166,7
11135,3
7726,25
15198,3
31014,3
1990,1
23221,1
20310,3
16912,3
2054,7
37018,3
17574,3
15220,5
21294,3
691,3
25568,7
11751,7
13484,3
28000,7
15230,5
23837,1
8867,19
7137,3
21577,3
29813,3
34009,3
28512,1
34205,3
11189,3
11774,3
20648,3
36130,3
10002,3
8870,5
10005,14
28034,5
8877,1
13555,7
13687,3
8322,1
36818,7
3474,3
16006,3
6690,3
3934,7
26629,3
1691,7
22091,3
23791,3
17934,7
16008,7
27707,3
35406,7
25659,3
13212,3
37045,7
29244,3
6636,7
5503,3
22569,3
31752,14
19383,3
3515,3
21543,3
22570,5
9479,3
19445,3
23336,3
30526,3
37513,3
37608,3
30887,3
27806,3
33044,3
4960,3
10678,3
34948,3
15092,3
1321,3
12957,5
37151,3
25702,2
19267,7
5802,3
2467,1
23942,1
36602,3
22159,3
25125,5
32239,7
6119,3
27746,3
13716,3
6127,3
33096,1
4320,3
30580,3
6711,7
30584,3
3349,5
10979,3
26042,7
33740,3
21048,3
8442,3
9353,3
22206,3
13052,7
27039,3
24844,3
29367,3
28267,3
14203,7
10748,7
20052,3
15903,3
18276,16
35030,7
11926,3
24711,3
17075,7
23405,3
9016,3
11932,3
5601,7
27585,3
23438,3
27431,7
35047,7
18296,2
30509,7
15616,7
4494,1
17105,16
13047,1
11094,3
9602,3
10740,12
33899,3
21459,7
904,1
25943,3
12532,3
29365,3
22283,3
18330,3
11467,3
33563,3
33867,3
18718,3
37566,1
7925,3
34461,16
30081,2
9644,1
7938,16
37069,7
11410,7
21649,3
27062,2
11726,5
21709,3
21707,7
34478,1
28841,7
35118,7
975,12
25667,12
5343,12
3148,12
4457,3
22461,12
18680,3
976,2
13648,2
977,1
29808,1
11918,2
32553,1
978,2
10272,2
979,1
980,3
5109,3
982,2
3717,2
19040,3
10994,3
22426,3
24225,5
21212,3
7895,16
21562,7
15635,3
16653,2
20335,1
3643,3
34871,3
29757,2
3577,16
6006,3
1547,2
36204,7
2496,14
3619,7
984,5
9695,5
985,10
11064,10
986,2
14866,2
37596,2
28422,3
25340,2
987,1
25838,16
25361,1
30349,1
988,0
22599,0
18976,0
34979,0
3977,0
34816,5
989,3
4238,2
990,4
20921,4
8761,4
14079,4
1534,4
991,2
992,0
31318,0
993,3
25413,7
994,2
35354,2
10561,2
18788,2
27642,2
35827,2
995,16
996,3
14213,3
997,5
15627,5
12870,5
7256,5
998,21
4718,21
999,16
1000,1
24976,3
11837,1
21741,3
35217,1
25899,1
28717,8
14175,0
27032,1
31441,1
5993,7
2778,0
94,1
5930,7
7815,16
22987,16
27014,0
9535,3
12710,3
33880,5
12258,16
5155,7
28673,0
21405,1
15592,2
5778,1
34155,3
24075,0
12427,3
2221,3
35297,3
28522,3
27624,7
6231,2
19376,2
24153,2
1004,10
14209,2
3281,10
28879,10
1005,1
14684,1
11071,3
36469,16
15105,16
34266,16
7948,16
24967,16
1007,23
9991,23
1008,4
6366,4
14602,4
1009,12
26591,12
5090,12
25486,12
37419,3
1010,7
30454,7
20328,7
25523,7
26970,7
9519,7
34332,3
28011,7
27605,3
1012,1
29555,4
29517,3
4355,16
27418,3
35164,3
32410,3
23985,3
16824,3
6889,3
14025,3
32597,3
12670,2
5469,3
12383,2
7245,16
32019,3
25931,3
30732,3
28643,3
5555,3
20717,1
27705,1
1015,1
8095,1
30188,1
19717,1
23268,1
31162,1
25232,1
1016,3
24001,3
27252,3
31092,3
1018,3
15040,16
20245,3
1021,3
24975,3
1708,3
4503,3
9127,3
1481,3
14482,3
21285,7
27439,3
1022,3
8404,3
17575,1
3800,3
1023,8
18686,4
23318,8
8184,8
4578,3
25969,8
25781,8
16141,8
6550,8
24335,8
14864,3
7878,2
23640,8
28998,8
12371,8
35866,8
22331,3
36517,8
23927,8
9152,1
6241,8
23320,8
12649,8
35120,8
1024,1
21526,1
12757,16
13953,1
22092,1
34496,1
34108,1
1998,1
24548,1
1025,1
36998,1
18909,1
23014,16
36154,1
1027,2
7836,2
1028,3
36714,3
6234,3
9136,3
35663,3
33157,5
10449,3
22604,1
10855,1
10405,2
7542,1
23677,1
20309,6
31966,1
22215,1
11738,1
32131,1
17493,25
36941,1
7414,1
25302,1
20845,1
36844,1
27102,1
32471,1
6289,1
33553,1
15788,1
25886,1
29049,1
36416,1
23408,1
7717,1
6455,1
9997,1
4883,1
11339,1
4191,1
33135,1
23272,1
14163,1
10429,1
4892,1
30284,1
9156,1
32822,1
34225,3
8180,1
5606,1
11860,1
33927,1
19694,1
21372,1
17554,1
26863,1
31746,1
28719,1
10677,1
34104,1
10339,7
34193,1
4576,2
2349,1
8361,2
28767,1
34000,1
30434,1
26441,1
31466,1
27639,1
19876,1
3351,1
3154,2
7654,1
9812,1
15741,1
13564,1
3974,1
1286,2
31709,1
18706,1
20324,1
31094,10
12874,2
36962,2
14422,7
7074,2
1882,2
9201,4
31972,2
22226,2
35001,16
22040,2
19974,7
13342,7
10743,5
9283,2
20775,2
20670,2
18234,2
28923,2
13801,2
28542,2
29516,2
20794,3
33975,2
8331,2
8037,7
32373,5
15700,2
12107,2
32379,2
24944,2
31281,2
18757,2
27623,2
18239,12
29623,2
26308,2
33966,2
5752,7
26208,2
26138,2
12343,7
28399,2
26313,2
18628,5
8960,3
1033,1
6513,1
1034,1
7173,1
2149,25
1036,2
18527,3
27182,3
5864,3
29460,7
12510,3
33467,5
1038,5
21869,3
27364,14
13113,5
36027,5
4758,5
10091,16
30642,5
20844,5
1039,1
1040,3
1042,3
2245,3
25542,3
28067,3
18214,7
29254,3
10630,3
28454,3
17708,3
1043,3
1044,7
1045,3
4020,3
1046,1
1047,1
5427,1
1048,3
21160,16
33478,3
32994,3
21464,3
9883,1
19866,3
16955,3
15009,3
1050,3
5000,3
2869,3
14474,3
8822,3
2727,3
36018,3
17542,3
35769,1
6238,6
12692,6
16214,6
13173,6
32388,3
30017,6
1052,2
31844,2
1053,2
22623,2
29019,2
16131,2
1054,2
24665,1
19806,1
33229,1
5318,1
8913,2
22213,1
22081,1
13963,1
16968,3
14846,1
30201,3
17188,0
26476,3
17551,1
15988,1
19027,1
31835,1
29893,1
11691,1
29520,0
33663,3
19016,1
15377,1
25089,1
34288,1
3088,0
22013,1
36873,1
9297,3
20088,1
19118,1
10692,1
8221,1
32062,3
4571,1
27577,1
32784,1
1056,2
1057,3
1390,2
21808,3
27199,3
11336,3
1721,1
8836,1
1060,3
16835,3
1061,2
21227,2
36516,2
1062,3
21178,3
21279,3
1063,3
1064,2
27007,3
1065,16
25629,16
1066,1
1067,1
24599,1
1206,1
3929,1
14589,1
32420,1
1068,2
32266,2
10067,3
37264,2
1069,10
35932,10
37157,10
19837,4
27449,16
9005,4
35817,4
23781,4
21817,4
8595,4
15704,4
34002,4
15368,2
28688,4
8215,4
36570,4
27817,3
17132,3
17958,2
23431,3
32901,3
32535,3
16929,2
2400,3
29112,3
3531,2
26954,2
30669,12
30819,3
19187,7
34113,2
5669,19
2444,0
21113,0
9952,0
1073,1
17389,3
1074,2
14905,7
22317,5
30414,7
34909,5
32604,3
10417,7
22768,7
12465,5
10570,5
15916,7
35793,5
6995,7
12472,7
36196,7
26243,5
32630,7
5921,5
22352,5
3514,5
9475,3
18361,5
21911,5
5326,5
14206,5
17825,7
29176,5
22069,5
11639,7
16807,5
22228,5
6035,5
7457,5
25920,5
11725,5
36487,5
37313,5
18428,16
13084,5
1954,7
28438,5
18001,5
26674,5
12097,7
24894,5
34262,7
22552,7
28397,7
12691,7
29234,5
15995,5
15332,5
2025,5
20976,7
19162,5
10952,7
29288,7
24800,5
8516,7
36886,7
33105,7
14510,12
13072,7
21179,5
7920,12
36948,5
2892,7
1076,5
17346,5
16874,5
18201,1
1077,5
23490,5
15409,5
21828,3
5724,5
15386,5
26707,5
23299,3
32593,5
11030,5
24082,3
33130,5
24453,5
10793,5
1078,7
1079,2
1130,2
18943,8
21062,1
1080,2
14977,2
34008,1
31108,1
6059,1
1081,25
2901,7
10706,10
1082,0
9564,0
30241,7
19475,2
31334,7
4460,1
17773,3
929,5
15815,3
8121,3
36758,1
6133,7
25299,3
8133,12
22192,3
6572,16
36301,5
37583,1
5761,7
14788,3
23556,7
4870,7
2055,1
16284,3
30185,3
36938,3
7301,7
9423,7
20646,0
32068,7
8868,2
6169,7
36496,7
19365,3
10368,7
34910,7
33091,16
15905,1
9212,0
26544,3
9179,1
7466,3
23297,1
8189,7
15696,3
30515,7
33161,7
11955,3
26104,5
37345,7
32467,1
20563,7
3006,1
29878,7
26565,16
34717,5
37655,7
16054,3
32026,3
34928,7
27326,2
23174,7
21975,3
19457,7
27286,7
19309,5
20004,1
28600,3
24519,1
37060,7
2406,7
24384,5
2430,7
10968,7
5790,5
25042,7
35813,7
7940,3
2653,5
25554,3
29466,1
2208,7
5836,7
27210,7
30087,12
35193,7
19620,1
35280,3
26002,7
30693,7
36575,7
31530,7
1086,3
36812,7
2337,3
1087,10
35777,10
24651,5
1088,3
22665,3
30409,3
29481,3
21448,7
34182,7
13759,7
12666,2
23741,7
9333,8
21805,7
36800,7
9400,7
332,7
15531,7
1205,2
13793,3
16365,7
7168,3
20929,7
24315,7
460,7
24612,3
34982,7
21600,20
13225,3
20101,4
23606,3
30796,7
31741,3
10338,3
33842,7
34911,5
21075,7
22204,1
19827,2
33946,3
26581,7
13565,7
25392,3
35791,7
13566,5
7570,7
14303,7
30308,7
9501,7
14739,5
19117,7
15168,7
11876,16
8412,7
25445,7
25647,7
37039,5
28722,7
20804,7
16777,2
33376,3
25095,2
6158,3
15121,7
19949,7
7307,7
33455,7
19686,0
32828,7
10467,1
11654,7
27704,7
13958,2
24618,7
6473,3
34079,16
18877,7
6785,0
7764,3
29427,3
19170,3
8097,7
27327,5
6217,16
33610,7
15167,7
17154,7
28902,7
35739,2
19912,7
2930,7
26842,7
16878,7
1150,7
2287,3
6245,1
17636,1
23280,1
32347,1
22177,5
33844,1
1090,2
30638,2
25003,2
9545,25
21349,2
16260,16
16307,16
11164,1
6003,1
25638,1
9539,1
7679,2
6984,2
30033,2
10660,2
3510,2
20420,3
10372,2
8336,3
32666,3
27206,2
19330,3
8610,3
7337,1
18882,1
1094,2
36359,3
31107,3
12793,3
4024,5
27674,3
25578,5
32276,7
29156,7
2611,7
12877,7
10859,5
32924,3
19207,5
4067,1
36569,7
3768,5
30116,5
28251,5
23047,7
17494,5
16335,7
18677,3
37410,5
2927,3
13487,7
10147,10
29636,5
26689,3
13769,5
7138,10
5157,3
6876,5
6015,7
15799,16
32642,1
5536,1
34212,5
23624,7
6786,7
28615,5
1779,16
6903,5
6604,5
13795,3
8883,5
10016,5
12654,5
6696,3
30489,7
9185,5
8354,3
24494,5
8358,3
26218,5
26557,7
31961,3
35902,7
11544,5
15863,7
23844,5
33368,7
37521,5
15005,5
15328,5
7958,3
35587,5
27163,3
18789,5
5249,1
5529,3
8681,5
15807,5
10072,3
14489,5
10057,5
26344,7
6705,10
17627,5
14772,5
27245,25
32781,5
26653,5
26358,5
29240,7
12198,3
27559,5
10142,7
15664,5
31810,7
9063,7
17974,5
13363,5
34578,5
18860,5
36148,7
25780,3
33468,5
22039,5
6484,5
37007,7
3700,3
35941,7
4220,2
7627,5
9606,16
28996,5
18026,7
5767,3
37500,7
17444,5
33198,7
21015,16
28535,25
1051,3
4004,5
19757,5
14693,4
7199,2
5861,4
37525,3
8923,4
6942,4
26809,4
26272,4
17459,4
31399,4
36734,4
22959,4
1097,4
14438,2
1098,1
1099,16
33227,16
11718,16
5793,16
24672,4
28065,4
8028,4
32805,4
1744,4
34251,4
4396,4
17790,4
16229,4
19054,4
10651,4
17237,4
27883,4
1101,3
20867,3
11605,5
30294,3
4149,3
2122,3
30088,3
34643,16
36255,16
22499,3
12096,16
37511,16
35675,1
21333,1
31912,0
1776,1
22439,3
22447,25
32242,1
23708,1
31112,3
20516,3
13530,3
16755,1
23714,1
15992,7
1104,3
29622,3
19855,3
17048,3
10818,7
32647,3
1105,16
34999,16
28084,7
2565,7
34077,7
29860,7
9035,7
16658,7
6746,7
18993,5
14909,7
1107,1
12163,1
34822,3
3335,3
28027,7
8549,3
37240,3
26632,3
28847,3
13335,3
4736,3
9902,7
18060,2
12388,5
8450,5
1110,2
32598,2
18538,1
17146,1
2586,3
26361,10
34341,10
1111,6
28181,5
11838,6
6463,7
5369,7
12110,7
4368,7
1113,3
1155,7
11944,3
5570,3
18774,7
26328,3
19559,3
23042,3
30314,3
32627,7
1114,7
25534,7
2350,7
17638,5
15029,3
20174,16
21305,7
1115,16
12295,16
1116,3
36729,3
1117,2
6346,2
1118,1
23290,1
30570,2
37371,1
25013,1
1771,1
2603,1
32342,1
18444,1
2065,1
1120,1
25242,1
1192,1
18641,1
1122,3
24283,7
29036,3
1123,3
20331,3
28821,3
19381,7
1125,10
19454,2
7863,3
17699,10
2434,7
25908,16
11538,3
36884,10
32166,5
7800,10
1127,7
1128,1
15778,1
26080,2
1129,7
13527,7
26703,3
11841,7
35961,7
31118,3
1131,16
27757,16
26165,3
29398,0
11563,0
18520,0
4317,4
35765,0
1135,1
1136,3
14500,3
34600,2
1137,3
2526,7
1138,3
17512,3
34195,3
29937,3
1140,1
1141,3
32719,7
28884,3
22145,3
1142,16
1143,5
4384,5
1144,16
17432,3
23911,3
9098,16
32755,1
34017,1
1146,5
25031,5
8003,2
30511,5
1147,2
31636,1
5149,2
21662,2
1148,1
1149,1
33754,1
18186,3
1151,19
13876,19
23089,19
37343,19
9125,3
3666,19
36766,2
27821,19
1152,0
26693,3
21650,0
6470,3
23891,0
36952,0
35543,0
1153,16
28086,2
25770,3
1154,2
16165,3
33561,2
20203,2
13130,1
24183,2
33345,2
37310,2
4406,2
26574,2
33549,1
30024,3
13133,3
17284,7
12994,2
1156,3
1157,16
11456,16
1158,7
13757,1
32818,7
18478,7
13419,7
4864,7
28250,3
25987,3
13431,3
32144,16
1159,1
20881,1
36317,3
10703,2
21140,2
23388,2
37476,2
19172,2
12420,2
37432,2
1161,2
1162,2
33944,2
196,3
31958,7
8804,7
27070,1
4025,1
35781,1
3617,1
28878,1
20034,1
104,1
4585,1
27842,1
4048,1
16259,1
36462,1
17438,1
8000,1
32928,1
5173,1
1815,1
32024,1
4945,1
10314,3
4084,1
19568,1
1234,1
31436,1
13832,1
33397,1
28962,1
31851,1
19593,1
34605,1
13269,1
34621,1
6383,1
30231,1
14430,1
3390,1
23667,1
12608,1
23550,1
5431,1
26634,1
19638,1
5843,1
23889,1
6141,1
7003,1
7879,1
30303,1
17962,1
3868,1
12046,1
8726,1
1346,1
17706,1
4769,1
8679,1
25006,1
30334,1
17307,1
36486,1
25503,1
24908,16
29108,1
8645,1
3734,1
24920,1
27961,1
30964,1
6677,1
14936,1
7998,1
11690,7
4237,1
27175,1
14169,1
18059,1
20282,1
12288,1
8475,1
36730,1
30397,1
35202,3
16882,2
11133,1
28552,1
8263,1
6551,1
16319,1
23644,1
23828,1
4298,1
35181,3
13502,1
25627,1
7155,1
20922,1
19819,1
13526,1
25033,1
36736,1
22667,1
32985,1
10621,1
11803,1
20948,1
10909,1
12954,1
30162,1
22748,1
31824,1
35676,1
34937,1
35576,1
27501,1
35373,1
17998,1
37536,1
19897,1
1593,1
14624,1
26949,1
19364,1
35485,1
25159,1
10737,1
24584,1
11917,1
13158,1
16617,1
6429,1
36955,2
18290,1
17525,1
8759,1
28792,1
21095,1
3122,1
10928,1
28519,1
31897,1
24581,1
17725,1
12543,1
14265,1
23484,1
36384,1
14277,1
2870,1
13640,1
14877,1
24587,1
36973,1
1165,1
22639,2
1166,2
18781,3
1168,2
15593,2
13602,2
6660,2
1169,7
1170,7
18466,7
30320,7
1227,7
33176,3
17979,3
8747,3
14806,7
1171,3
30726,3
37348,3
31127,0
1173,3
19233,3
7107,3
1372,3
29094,3
16994,3
27455,3
30424,3
32794,3
13252,7
31185,7
5299,7
1175,1
16458,1
14997,3
25079,1
1176,1
1177,2
1178,16
33654,7
23398,7
1179,12
33034,12
1180,2
32582,2
26035,3
34196,16
8262,3
15525,5
17776,7
37553,7
14618,3
25730,3
5406,7
17947,7
33109,7
7007,3
7999,3
15952,7
281,7
17777,7
19560,5
29310,7
35959,7
33481,3
20400,7
14259,7
7637,7
16046,7
6085,3
30668,7
31883,7
22637,1
1183,1
1184,2
9747,2
34652,2
1185,5
30248,3
14918,3
14725,5
8300,5
1186,1
6262,0
10603,0
1188,3
30896,3
1189,16
29126,16
3166,7
3826,10
11713,1
11254,1
1194,3
11207,7
25863,2
28231,3
26660,3
34417,3
4249,1
17043,16
30161,16
5742,3
27027,5
37228,3
24467,3
1197,1
1198,2
1199,5
10480,3
7671,14
10884,1
1200,7
21071,7
6602,7
16249,10
34070,10
31538,10
1202,1
27341,1
26526,1
16961,1
34509,1
10103,1
20744,1
1203,2
4415,2
18117,2
25041,2
20266,7
37686,2
17080,2
36959,2
25096,2
24024,2
31668,2
2911,1
27504,2
26201,2
5897,2
36667,2
7503,2
9645,3
15666,2
20499,2
14715,2
5222,1
9904,1
17853,1
6732,1
20986,1
11294,1
32889,1
22505,1
33838,1
23637,1
35414,16
17611,1
14113,1
32437,1
1207,0
4068,0
22834,0
22756,1
1208,4
27354,4
4771,2
1209,3
1210,2
12166,3
14269,0
30682,2
25723,1
5538,0
28684,0
11674,1
4614,0
27261,0
6739,0
34657,0
12433,3
16187,0
5087,0
29698,0
1213,1
31633,1
28703,1
36320,1
6483,1
28772,1
13734,1
35154,1
1214,16
26163,16
33172,7
1215,2
7253,2
1217,16
22727,19
2128,7
34144,16
15597,5
25732,3
1218,3
37427,3
1219,3
16845,3
36026,3
34980,3
34795,16
10585,16
4841,7
1220,16
1221,2
22021,2
1222,3
24362,3
1223,19
26772,7
11090,19
20041,2
37141,2
1994,0
19979,0
12156,0
17008,0
33506,0
2087,0
35246,0
32106,0
36136,16
34926,3
21052,16
18710,3
1225,3
24303,3
25751,3
27482,3
18707,3
25671,3
1226,3
11543,3
5292,5
20311,3
5363,3
28025,7
34322,3
13880,3
14380,3
24911,2
19642,2
27762,2
24644,3
16718,2
22723,3
10241,3
28880,3
21164,3
5139,3
18391,3
1611,3
9699,3
11486,3
12645,3
16661,3
5344,7
18437,3
7469,3
8036,3
29562,3
29995,3
8046,3
1249,3
16132,3
31462,7
4908,0
13547,3
13284,3
36055,3
6756,3
34665,3
5265,3
6430,3
3275,3
13891,3
37628,3
14817,0
4187,3
18375,3
10293,3
23370,2
4675,3
3107,3
2538,3
11091,3
26722,16
9897,3
9235,3
26107,7
27335,3
19165,0
28523,3
1570,3
21148,3
21987,3
23058,3
846,3
6536,3
22233,3
23804,3
25572,0
7678,3
5805,3
29665,3
29778,3
16323,3
16695,3
30851,12
15645,3
36135,5
1476,2
31059,3
15249,3
30464,3
22068,5
33873,3
34015,3
8337,3
31105,3
22813,3
1464,3
6057,3
26861,3
26862,3
28647,2
12391,3
19853,3
13551,3
11949,3
14759,3
34274,3
5812,3
4390,3
27475,3
8941,0
6092,3
20997,0
32032,3
33082,3
14062,3
14080,16
5541,2
4435,3
28143,3
36951,3
27568,3
1642,3
2694,3
33770,3
24610,3
7322,3
18262,2
31001,3
5059,3
27010,3
2263,3
21494,3
16559,5
34448,3
6806,3
1703,3
20569,3
20577,3
9046,3
36525,3
1230,3
26846,3
1232,14
1787,14
1564,3
1233,2
11843,2
20503,2
36635,10
2795,10
5112,3
35369,1
10872,1
29401,1
30280,1
36182,1
15382,2
14519,1
23583,1
1235,5
4366,5
8683,5
21199,5
24084,5
210,1
37607,1
1237,7
15003,7
36443,2
9169,7
36499,0
25896,7
30290,0
12049,7
1239,2
1240,7
1241,25
17244,25
4157,25
4397,3
14468,25
28924,25
13261,25
25805,7
1242,3
7859,3
32658,3
31143,2
20399,2
15501,1
35491,2
1443,2
15151,2
34397,2
1244,3
4632,4
12171,4
1247,16
17366,16
6875,2
1248,1
10901,1
34618,2
4957,7
10536,2
1250,1
13719,1
6275,0
18554,1
5901,0
1252,1
27021,1
19335,1
1253,3
16654,3
1254,0
29283,0
1256,3
4680,1
11890,1
24602,1
1258,2
6277,2
1260,0
5875,0
1261,3
3935,3
27446,3
6417,1
1507,5
1629,7
20366,5
14529,5
30375,12
15622,6
25964,3
1262,5
22601,5
7484,3
4118,3
35201,16
24827,1
1269,3
1270,7
11844,10
14154,7
11230,7
23995,7
1272,3
4343,5
17735,3
34538,7
34060,4
33645,3
1273,3
8927,7
19385,16
36380,16
1275,1
37075,1
11165,1
1276,5
31685,7
1277,3
1278,3
7061,12
18080,3
1279,16
33552,2
11325,1
18803,2
9176,3
15904,2
5030,2
33077,2
35070,2
2008,2
34292,2
14691,5
13152,2
15651,2
1281,2
31262,2
20377,7
22755,7
4419,1
8892,7
10042,7
23895,7
11448,7
11645,7
10636,25
12068,7
6420,10
25107,7
6961,7
21111,7
5692,7
24822,7
29395,7
1283,16
14531,16
17101,7
22763,2
19408,16
1285,7
35770,7
6369,7
10658,7
13249,7
18574,2
1402,1
25646,2
19726,2
5593,2
1287,5
21530,5
1288,2
1289,3
28285,3
26514,3
1290,1
4568,1
31387,1
1291,1
1292,3
1293,3
5874,3
1294,3
20849,3
1058,1
19786,3
28895,3
13495,3
32957,7
29214,3
23086,4
5730,3
14366,7
22484,7
35896,3
6799,3
29564,1
17121,7
16922,3
37099,3
18259,3
3271,7
35242,7
16088,3
5394,1
10966,3
27201,7
19887,3
20984,3
7809,2
7249,2
14149,3
19064,7
19904,3
36797,3
24839,16
24268,3
5006,3
6326,3
10435,3
12480,3
5877,3
4575,1
24250,2
32712,3
22818,3
29091,3
5872,3
29100,3
25207,3
23757,1
20566,7
8773,5
13291,3
15858,3
13686,3
18929,3
16211,3
14854,3
15636,3
9908,3
21407,3
4529,3
17546,3
31181,16
30073,5
1296,1
25283,1
37031,2
343,3
1299,7
30753,7
34362,7
1300,3
1302,2
23495,3
12011,7
25227,3
1303,7
1304,1
1305,2
8945,3
30099,2
11997,2
1306,1
17149,1
1307,7
35308,7
29859,7
26010,7
36904,7
357,7
8340,7
9515,7
15970,7
1308,2
35082,2
1309,3
3149,3
12907,3
5665,3
16528,3
1310,1
1311,3
1312,1
1313,3
36781,3
1314,2
2209,2
5890,2
24583,2
24704,25
1317,2
21724,3
2317,3
31351,2
33721,3
29505,3
36190,3
27181,3
7915,5
31478,3
9696,2
13505,3
22655,3
24184,3
3386,7
28195,3
27871,3
26753,2
1319,3
2798,3
1320,2
33696,2
5234,3
1322,2
27087,2
1323,7
14142,7
34384,7
15901,7
12626,7
13670,7
19911,7
2822,7
12474,7
1324,2
23454,2
19882,16
32184,3
1325,1
9025,1
23909,1
17749,1
4822,1
29784,1
36336,1
19839,1
24706,7
25048,7
1327,0
1328,7
26242,3
5003,0
17964,5
21553,7
1329,2
13792,2
4154,2
5715,2
23372,2
8772,2
1330,7
7530,7
14195,5
15226,5
9960,3
34479,3
12421,5
15465,3
31448,3
25411,5
4130,14
32224,3
32399,3
1332,2
31722,5
16371,7
35716,16
37443,1
15658,3
12913,3
1334,2
25276,1
3625,1
18087,1
19925,1
36293,1
18679,1
3502,1
28740,1
4167,1
6913,1
32809,7
30738,1
4897,16
18728,1
8580,1
5588,6
9596,1
1669,1
9181,1
2704,1
24635,1
24209,1
30302,1
24385,1
3277,1
27513,1
3397,1
1336,25
17883,3
1338,2
22322,2
17258,2
25856,2
22529,1
32350,2
24220,2
1339,16
14031,16
3602,2
1340,7
3401,7
7079,7
1341,2
5654,2
1342,7
8424,7
24624,3
3224,3
10485,3
32910,7
9240,7
7237,7
11458,7
26939,7
36281,7
31501,7
8696,3
29037,7
6712,1
36133,7
22513,3
32516,7
13777,7
33903,7
15650,7
25377,7
6600,7
14087,7
26095,3
15099,7
10924,7
30426,3
9182,7
16404,16
26872,7
35395,7
34611,7
37664,2
19594,3
6389,7
20707,3
6230,7
3014,1
15599,7
15178,7
29150,2
21996,7
19184,7
1344,0
17135,0
19218,1
26389,0
16023,0
33543,3
4917,3
1345,7
7908,7
14986,7
27701,7
4236,1
22379,1
14970,1
6083,1
9709,1
9159,1
1347,2
7306,3
1348,10
3565,10
5461,10
16492,5
1349,3
6265,3
24959,3
5322,16
1350,1
19156,1
3221,1
18379,1
36325,1
28007,1
1351,5
34553,0
12476,0
1352,2
9544,2
21761,2
21204,7
30152,3
32185,3
10033,3
1354,7
1355,16
14056,3
24758,16
6912,0
21162,12
4349,3
3865,3
12530,12
28387,5
18227,3
23124,3
25195,7
1357,16
20814,16
9271,2
3620,2
14612,2
35131,2
26099,2
11072,3
34580,2
31663,2
18089,12
24349,2
24630,2
7625,2
13443,2
25885,2
19652,2
35517,2
18032,2
5713,2
9980,2
31377,2
13768,2
29668,1
8289,2
36965,2
5288,2
31925,2
18700,2
17224,16
17369,2
3363,1
31796,2
4467,2
17357,2
16649,2
28139,25
28242,2
7450,2
36703,3
560,2
2747,2
28108,2
21243,2
14141,2
26123,3
1359,1
34742,4
34699,25
10257,20
1361,1
1362,2
24649,2
1363,2
9639,2
30571,2
21469,2
22837,2
17019,2
6736,16
24688,7
8053,8
19093,2
27068,2
6608,2
1364,16
1365,3
8098,3
10180,2
34016,3
1937,3
22538,3
1367,16
12712,2
2212,10
1368,1
9485,1
1369,2
23069,2
25414,2
1370,3
2098,3
8715,3
8810,3
36374,3
1371,16
24187,0
2162,3
26217,3
1373,7
1374,1
32708,1
10031,1
16724,3
25799,1
30238,1
18253,2
7035,2
1375,5
22772,5
18476,1
1376,1
23015,1
1377,2
4124,1
1378,3
10426,3
1379,7
12976,3
26050,7
37326,2
1381,2
19061,2
1382,3
30910,3
1384,3
13257,3
35912,2
18586,3
34764,3
1386,0
35368,0
1387,3
34094,3
24807,3
17526,0
1388,3
12303,3
14674,3
22928,3
15095,3
6025,3
16745,3
1389,16
32462,2
29143,16
6299,7
1391,1
1392,4
34572,4
7157,4
18027,4
34598,10
1957,5
18587,5
37643,5
14922,7
17201,2
35274,5
32262,7
36740,5
1394,2
19304,2
25791,2
6300,25
14888,1
5687,3
23510,1
22874,0
5545,3
11472,0
20475,3
5158,3
5270,3
3744,3
10764,3
4542,16
1397,0
31696,3
1398,1
26669,1
7650,1
22086,3
1540,3
1399,0
26525,4
31183,4
3230,4
10788,4
8884,4
20170,4
9840,4
17806,4
34569,4
4190,4
1400,3
1401,3
13698,3
12590,2
7189,4
26515,2
14703,16
21169,1
23541,1
17330,1
12672,1
16485,1
7707,1
10192,1
8477,1
32668,1
10382,1
31662,7
33211,1
5386,1
2597,1
6324,3
25474,1
3355,2
13197,2
1406,1
26202,5
8231,5
18388,3
1408,3
21555,3
26325,2
18461,2
1574,2
23610,2
13615,16
16444,1
18228,1
13353,1
34126,1
12408,1
15529,1
25374,1
9608,1
18601,1
12215,1
18772,1
13787,1
1413,2
21988,2
1414,5
3503,5
1415,2
7146,2
22523,2
25292,2
33673,3
32634,3
13159,3
36503,3
13259,3
34876,3
23164,4
1417,1
24471,1
5242,3
28978,2
13470,3
33702,3
13758,1
28813,3
1419,2
34267,3
1420,1
1421,2
1424,1
7555,1
7750,1
24799,1
15119,1
28513,1
1426,5
1428,1
3948,1
1429,3
6102,3
13233,3
20375,3
1432,2
33483,2
27798,2
30041,3
1434,2
10983,3
11389,1
14682,1
24709,1
32872,1
6606,1
34381,1
20094,7
30108,25
11106,7
1437,2
27134,1
8575,2
31957,2
35157,2
9270,2
24896,2
27388,2
1439,7
2545,3
29340,7
1440,3
1441,3
14707,3
23814,12
35271,3
8622,12
33891,3
1442,5
20970,5
1444,2
16692,2
6566,12
28240,1
10015,3
7698,2
2903,1
9338,1
2457,3
12745,1
6559,2
19361,3
10722,1
8691,19
12252,16
35973,3
32684,1
22195,3
33113,1
33429,16
33084,5
15516,1
33480,1
19803,7
33123,3
31800,2
32967,10
36160,1
20080,1
21770,2
14808,1
34209,14
28170,3
14669,3
16372,2
18569,19
6909,2
5806,19
19269,3
18484,1
5410,1
21647,1
26356,2
5882,1
11663,5
23455,7
23976,2
9729,1
28622,3
15426,2
30085,7
4936,2
7344,1
346,3
14848,1
13676,2
16416,3
16009,1
23898,5
3147,0
22872,2
28235,3
28123,1
20279,1
29969,1
22244,2
37375,3
6814,3
8735,3
32566,2
34418,1
20855,1
21211,2
37537,5
23807,1
2136,1
1446,3
18599,1
5443,3
1448,1
1084,1
1449,1
26376,16
1450,2
31418,2
1451,3
1452,16
1454,14
1930,14
1455,3
1456,16
14735,3
1457,5
18642,5
16126,5
1458,5
2014,5
35525,3
4143,3
19024,3
15130,3
16462,3
27493,3
12369,3
12655,5
30798,3
24047,3
35110,3
25144,3
26380,16
29669,3
26193,3
26311,7
2010,2
23189,3
2760,3
2681,3
34078,3
9561,19
22533,3
7781,3
4032,7
22173,3
24858,3
3777,5
28069,7
30813,7
17193,3
2219,3
14416,7
8819,3
16860,5
16415,3
31072,7
11052,3
34532,7
3709,3
15695,16
28751,16
8676,16
27316,16
12354,16
9374,16
1462,1
22394,1
34382,16
1463,7
34901,2
13485,2
35366,7
3880,2
1465,2
12995,2
1466,2
4954,2
20060,2
22345,2
33007,2
7805,2
1467,16
1468,3
17793,3
11396,3
11251,16
23536,2
30059,2
1819,2
34837,3
1470,2
18540,5
22940,5
3331,5
31474,5
4058,5
31237,5
22812,3
7854,5
1472,3
14423,3
1473,3
16656,3
1474,3
5152,3
27776,3
2720,3
11823,3
37004,3
19240,3
29258,2
25433,7
1475,1
11436,16
1477,1
17928,1
20662,1
1478,10
4748,10
27838,10
29798,10
1479,7
31326,7
4239,7
1480,25
3861,25
12846,3
1482,2
23168,2
3297,2
7684,12
18365,12
11428,12
3518,12
33237,12
5691,12
31665,12
31433,3
25873,12
25589,3
19776,12
24421,12
18097,12
3205,3
10425,12
5260,12
6469,12
20868,12
7425,12
10593,12
29706,12
20911,12
4877,3
15805,12
36254,12
20362,12
25339,10
2663,12
13215,12
29203,12
21516,12
2684,12
23988,12
9454,12
11510,3
26425,12
26255,12
4363,12
32286,12
35801,12
5485,12
35903,12
25963,5
36232,12
16430,2
35257,12
11555,12
28241,5
2141,12
2465,12
2741,12
21288,7
36252,3
13978,16
27443,12
35007,12
25421,12
11297,3
10628,3
28421,12
15071,12
2904,12
29348,1
5002,12
22757,12
33732,3
13239,3
36300,12
3942,12
13623,3
30795,3
3914,12
13563,16
6405,12
22222,3
14216,12
88,5
14981,12
12502,12
35037,3
33976,3
36656,12
23443,12
9587,12
26058,12
30966,12
11371,12
16885,3
24625,3
11089,12
26419,12
4788,12
22108,12
34581,12
31626,12
16881,3
3161,12
14297,3
37003,16
25843,2
32257,12
18644,12
25849,3
28933,12
12867,3
1484,2
8523,2
1485,16
36529,7
24262,16
36044,3
34311,3
14833,3
3056,3
27135,3
20017,3
31591,3
18604,2
1488,2
1489,7
15243,7
29547,7
31582,16
1490,1
20764,3
12431,3
23578,1
11936,1
15762,1
26694,1
35054,1
10215,1
10973,1
1491,2
7496,2
21625,2
1492,1
1493,16
21755,16
15369,5
20832,3
1494,3
25047,3
1495,2
17829,2
26065,7
9120,2
18469,19
9128,3
9129,1
18535,4
18555,2
18393,2
239,2
27706,2
18405,19
27721,2
9148,2
9149,2
18415,12
34799,7
12194,10
18433,0
27761,21
18455,7
16814,5
18973,2
18474,2
9217,1
26725,10
18485,2
769,2
9222,3
32478,2
22953,3
14616,2
9237,7
32663,2
27820,2
19248,7
19275,4
947,7
9253,2
9256,2
27837,2
27839,2
9259,2
18524,2
18526,3
27848,3
27853,3
7384,16
19463,2
9287,12
27862,4
18553,2
18559,7
18568,2
3116,2
9313,1
9315,3
36023,21
27896,2
9318,3
18582,16
1385,7
24571,2
27910,2
18597,1
27916,2
9327,2
18606,2
18610,2
9346,3
34636,2
18636,0
18637,3
18640,7
27958,7
27959,3
20016,2
32937,2
9382,3
9385,2
9390,5
20116,3
34425,2
18673,2
18684,2
28008,3
18695,2
18696,2
20278,16
19287,2
9417,16
2021,7
20304,3
28021,3
18708,8
3005,16
11017,2
2068,8
3141,7
9442,7
18729,3
20454,3
32655,1
20486,1
2222,1
28052,3
28053,1
28057,5
2277,4
20575,1
37333,3
4621,2
18760,2
2344,2
26132,16
9481,7
33998,2
28088,3
2490,2
9510,2
2573,5
9522,7
1608,16
35123,7
18431,2
20938,1
2695,3
18818,2
28135,7
18826,7
28146,5
18834,3
8439,19
21133,2
18851,3
28166,3
19932,5
21239,3
9574,2
1921,7
3003,1
28179,16
9588,2
9589,3
9592,3
7667,7
5330,5
18885,7
28206,5
28210,7
9612,2
3217,2
9616,2
7670,5
28349,2
27756,7
3583,16
9622,5
9625,1
20998,5
27729,2
9629,1
9187,2
28237,2
18918,1
9640,3
9641,16
37055,2
9643,3
24874,16
24588,7
18930,0
9655,2
9659,2
25165,3
9664,7
18952,7
9671,7
21879,2
18962,3
18975,16
32701,5
30600,1
3185,25
13840,5
9698,1
18984,2
9702,7
9707,2
18988,5
28316,1
9203,3
3850,7
10757,16
9716,2
19003,2
10759,3
7052,7
25365,2
21953,3
28352,0
4019,3
4490,7
22350,16
9748,2
28368,3
19034,7
19036,2
9754,2
28373,3
19037,7
34069,5
22462,7
28382,3
7693,3
4672,2
28386,16
9770,2
34398,16
13099,8
28403,7
28406,2
19067,2
22626,7
12000,2
19074,1
3489,2
9805,2
22771,7
27150,2
4454,2
28440,16
26887,7
19100,3
4533,2
9835,3
9836,5
19105,2
9841,3
19109,2
773,1
9850,16
19115,16
14733,2
23063,7
4762,2
28494,1
28495,2
9638,7
28498,2
23191,16
19149,12
24782,3
25428,2
26206,1
19167,2
28529,2
9923,16
19174,2
9928,25
17540,1
28543,17
9940,5
26373,7
29272,10
19201,2
23605,7
19213,10
19216,3
28577,5
28579,7
888,2
19228,3
902,7
9286,2
23751,2
23066,16
9993,7
5371,2
28605,5
26891,2
9999,7
10000,5
10007,3
25092,16
28635,7
28636,10
10034,1
19295,0
23683,7
11608,1
28659,3
12683,3
28669,2
12363,3
19316,10
24279,3
36961,2
10078,2
28698,12
10085,1
10089,3
5944,2
24426,7
28711,3
32099,7
28713,2
22916,2
1700,2
10110,5
1031,16
6103,3
12188,3
19368,2
19369,16
28735,3
10124,0
10127,3
28742,7
19379,5
28750,2
28752,16
10135,2
10144,3
19393,7
28771,3
3253,16
19422,2
33255,5
28801,7
19437,2
6580,16
23102,3
10196,3
28299,2
6603,5
19455,1
10207,7
20028,2
9282,21
28832,1
19472,1
28836,7
28838,2
10224,2
21945,2
19479,3
28849,1
28855,2
19495,3
22344,3
10252,0
28871,2
28876,7
6933,16
6939,4
28888,2
10277,0
7045,2
19529,3
13934,7
19531,1
10289,4
19537,1
18039,1
23121,5
17719,16
35003,2
10311,2
30096,16
19561,2
7243,2
32044,1
10319,1
10324,16
25762,2
7310,2
28947,10
19581,3
19582,1
10345,4
10349,2
31145,25
32825,2
3288,1
28982,3
15499,0
26287,2
19611,2
35224,0
26155,2
19626,16
10404,2
19640,16
26294,7
29047,2
26416,2
19664,1
29056,1
10451,7
29073,7
4801,1
1753,10
29085,7
29087,2
18270,0
26625,7
10472,3
34524,2
13788,16
26733,1
8250,3
24720,2
19718,1
10501,3
29133,2
19735,7
10517,2
10519,3
19737,16
10521,2
37667,1
3313,1
19751,7
27050,16
8540,3
10550,1
8551,10
27295,1
29529,2
10557,3
19766,2
29178,1
23166,2
19782,3
17060,3
10578,2
10581,4
27265,2
10588,16
26175,3
10592,16
17235,2
27345,3
29219,2
22707,1
29224,1
1497,16
19824,2
9205,3
1512,3
1514,2
29249,2
29251,25
10634,7
10637,2
19847,2
7832,2
19851,16
1533,2
12307,3
10647,2
6319,3
17039,7
1549,0
29247,7
22261,7
27637,2
10676,2
29300,3
27851,1
10683,7
19889,2
10685,0
6328,7
9363,3
11027,2
1585,2
19908,2
11584,3
23660,10
10715,3
1597,5
28070,3
1601,1
9350,2
19920,2
29351,2
1612,2
19930,3
25244,1
1617,12
34574,1
29357,16
1621,3
4821,7
29384,1
19955,2
28337,2
19960,5
9764,24
19966,3
19970,0
1658,12
7851,2
28471,7
10784,16
29418,16
1671,1
10797,3
9962,2
29434,3
10802,7
1680,1
29436,3
4831,2
31363,2
19998,16
20000,1
16664,3
29444,3
24778,2
10822,16
1702,2
20111,1
10828,7
10178,12
1719,0
28829,2
1720,1
10843,2
10846,16
10849,3
29486,25
10856,3
1728,2
1730,5
28927,2
10877,0
1750,7
20061,2
29299,3
10893,2
3830,1
20070,2
1762,1
29173,16
29528,2
17038,4
20074,2
20076,16
10899,2
29530,2
1769,16
34160,1
29539,2
10908,2
29548,5
10920,1
33729,2
1804,2
1806,3
10954,3
1810,12
29568,2
18662,3
10936,16
29570,10
30354,7
9393,5
1816,2
69,0
20123,7
29581,3
29583,2
10953,2
20131,16
29651,3
29602,3
10974,2
10982,5
1865,2
20160,2
20163,3
20166,5
32964,4
11193,1
29842,16
11211,2
33679,3
20172,7
29599,2
1883,1
32616,3
11006,7
6989,10
1890,2
27898,3
11015,0
29659,1
1898,3
20189,3
20756,3
1904,2
26929,3
32947,3
20201,2
11416,7
1915,25
29683,7
20209,16
11044,16
11046,1
29689,4
20219,0
27549,3
1946,0
11067,7
29713,3
11077,7
3257,3
11082,2
11694,3
1968,3
30423,2
20253,0
1980,2
11794,2
30501,2
20918,3
11112,2
32207,2
20033,2
11116,3
11117,2
2002,2
30628,5
20287,1
11125,7
30654,3
29758,3
28018,2
2018,2
34323,3
2022,3
7904,3
11143,16
29779,3
34653,7
2030,2
20316,2
29790,3
11161,3
11162,2
20326,2
13498,2
29807,2
2051,2
30944,7
29815,2
12262,2
11187,2
2069,2
29830,7
12339,2
29831,1
21815,3
20356,2
29363,2
18995,1
11215,2
2090,3
12459,3
2093,5
31229,2
2095,16
2097,16
12501,7
11229,3
2104,1
20388,2
5703,7
20391,3
15681,2
24841,3
2109,1
15677,2
20408,2
15293,2
11252,2
15503,16
33251,2
11257,7
29900,7
3767,3
24543,2
29918,2
12807,2
19903,2
20439,5
11285,16
20444,3
20446,2
31671,3
24095,16
12912,2
11302,3
23580,10
29947,0
11306,3
24338,1
2175,7
32986,1
11311,16
31815,2
2184,3
2186,2
2187,16
5203,2
11324,3
2191,3
9451,2
20490,2
20491,3
2201,3
20493,2
29983,3
2204,2
29993,1
11340,0
2218,1
30484,1
20508,1
32047,2
20513,2
11350,5
2228,2
13270,7
20518,1
11360,16
30018,2
13344,2
2247,2
20531,3
20532,7
30034,2
30038,2
13437,7
20195,2
2265,1
2269,3
30057,7
30060,4
9309,1
11399,7
4930,2
2286,1
32493,2
37692,2
13650,1
32536,1
32613,1
11421,2
22709,2
11424,16
11425,16
2311,2
13774,3
11434,2
11438,2
32720,2
11444,3
20617,3
32788,16
23291,1
2341,2
20625,3
2343,3
9473,2
2346,2
11463,16
20632,16
2353,3
30146,2
32916,3
32820,1
30167,12
33052,16
1929,1
11499,1
2378,3
27552,3
20674,3
11509,10
20676,3
20679,16
9484,1
3530,16
11526,14
20688,5
30215,2
30218,1
20944,2
26485,3
8365,2
2423,0
24423,2
14490,2
14128,14
14498,3
20719,3
20720,3
23344,7
14129,2
30253,7
20732,1
11579,2
11580,3
30259,3
2450,25
30263,3
2451,16
30264,16
1945,7
2455,2
20745,3
33704,7
2470,2
33738,16
20757,7
2485,2
33798,0
30300,3
2493,16
29472,1
11634,2
30313,3
27322,2
20778,1
2506,25
4245,3
20788,16
2517,1
30336,0
2520,7
27604,2
33370,0
30498,2
21244,3
2550,2
31063,1
2559,1
30373,16
6501,3
11699,7
20838,3
15359,5
11703,2
15371,3
17591,2
12684,3
30388,5
32174,7
11709,10
12914,2
28114,2
20864,3
2602,1
2610,5
20874,7
30422,16
21767,2
11737,2
11742,2
9221,1
11745,2
2628,7
2629,7
20894,2
2631,2
11754,10
15738,1
20899,3
30444,2
2638,1
20903,3
34750,2
2645,1
20907,2
20908,2
18804,7
21772,2
4990,3
15819,1
20930,2
11789,3
30477,3
34942,7
30481,2
11796,3
28127,2
34978,16
11801,2
20945,0
27904,16
15963,3
30499,3
13341,20
11819,1
11825,7
33626,14
20967,0
2707,1
18815,5
30519,0
30520,2
20975,10
4998,16
35268,3
7587,16
2736,5
2737,1
8022,2
35355,1
30539,2
11863,2
11866,3
2750,16
30551,2
30557,2
35518,3
28140,2
2767,2
35567,2
21024,16
15736,1
21025,1
21035,7
2782,12
21038,1
16495,2
30591,16
21043,3
11908,2
21053,2
2794,7
16608,3
2799,2
2800,1
2808,3
2812,17
31428,10
2814,2
9373,0
16700,16
2817,16
16746,5
21085,7
11946,2
11954,0
2838,7
11957,10
21099,3
21103,0
11963,0
21107,16
11966,1
26558,2
21114,3
16941,3
2855,2
2856,2
2858,5
18110,1
32873,1
11988,4
11989,2
17003,3
17267,3
30690,5
29764,7
21138,2
21144,2
24717,2
3333,7
2885,16
2886,1
17119,3
2891,2
36526,2
30712,2
17205,7
17222,1
21174,1
2913,2
17288,16
2931,12
2933,5
30739,2
2939,0
20811,2
7391,1
30749,0
21210,16
2943,2
12065,2
2027,16
26454,2
12072,7
30767,2
17552,1
12075,16
12079,7
17589,7
12082,2
78,2
30778,2
2079,2
12087,1
33238,3
2969,5
30784,5
12099,7
2983,7
21247,2
30802,2
21254,1
30808,7
12117,2
17788,7
30815,1
15769,2
21265,3
30828,1
3007,3
21272,0
3011,3
21276,7
30835,3
23170,16
21281,7
7954,2
2401,2
12141,16
24994,7
32696,2
33174,2
21296,4
3036,2
3038,2
3042,2
12165,3
3054,7
12173,1
30884,16
30886,2
3062,3
18870,0
21325,3
21326,0
3069,1
18280,2
37622,3
12191,2
12192,16
27304,3
3079,3
30915,2
12449,8
12205,2
13171,1
27110,14
17393,1
8091,3
21364,3
3109,7
21367,2
12220,2
21403,16
26650,7
21373,25
3113,3
12230,3
18573,2
30952,2
25009,2
18878,3
30958,3
12243,2
12246,1
21391,3
30963,16
3132,2
14435,3
21396,2
12256,7
3139,2
3140,3
12259,3
33713,3
30975,25
30978,2
30982,16
12274,1
12279,7
3158,7
21424,2
31005,3
12292,2
9779,12
31013,7
583,1
18948,2
17322,2
18960,2
10886,7
6472,2
30774,1
3189,6
3191,2
12314,2
6848,2
12317,1
31036,2
31040,2
19065,25
31044,2
12326,2
28213,5
8648,3
10365,5
29836,1
7527,5
3216,5
22255,5
21480,3
19198,7
12346,2
27784,10
9526,7
11202,16
12364,12
33771,2
3246,0
21515,1
31095,2
21517,7
21518,3
12378,3
12379,2
3263,16
25038,2
15535,2
3272,2
12400,2
21544,3
15822,2
21546,3
3282,25
3284,3
15224,16
21551,7
13902,16
19604,2
21880,2
33538,2
20367,16
3301,2
3303,12
3304,10
3311,5
23493,1
21576,2
8030,7
15380,2
12452,16
3328,2
12455,3
31191,16
12457,1
29854,3
3644,3
3340,16
3343,2
21602,7
21605,3
31212,16
3354,2
8503,16
17349,3
1679,2
14292,3
12487,2
12488,2
31232,2
12490,16
29863,2
11928,3
1775,3
1809,2
21638,2
31261,12
3405,5
31263,2
3407,2
31275,2
12549,2
3418,2
31283,7
21668,2
20333,3
12544,7
20351,7
3433,2
3434,2
4515,7
31298,7
3440,2
21687,5
24067,1
2163,2
21690,3
32657,2
8153,2
21702,16
6637,3
20541,3
21713,2
12583,2
21715,16
3473,3
17745,2
21717,5
21718,5
9418,7
12600,3
12601,2
12604,7
21731,3
2433,3
21733,2
7295,2
3496,1
21736,5
2118,1
7742,2
21756,2
20873,3
2619,7
3528,2
12638,2
12639,3
21774,2
5106,2
22891,12
12644,16
3535,2
31412,3
34924,5
2743,5
31417,2
29189,2
21795,7
24111,16
21797,3
12659,3
23533,5
12661,2
3561,7
3563,2
31493,4
21806,2
21812,10
23537,0
2897,16
21214,2
21827,2
12789,2
12690,1
21833,7
3589,2
3594,3
3595,7
12701,2
31476,3
12706,3
12708,3
3607,3
12717,1
3611,3
31494,5
12721,2
21854,16
3615,2
21857,3
3618,2
31575,3
6661,16
5610,16
12740,7
31517,3
5146,2
21888,3
13214,3
17730,2
12761,16
21897,2
21900,3
21903,7
31548,1
14337,5
31555,16
12779,5
3672,1
12782,5
31564,3
21829,1
3608,3
3614,1
3628,3
3693,3
17408,2
12806,5
3698,1
11092,2
3702,3
31597,7
31598,2
21959,3
3790,3
22058,3
21969,22
7537,2
21977,5
12834,2
3726,3
21984,0
12842,3
18822,3
21990,10
12848,2
17615,2
3740,7
36275,3
12856,5
12858,3
31644,2
3750,2
31653,3
31655,16
21734,7
21236,7
22391,12
12880,16
34678,2
22028,16
31648,7
22435,2
22440,5
30661,3
3785,0
9942,16
17422,1
31163,16
22047,1
22048,7
12906,2
4250,3
35287,3
3798,5
31700,2
22602,7
22629,2
29943,2
5984,5
31715,3
26729,14
14073,2
31720,1
12932,3
12934,3
12937,2
3825,1
31736,5
22099,10
2171,2
11753,2
29027,10
5050,10
6699,1
22109,25
3838,16
3841,1
31758,2
31761,16
3851,3
3854,3
25139,10
5175,1
12841,0
31792,7
4786,3
3877,3
33307,2
23587,1
23255,3
34545,2
22165,1
3889,1
12345,2
22169,2
22170,7
3894,25
32419,3
32609,4
15687,5
31244,3
22186,3
22187,2
22191,16
12931,3
26745,16
22194,7
13039,1
23424,2
22198,2
29638,3
3915,1
7280,1
13054,24
14360,2
5135,2
13062,16
31861,16
31862,7
25156,2
13078,2
13081,2
31875,2
5256,2
22241,1
3959,3
23723,2
13097,2
33085,7
14394,2
31894,1
3971,7
13896,0
31901,2
5425,3
3979,2
22717,3
22278,3
8249,5
5458,16
3985,2
31916,7
13120,2
22285,4
31922,16
31924,7
3994,5
22293,1
13135,3
22296,16
5583,2
22298,3
13141,16
17471,1
13144,2
13146,16
13147,16
5626,7
22307,2
13155,2
5211,2
13163,7
31964,10
20514,2
31973,12
5816,3
13184,2
21234,2
24274,2
4047,7
22347,3
5884,2
4050,16
13192,16
7315,2
32002,3
22593,1
24410,0
13201,2
24430,1
32012,3
32013,2
25180,7
7096,7
14412,2
12555,7
26775,3
32027,3
23421,1
27515,2
6164,16
32043,2
22396,3
20512,2
25084,1
32053,7
22406,7
32061,1
13255,2
4037,2
13258,2
6329,1
33361,3
32075,3
22422,2
16638,3
26785,7
22428,1
27066,2
4120,2
22436,3
22033,5
22443,3
32104,7
32107,2
13297,5
14425,0
22453,7
25016,2
28132,7
13315,3
13318,5
32136,16
27999,2
6695,2
25237,3
32143,16
22479,2
23506,1
22487,3
22488,12
26875,2
13338,2
32155,16
4180,3
22494,3
32160,2
13349,7
13351,1
25298,3
6884,3
32172,3
22182,2
32177,7
25379,7
25391,7
32183,3
13381,5
22531,7
3794,3
32192,16
4214,7
22534,1
20557,2
29389,1
13395,7
13400,2
22557,2
32214,2
7696,2
13408,2
25631,12
22566,2
4312,2
22568,2
4242,3
7234,16
22575,2
16232,2
22578,1
32240,2
24805,7
25222,2
13429,2
25771,7
4261,16
15991,2
13444,3
32259,1
13451,2
22598,2
22057,3
32275,3
4281,3
13466,16
26816,16
32284,3
25946,2
22061,2
7499,1
4299,1
4988,1
32298,1
13481,2
6772,3
22630,2
21644,3
22063,2
13488,16
4309,16
32315,0
25818,1
32325,2
35083,2
22478,2
4321,1
22646,7
13507,2
32339,3
22654,2
33311,3
4327,2
32344,2
4331,1
13521,2
26282,1
23681,5
29336,2
4337,7
27649,5
30138,8
13529,5
31034,1
26357,7
8318,2
32367,1
4354,25
32372,19
13541,2
26444,2
25155,1
7989,1
26521,2
32398,3
26564,25
26593,5
4386,1
2390,5
13573,7
4391,3
4394,16
4399,2
13586,7
28950,5
4405,1
29066,2
12936,2
13595,5
30069,2
13599,2
2696,16
32463,12
6811,3
31208,3
19500,3
32474,16
23626,5
2605,1
13624,2
22789,1
22792,2
22793,3
22795,0
17823,1
20185,16
4462,3
4464,0
32505,3
22810,16
28439,3
8765,3
4499,1
22840,7
32537,2
22841,10
16028,1
31742,4
22847,16
22848,2
4508,2
19098,3
4514,2
27436,3
22856,2
16030,3
13693,3
26866,3
2303,7
25675,5
13712,3
19102,2
12132,4
22886,1
690,2
24104,5
16597,2
27644,1
22902,16
9122,2
6834,2
31166,7
4572,21
4573,2
25278,1
26507,2
13760,2
9267,1
4595,1
32632,16
32637,3
26563,7
22949,2
22118,5
22952,1
13786,1
32646,16
27994,2
6842,2
32654,3
17050,2
22970,7
9472,2
22973,2
13804,2
4628,7
4631,2
32669,2
27441,3
4634,3
15424,5
22985,5
4639,2
20601,2
22990,1
22997,7
4647,2
13822,16
13823,16
32692,2
23018,2
9694,7
14662,3
32703,3
32704,2
4664,2
28417,0
23041,2
32734,16
13865,16
4689,5
28518,3
7734,2
13874,2
32751,3
32759,3
23071,3
4709,2
10107,16
28727,16
37570,2
23092,2
4726,25
23095,16
32785,2
7205,1
23101,2
4732,16
4733,1
23107,3
13924,2
23422,1
25802,5
32806,2
23117,2
21463,3
32814,12
11457,2
28145,16
23143,1
31182,1
23147,0
31422,2
23151,2
36233,2
4773,10
4774,2
3667,2
13972,7
4782,16
8398,2
32856,2
5553,2
32866,2
23182,1
10707,1
32886,2
29355,3
23197,2
6879,2
23198,3
8990,5
23201,2
29399,1
26598,5
10781,3
32900,2
14012,7
23212,7
23215,2
23216,1
10907,1
23225,1
36110,2
32930,25
27064,2
14039,2
32935,5
35470,3
2359,7
36922,16
23246,16
4866,3
8158,2
32956,16
16320,10
23256,3
14069,1
11148,3
34458,5
29797,2
4885,7
29810,16
23274,16
11205,3
32979,2
4899,2
29936,2
4913,2
33000,0
23304,2
29882,1
4923,2
23429,7
23309,3
27125,7
33019,16
14112,12
23323,1
23324,2
30154,7
5831,16
22223,5
25036,16
30227,7
23342,3
30601,2
33045,5
4962,2
30330,2
4974,1
23358,2
4979,5
11717,7
33078,2
4989,14
33087,1
4992,3
4994,3
4995,0
9920,2
33094,2
33095,1
14178,2
4999,2
30538,0
33104,0
23390,3
7299,5
33107,2
33108,2
17236,2
30666,3
12320,10
33122,7
14205,2
33132,3
25537,1
14219,16
35408,3
14229,2
23442,2
20584,2
33167,2
14254,16
35707,5
14273,2
12413,2
5100,7
31190,12
11522,2
5107,1
5108,1
33028,2
5115,16
14301,2
14304,7
5118,3
5123,3
14310,2
23523,2
5129,2
5131,1
23532,16
23535,5
23266,19
33250,7
23547,1
35348,2
31521,2
14332,16
23551,16
33259,16
12625,3
33265,2
12840,7
14350,3
14351,2
23565,16
35239,16
37304,2
33286,3
23575,1
14368,2
33298,3
5178,2
14371,2
12817,7
23582,3
14374,5
5185,1
20700,1
10012,3
14386,2
5195,3
14388,7
33322,2
33326,7
33327,3
33328,2
33335,3
5206,2
17683,7
14409,1
14410,3
34848,5
30247,1
17771,7
33769,2
5233,16
14428,5
23646,7
13329,3
23651,7
5241,2
33380,2
5245,5
29935,3
18222,2
33392,3
5261,2
33404,2
14460,2
5266,3
23692,2
23693,2
13587,7
14477,2
33420,1
14493,1
13654,1
14492,2
37658,2
33433,1
32545,2
5287,2
33442,1
33444,7
8481,12
13781,2
33457,7
5306,16
32672,1
13908,1
32722,7
33470,5
14535,2
14537,2
23746,3
32790,7
13922,7
5333,2
33493,16
23759,3
33498,5
14561,3
32944,2
1657,25
14644,16
5351,16
23779,1
14123,0
27017,25
14583,2
35281,3
5357,2
14590,2
33547,3
23808,2
33558,3
2446,0
23820,2
33566,1
10567,16
5399,3
5379,16
33572,12
33574,2
14630,7
5408,2
23833,3
16034,0
14639,1
33588,1
33589,16
19254,3
5423,2
5426,2
5430,16
11585,3
5432,5
5433,16
23854,3
33604,7
23857,2
23858,2
5440,16
31629,2
14664,2
5445,1
29902,3
21334,7
23888,2
23892,16
23899,2
14708,3
25245,1
14976,4
5493,2
5495,3
23917,5
14727,5
14731,2
19265,7
15107,7
11183,3
33686,3
15692,2
33688,2
23938,12
5515,2
5526,7
29200,3
14763,16
14764,2
35079,3
33714,2
9757,2
34672,3
23965,2
33730,3
23971,5
28630,2
14786,2
32389,2
33741,3
14791,2
23981,2
34442,2
14798,5
15480,7
34495,3
23999,3
24002,25
14816,7
32249,2
24016,7
37422,2
5613,3
5614,1
14828,3
3179,1
33790,5
5621,0
14835,1
33795,16
11621,25
24037,2
24039,7
15790,3
14847,16
5639,2
20752,1
33817,16
24053,2
15837,5
14858,1
33821,16
14861,2
19052,12
6037,7
24070,1
15942,16
5662,3
5666,2
5667,5
14884,5
33847,16
14885,2
24089,1
5677,12
5678,1
5679,3
10044,5
7022,25
5686,2
24232,7
14904,3
16096,2
24109,1
36836,0
12081,2
14912,1
35266,4
24116,2
24120,4
33885,2
14923,16
33888,1
27382,3
24129,3
5717,2
24137,16
30200,1
28599,3
16337,3
14946,2
28664,3
14950,2
24152,2
33918,2
24157,2
33921,1
10821,2
5755,5
5758,16
5760,16
2513,2
24190,7
36013,2
5788,1
15006,2
33962,2
15014,3
33667,3
24215,5
24218,1
16747,3
16769,0
35974,16
24230,2
33992,5
25496,16
34007,2
8569,2
34012,16
24264,16
5848,7
35805,3
17001,5
36259,3
34022,2
24280,7
5863,2
27445,5
34031,2
15086,2
5871,2
5873,3
19606,2
15106,2
28510,2
15114,3
24321,5
24322,10
36550,3
24326,1
34838,12
5911,3
34080,2
24336,10
15134,2
15914,1
34088,3
36688,3
34089,7
24346,3
15142,0
15144,3
34097,2
11670,16
24352,3
17503,2
13715,2
5931,1
34111,2
17560,2
15164,12
15170,1
5949,10
15175,5
24382,3
24386,3
37543,3
5960,0
34146,5
23944,5
5676,2
5576,3
5978,1
5982,3
27129,7
5985,2
15217,2
25898,1
34184,2
34188,2
15235,16
37311,7
6010,2
6013,7
29453,7
34204,2
17827,16
24440,2
15252,7
24447,3
23954,3
27136,2
15262,12
33709,2
15267,1
29647,16
37495,16
37507,2
6039,2
34228,16
15273,2
27643,1
26736,3
8418,5
5542,3
15281,1
34243,5
6052,3
6053,3
24480,7
24481,1
15294,1
34255,5
30323,2
18386,5
15312,7
100,2
24511,16
34283,1
24516,16
6089,5
32671,3
15325,2
24525,1
20692,1
24528,5
6100,2
6101,2
10117,12
6106,7
261,3
6107,3
15341,2
18635,7
16286,2
11700,3
17764,16
24556,3
24557,2
34335,2
15363,3
6146,2
24406,2
15379,3
17367,2
6153,2
34366,2
30312,7
6166,16
639,2
19001,3
15893,7
29441,3
36535,0
6184,3
6186,3
24615,5
25840,2
34410,5
7092,16
13980,20
15425,2
8161,5
6206,3
28430,16
34430,3
30916,3
5569,16
24645,16
6225,1
15449,2
24656,7
15454,2
24658,2
15457,2
6236,3
34462,12
22612,1
36579,16
3295,0
18705,1
6252,5
26814,25
1187,1
6263,12
15487,7
34493,2
6268,12
28756,3
15491,3
17874,2
6286,1
6297,16
34525,1
24721,3
24730,7
29877,2
24738,3
6310,3
19838,10
6317,3
26349,5
6320,2
15540,2
15542,7
24754,3
15546,2
34570,2
17884,19
15551,16
35458,5
15559,2
6347,3
20879,5
24775,3
9614,2
15565,3
36390,16
6368,1
14150,2
15577,3
6371,2
6374,3
15582,16
6376,16
10168,2
15586,16
6382,0
24804,7
6388,3
2474,1
6390,2
6392,1
25594,2
1934,3
34642,16
6400,2
17254,2
15612,3
26502,16
34662,3
26229,3
30079,3
6425,5
15629,1
20397,3
19223,2
24660,2
6437,2
15641,12
33786,1
15644,7
20476,2
34684,2
6446,2
20515,2
10586,2
34695,7
10544,7
23822,3
15659,16
19424,7
25518,2
20666,3
6477,7
6478,1
15682,10
24895,2
24903,2
24906,7
6491,10
33415,2
2547,1
34741,5
10175,1
15707,5
34744,2
24922,2
7140,2
25615,2
24931,16
34757,2
34760,3
24936,0
34762,7
2682,16
4132,2
34763,2
20983,2
6523,3
31293,16
6530,2
37384,2
4135,2
34787,10
29474,3
34820,2
24968,2
34794,25
34797,3
34798,1
34801,1
6546,7
6547,7
24977,5
24980,0
24981,16
21233,0
28165,5
24991,2
33597,3
15779,2
15780,1
15781,1
6567,2
34836,25
32623,1
15794,3
6584,2
3155,2
31291,1
34851,3
17873,3
34854,2
25018,2
3234,1
34868,12
26853,3
34878,3
18192,0
3305,2
34885,2
34887,2
33819,3
32845,10
21606,2
34898,2
34899,3
25063,7
34903,3
34905,2
6632,2
15846,3
15848,1
6640,2
25077,2
6643,3
21764,2
18776,12
25083,2
25085,2
34925,2
3567,1
21818,0
19182,2
3581,7
24059,3
12297,3
15867,2
28823,1
16442,2
6673,2
34967,7
15897,25
25123,16
25130,5
15907,2
15909,2
6700,16
9922,16
34987,3
25140,1
11524,3
34996,0
30488,25
13328,2
15925,0
20113,3
15927,2
4362,7
37268,2
27832,2
6726,2
35018,0
25170,5
16389,2
25189,2
22420,16
15968,2
15972,3
25197,3
21560,3
25199,7
22489,2
35062,3
25212,2
6777,2
35068,2
13696,7
22587,3
35072,2
22594,2
25231,2
14973,3
22631,1
11482,16
6797,2
16011,3
16012,2
11659,2
6805,3
16016,2
25254,1
20958,7
16019,2
25261,7
16644,3
22975,0
6818,2
6823,0
6826,16
6829,2
30510,2
16036,1
22896,2
35126,7
16040,7
4580,2
6839,2
28856,2
34229,12
9995,7
16048,2
23028,3
6851,25
16058,7
6856,2
35148,16
16064,2
20243,3
27573,2
28896,10
25308,3
27953,2
25311,1
2997,2
16073,3
35161,2
23163,2
34021,10
8733,3
35182,2
4893,2
25335,16
25346,2
23369,3
33983,7
24809,5
25356,3
23412,2
16120,2
25366,3
27277,0
6927,16
25373,7
16133,16
6938,3
25384,7
35247,12
24313,5
6943,16
25390,2
35254,2
29561,2
13376,0
6962,2
35278,12
26429,3
25416,1
17992,2
19513,16
6974,5
6977,2
16184,4
16432,1
25439,7
6990,19
6991,2
20992,10
4213,2
7005,3
35334,2
25473,3
25475,16
7014,2
35339,2
7020,2
10336,2
24173,16
35351,2
11642,2
7032,16
35362,2
16240,2
25497,2
7038,12
24277,2
7797,1
25508,2
14325,2
34226,3
25514,8
24377,2
35661,3
25521,7
7060,1
35404,2
25529,0
7068,2
25707,5
15149,3
24522,2
24526,2
25543,2
16287,3
24558,3
30945,7
16289,7
33900,2
35426,7
7087,2
7088,3
24603,3
25557,16
11869,3
35435,16
7095,3
8774,3
32833,10
16305,5
25573,16
35447,1
9839,1
24802,2
7122,19
21003,16
7252,5
18658,1
16341,1
32848,3
25606,7
35484,3
16348,1
6509,1
6531,16
7147,1
7151,16
7152,16
35508,19
35510,2
7165,16
8785,2
16896,16
35093,7
16376,2
16378,2
25116,10
20059,0
25645,2
27333,12
7184,2
4901,2
7187,1
25655,16
16393,3
25205,5
25224,1
25238,16
35546,1
16401,7
6810,7
25672,3
20082,16
16411,5
7218,7
24162,10
25686,2
7226,3
25409,2
16428,3
16434,2
25463,16
7240,7
35594,16
7733,2
21504,1
28048,3
25710,2
33913,2
16457,2
25715,3
35615,2
16465,2
7260,3
25728,7
7191,1
35625,16
7269,1
7272,2
7273,2
25740,7
16480,25
7283,3
16486,3
25750,3
35644,7
25754,1
7290,7
16517,3
25782,1
13805,2
26190,3
25786,2
35917,1
25793,3
14984,3
7332,2
16538,7
16539,2
16548,12
25811,3
7346,2
16563,14
16569,3
25824,2
25825,3
7357,0
26290,2
16580,7
26338,3
17966,3
35751,2
16588,7
13589,16
16593,16
21531,2
23750,1
35764,1
27369,2
32042,2
34101,10
21061,16
8043,16
8058,3
14999,7
19055,3
7409,16
24448,7
26614,3
31780,2
7417,1
26757,3
34285,3
35669,7
35803,5
16041,5
13459,7
26741,2
7437,16
30618,5
35824,2
7445,2
3485,1
16662,3
35838,3
16663,3
26905,3
35845,3
16674,7
16678,7
16679,3
35853,2
30274,3
8478,2
35869,2
25949,3
1245,2
7482,2
27063,2
16699,1
15018,2
16706,2
35894,2
35900,3
8628,3
7501,3
7504,3
25976,7
7507,16
7509,3
7511,16
35921,2
7522,2
25995,2
25998,10
26004,2
27657,16
33292,2
35946,2
7541,3
27416,3
35962,2
7551,16
35964,1
7553,3
16763,1
7554,5
35967,2
7560,7
16773,2
26044,3
35982,16
16776,2
1866,16
26048,3
7571,1
7573,7
7574,2
5622,2
35276,14
7577,2
26060,7
16793,6
37100,2
1431,2
28990,7
36008,3
36011,2
16809,2
36012,7
36016,3
17317,2
36020,3
3517,2
36035,3
30652,2
7619,25
29788,3
26114,3
26121,2
36060,2
16850,7
26919,7
13497,2
36064,3
16856,3
16857,2
7647,2
28109,5
30852,2
26140,2
36078,3
8856,2
36079,8
7658,16
26147,3
36082,1
28180,3
36091,2
36093,3
26159,7
4319,3
31322,3
26170,2
16892,2
26173,3
9718,5
7687,3
33289,2
16903,2
36123,2
27423,2
19628,5
11973,1
26195,3
7705,3
26205,3
7715,5
34011,2
22653,7
34842,3
4326,7
22201,1
31991,12
16940,2
16943,2
31599,7
28644,3
16951,2
16952,5
24463,2
26239,3
28726,2
7753,1
36191,16
7755,3
7756,3
7758,3
7762,7
36199,16
10187,2
18337,2
26257,2
8186,2
36212,2
34051,16
16982,16
33928,7
21126,3
36227,16
36230,3
26284,2
7789,3
18149,2
16996,3
32352,2
7795,2
26292,1
36241,16
7801,3
17004,1
17006,2
29070,2
17011,2
17016,7
29034,5
10526,2
36262,16
7814,2
34100,2
19648,1
22102,3
36274,3
26327,7
31210,2
34025,2
7828,3
7829,2
36283,16
7833,16
26340,16
32898,4
18158,2
36292,2
4932,3
26355,3
36305,0
20022,7
21009,3
26364,3
36323,1
10850,3
17069,16
31856,3
36331,5
4141,3
7867,2
10927,1
5395,1
7873,2
17086,3
26397,2
16521,2
35756,16
7884,16
6931,2
26406,3
29051,7
17115,2
26426,1
26430,7
7912,2
17033,7
11213,2
10919,3
26074,2
7919,16
7923,0
36391,1
26448,16
37486,16
36398,2
29058,3
36402,2
13820,7
32664,2
3065,2
16308,3
33778,2
17151,16
26461,3
7946,5
30070,0
26464,2
17158,2
13535,2
10446,5
7955,2
7956,1
36421,1
7957,2
30993,2
15320,2
36902,0
17183,3
17185,2
36435,16
11557,2
1569,5
7977,2
26492,2
7987,3
26503,2
7991,7
7993,3
11684,3
26510,2
30376,2
36466,7
26517,5
7356,7
17218,2
36473,2
26524,16
8014,2
32393,3
36482,2
36485,5
19880,2
36495,3
21952,7
17251,0
8031,3
30621,7
8482,1
34063,2
2854,3
17272,7
8049,2
30735,3
30752,3
8059,2
26575,0
36538,1
8065,3
36542,3
8068,2
8069,16
6758,3
36546,7
13357,1
26592,7
4385,1
26594,3
31641,3
17300,2
30909,3
36560,16
30984,2
15548,4
36574,2
26618,2
26621,2
35797,2
36580,16
36582,3
35798,2
17327,2
35482,5
26930,2
36604,3
26648,3
25348,3
11385,2
26654,3
34244,2
8147,2
12548,2
26668,2
6178,2
23469,16
36631,3
36634,2
26675,2
8162,20
22736,2
8168,3
36646,4
26687,3
8444,5
17383,2
26695,2
27514,3
15133,3
26913,7
6598,5
12768,2
17404,0
21222,1
8193,0
15137,3
26713,2
25674,7
7015,3
17414,16
29111,7
8209,2
17424,5
17425,2
36701,2
8217,2
17435,3
17437,2
23871,3
8230,25
36712,3
36715,3
13038,3
17453,2
31839,3
31842,3
17456,3
34095,16
13067,3
26752,7
24197,3
26758,3
17466,3
17469,1
31934,7
36738,2
26763,7
26769,4
8264,16
8265,4
36750,1
26776,2
8273,2
17488,3
16646,2
8284,3
32147,16
26800,2
36776,3
36777,4
5561,2
26813,3
35832,1
17527,3
26821,2
17536,2
36814,5
26834,2
8332,0
36831,1
13606,2
18237,1
17577,2
25921,2
36870,5
26893,3
26894,16
13842,2
2960,16
8372,2
26898,16
23020,16
8386,2
26667,3
21229,16
37356,2
36913,7
7848,16
36921,1
421,2
8410,3
26942,16
2924,2
12197,2
17635,25
36934,2
26947,2
36937,2
8433,0
36949,2
17654,3
26962,2
26967,6
33155,2
12370,10
33131,2
17669,7
14295,2
21967,3
7470,1
36977,7
8462,7
33006,1
30524,3
17685,2
36988,2
15447,2
27001,1
17698,0
5522,12
37005,3
8486,2
4448,16
36242,7
37021,14
17720,16
8493,4
15189,16
8500,5
33586,1
14830,2
8504,2
17191,1
4453,2
33648,2
37047,2
34153,5
1509,7
17743,7
17747,16
16057,7
10227,1
36420,2
8538,7
8539,3
37080,2
37081,2
27079,1
8555,3
14962,5
37096,2
8559,3
17781,3
27090,3
27097,1
27100,16
8573,1
17937,1
37116,2
17808,2
31717,7
16072,25
17815,2
27119,3
37127,2
37128,2
8589,3
17822,2
17824,7
34170,3
16705,16
27142,1
24044,3
35534,2
2503,1
27152,2
37171,5
8617,1
33894,5
17861,1
7497,1
8627,16
17866,1
27167,14
15926,1
37197,2
27185,7
27186,2
37204,7
36441,2
27194,7
32993,2
27586,1
8659,16
27207,3
13655,2
8663,3
15158,16
37226,3
17908,0
34746,16
17025,2
20072,0
17919,1
34939,1
31220,1
35394,16
4859,7
17931,1
37247,2
12135,16
5998,0
27240,8
4347,3
17944,12
8694,2
8695,7
10841,7
18300,2
8703,2
13664,2
17956,2
35086,7
16037,2
8725,5
20465,7
8737,2
35540,7
16117,0
37308,7
16145,2
30912,2
27287,3
37317,2
27290,5
8754,3
35322,12
33244,2
18003,2
27305,7
18007,0
18008,16
8760,1
37653,16
8764,3
35420,2
35439,16
27320,3
22671,2
37352,7
27342,2
18061,1
30439,2
37380,2
26697,2
18065,1
37382,1
16743,16
10343,2
18070,3
27365,3
22844,16
18075,2
8812,7
37391,3
8817,2
37400,2
34208,2
8823,5
35850,2
18091,16
27387,16
27390,10
37418,3
18102,2
18106,0
27400,3
35996,7
27407,7
4620,2
27413,3
18120,2
8857,2
34280,10
17177,3
21310,2
27433,3
10747,16
27437,2
18144,2
37462,16
8879,7
8881,2
18154,0
37468,2
8890,10
17068,3
9024,0
9066,2
18165,16
13862,2
37481,3
18174,12
32863,2
31638,2
18180,2
20685,3
30531,7
34312,2
17231,2
37505,3
2616,7
27495,2
8935,7
8940,3
8943,2
27506,16
27508,2
30891,1
8951,3
8952,2
21050,3
36709,16
27522,1
25312,1
22509,2
8966,7
8978,16
18241,2
8982,1
17981,7
18247,2
33103,2
27550,16
30542,25
18264,2
37592,7
9001,3
37328,5
10625,2
18269,2
37605,2
26045,7
37302,7
27576,1
37614,3
18286,2
15288,10
16313,3
19967,7
9028,3
37638,2
27606,25
9039,3
37642,2
17336,2
27612,3
26232,2
32574,7
27615,16
37649,2
18095,2
37660,2
5620,3
30044,16
37663,7
37668,2
18916,1
37672,1
9073,2
9074,2
17140,1
21338,16
37562,3
37680,7
12337,5
27651,2
18348,7
28773,7
6028,2
4558,16
18357,3
4182,16
1499,3
29109,3
30719,5
4054,7
35506,16
10360,5
26837,1
16821,2
17852,16
11435,1
23175,5
34293,7
1502,7
20336,3
11109,7
21419,7
8933,8
24329,8
26934,2
6193,8
15578,2
27488,2
22620,7
16050,2
20886,3
13248,2
3917,2
14186,16
20550,8
16561,8
29811,2
35811,2
19584,8
6227,25
25393,2
26244,8
4629,1
25343,5
33219,12
22357,8
1504,5
5974,3
15079,1
1505,1
1506,3
1591,3
22890,7
12698,5
15212,5
1508,26
13293,26
1511,4
25316,4
25118,4
8936,4
13198,4
8344,4
24692,2
13567,4
26274,2
25271,4
27913,4
1513,2
27716,2
16185,2
15406,2
16066,2
32187,2
5190,2
20635,2
1698,2
6432,2
35550,2
16156,2
19557,2
25959,2
1516,25
32263,25
1518,5
18414,1
11746,1
20026,1
1520,2
30337,25
1971,25
29667,25
34473,25
10891,3
33677,25
14679,3
26469,5
16460,5
30561,3
12294,5
3101,5
20312,3
33540,5
5924,5
14040,5
22842,7
24765,3
18937,0
27617,5
6140,5
4291,3
33578,3
32308,10
15236,3
24051,10
9827,5
34929,5
35488,25
33024,7
19668,5
31315,5
21575,5
1951,3
32496,7
12278,5
21916,5
7447,5
21998,5
20509,5
4474,5
19756,5
35834,5
29769,10
35011,10
14901,10
22915,10
7685,5
24416,10
4592,5
17972,5
35804,10
26804,10
37248,10
9899,10
2656,10
18121,10
1778,10
34222,10
17238,10
7403,10
33003,10
18329,16
27481,10
35889,10
7780,10
4203,7
353,10
31165,10
31590,5
16212,10
8955,10
24821,5
17021,10
27952,10
16879,10
5504,10
23949,2
3325,5
3801,2
10410,10
7547,10
20740,10
32767,10
13853,10
32137,10
6710,10
22245,10
5024,10
14799,10
4461,10
16785,10
11763,10
10299,10
25700,10
18577,10
14824,10
30023,10
12518,10
3133,10
20066,10
34740,10
21386,10
30971,10
32374,10
6205,7
22269,10
5635,10
9996,10
14571,10
16562,10
32230,10
11108,10
16536,10
11280,10
11115,5
19741,10
4357,2
14006,10
18802,10
14009,10
22001,10
7093,10
36409,10
18643,16
9370,10
2205,25
34984,10
1527,5
1528,7
30783,7
10612,7
1529,3
18613,3
13741,3
12128,16
7428,1
28627,16
17076,3
24503,7
9876,7
6687,7
26295,7
35233,7
37118,5
16039,5
31196,5
27172,5
1535,2
5670,2
1536,16
26174,16
9380,2
2440,1
27778,1
18615,3
1539,25
36226,16
13706,16
36732,16
25712,16
17988,3
30213,3
3470,3
1541,3
1542,1
35125,7
33228,0
18944,7
6423,0
20043,5
3599,7
6706,7
30583,7
29253,7
9978,7
4601,7
6996,7
14650,7
21846,7
16932,7
14765,7
8195,7
25558,7
5914,7
15713,5
13684,7
4109,7
23036,7
7271,7
10531,7
31649,7
1544,7
24796,7
33832,7
12426,7
10949,3
1545,3
22135,3
1546,2
6384,2
37344,2
1548,16
20269,16
32159,0
7408,0
33263,0
28003,3
1552,2
1553,3
27377,0
1555,1
1893,1
1557,10
11682,10
1558,2
9826,2
23707,2
35295,3
1560,1
6255,1
16767,1
26077,1
22342,1
31201,1
21327,1
1563,2
6762,3
1565,3
26589,3
28101,3
4260,3
23287,3
28709,7
27299,7
1566,2
7021,2
25729,2
1567,7
7862,7
1568,3
18620,3
14391,3
1571,3
9306,7
7436,2
32059,2
9719,3
36827,7
34498,3
24673,5
28877,5
1576,1
31203,3
4353,3
10287,3
27184,3
1577,25
24777,3
16344,3
29339,3
1579,0
31601,0
1580,2
1581,7
20419,7
1582,3
4119,3
1583,3
28311,1
1973,1
28858,1
18390,1
14024,5
33281,1
2615,1
28567,1
15490,1
20878,1
11295,1
10867,1
12602,1
2329,1
12257,1
12323,1
8859,1
7128,1
30901,1
8274,1
19546,1
783,1
9988,1
9412,1
18122,1
10895,8
9415,1
18407,1
35500,1
2360,1
20920,1
26819,1
28527,1
7455,1
5449,1
2677,1
21017,1
6914,1
20215,1
31734,1
36530,1
10356,25
37483,1
4096,1
7200,1
23834,1
5213,0
611,1
3844,1
4618,1
31137,1
23359,1
31775,1
21855,1
10721,1
5267,1
36554,1
7498,1
33050,1
15602,1
23691,1
12434,1
10086,1
12151,1
25766,1
36576,1
2751,1
19467,1
23366,1
21578,1
11293,1
14159,1
36765,1
13010,1
12453,1
8860,1
37243,1
5502,1
35621,1
7186,1
29618,1
14580,1
6431,1
27873,16
27239,1
30402,1
31827,1
14473,1
19337,1
12754,1
10727,1
17397,1
26657,1
3651,1
17750,1
19094,1
9275,1
24073,1
2543,1
16636,1
17672,1
21348,1
37610,1
24600,1
13646,1
15557,1
14813,1
17684,1
29411,0
8470,1
3201,1
26608,1
32774,1
24020,0
24021,1
18077,1
11566,1
11073,1
17113,1
19706,1
8907,1
36107,1
12816,1
19125,1
14843,1
22580,1
3940,1
19823,1
36813,1
24941,1
32229,1
34846,1
2723,2
7865,1
32882,1
31488,1
16992,1
21481,1
27353,1
25620,1
21146,1
30344,1
3269,1
1717,1
8806,1
32264,1
17770,1
11840,1
22948,1
14925,0
32335,1
31079,1
5867,1
31683,0
35657,2
34451,7
1587,1
24598,1
33628,2
32568,3
13304,3
35933,3
23620,7
14526,3
13427,3
7024,2
3641,3
16025,3
18285,3
8496,3
35687,3
19723,3
32146,3
3445,3
1592,3
24979,3
14822,5
4404,3
10681,1
18626,1
1595,3
25552,3
11319,3
9782,3
1596,3
11958,3
1598,16
32834,7
29967,7
3555,0
3992,0
1602,1
1603,2
26900,3
25679,2
1604,1
11132,1
6399,1
1605,1
1606,2
13307,2
28156,2
31789,2
1694,7
34701,16
22188,7
29786,3
8561,7
7766,7
7600,7
18819,0
19989,7
1894,3
23087,7
3064,7
16772,3
36214,7
19884,27
6728,7
5484,10
16002,7
15094,3
28256,2
6380,7
9413,3
21618,7
31982,7
32648,7
1925,7
3592,7
22510,7
20928,1
2365,3
948,7
12358,25
23866,5
10960,7
29107,7
1609,1
1610,2
3549,5
8893,7
23923,5
27458,3
18044,1
24355,3
32911,3
37482,3
16849,5
7914,3
2125,3
27587,3
30497,0
11848,3
24138,3
8720,3
30914,3
28724,5
3492,3
22739,3
21786,7
19053,3
1613,1
10918,1
1614,2
31396,2
35701,7
1615,16
37549,16
1616,2
9568,1
14270,0
34157,0
15473,3
17653,0
18127,0
28295,12
603,3
27279,3
1620,0
27217,16
493,16
25067,3
1623,16
1624,7
37675,5
9628,5
2427,5
1626,5
1627,1
1628,2
17543,5
1630,2
9665,3
33486,2
35864,2
22644,2
2984,2
7972,2
1938,2
7418,1
36966,7
28834,7
1633,2
9929,2
3180,3
15201,1
10297,2
14243,2
18173,1
8906,1
10934,1
36562,1
1335,2
27036,1
25383,2
13923,2
6609,2
7405,2
19879,2
26207,2
9846,2
20097,2
13952,1
1634,2
34824,2
29697,2
31214,3
1636,1
22914,1
14300,2
11572,1
32200,1
36464,1
1637,1
1638,3
1639,5
36826,5
29008,1
21332,3
33319,14
4705,3
17942,3
31931,3
19874,3
19394,3
25110,7
23406,3
21502,3
1641,7
1644,3
2494,0
1646,2
35264,2
1647,2
1648,2
18693,2
27597,24
20898,1
4153,1
25855,3
14037,2
9793,1
1743,1
14191,1
26166,1
14542,1
22235,1
27477,1
33737,1
20386,1
11962,1
12251,3
2391,1
21683,5
29312,1
5238,1
8873,1
9777,3
7229,1
33027,1
6831,1
21156,1
1651,7
24768,8
16818,2
8805,3
6327,8
1653,16
21556,3
15828,5
32512,5
25865,5
24048,5
13490,1
14614,1
11483,1
14920,1
19859,1
26500,1
35108,3
31449,12
11943,1
25446,1
30665,0
12967,1
4161,1
17836,1
11275,1
17331,1
27308,1
9576,1
36177,1
21672,1
24724,2
2964,12
26254,12
10981,12
1663,1
19975,1
28063,2
9513,10
23104,2
24290,7
1664,3
1665,2
24770,16
18048,16
1667,1
1668,2
1670,2
7314,2
27668,2
24351,2
20485,2
30474,1
6334,1
23300,1
15488,1
18746,1
25500,1
8989,1
10684,1
13104,1
6087,7
32656,3
5295,1
17448,1
29380,1
25654,1
16942,5
23940,1
3396,2
19816,2
2271,2
6744,2
19296,2
29958,3
30055,2
21371,2
9937,3
13975,3
1962,3
12301,3
1676,2
24420,7
1677,3
1678,2
3220,2
9746,2
27859,7
11127,7
20260,7
32282,7
3895,3
2244,7
26582,3
23217,7
31222,3
34694,7
29140,3
1752,3
6348,7
35033,7
1683,2
1684,7
1685,6
11655,6
5396,3
10280,7
31933,3
1687,7
1688,1
28848,18
34904,1
5384,18
33431,18
5258,18
35674,18
22304,18
27732,18
20913,18
2100,18
22388,18
2558,18
36430,18
1690,16
20455,16
23875,16
34199,7
10070,1
1709,1
10077,1
21777,25
13534,12
1695,7
1697,1
36984,2
1699,19
1701,1
14324,2
19507,2
11542,2
25789,2
9052,2
31678,2
5834,2
30249,2
1704,0
1705,7
31879,7
10139,1
1707,2
6124,5
32997,1
6693,1
21596,1
25138,1
18021,1
5814,1
4602,1
30689,1
1710,2
34641,2
8029,25
33642,5
1711,4
1712,1
29183,12
10181,16
36956,16
1715,7
1716,2
22664,2
27312,1
1718,5
14532,0
16526,2
1722,1
26467,1
14008,3
12507,1
7913,1
35607,5
437,7
14453,7
24270,5
24271,5
24854,5
19234,5
3913,5
5297,5
19404,3
4446,3
29062,5
7185,5
10940,3
6264,5
16081,7
29865,7
8222,5
23065,7
8385,5
36401,5
34115,7
23363,5
20277,4
30325,4
10254,5
5201,7
8929,3
1725,3
22175,3
35989,7
31231,3
1727,1
1729,2
35245,1
35303,5
13456,7
29933,5
35855,0
32927,3
27164,5
21885,16
12537,3
5069,5
10220,7
4981,3
11004,3
15660,16
20005,1
6742,7
33208,7
2173,5
6311,7
28393,7
31522,5
15965,5
8473,5
32965,3
28309,5
19812,16
1731,1
33846,1
5784,1
5127,1
25845,1
26590,1
33110,1
19543,1
18650,10
22496,1
1734,2
33236,7
3266,16
29259,3
12007,2
19524,3
8325,3
1736,2
23592,3
27698,2
4603,2
28280,1
2234,1
32922,1
34109,1
6239,1
12119,2
12849,1
1738,3
34422,1
28091,5
27578,5
15982,3
27421,2
1740,16
8460,16
22030,3
1741,2
10126,4
10420,16
24930,2
8531,1
10488,1
20624,1
12479,1
34930,1
23638,1
25483,2
1749,7
9579,7
7374,7
5753,7
20736,2
13818,2
16633,1
8528,2
33672,2
34372,3
30165,2
29045,2
7749,3
21008,5
32706,3
34268,5
6607,10
19359,10
1754,1
10469,2
26122,2
16730,2
1757,1
1758,5
17639,5
1759,7
5192,7
1760,1
1761,2
37238,2
14035,1
3648,3
37435,16
5096,1
10584,1
16933,1
20083,1
31994,1
25060,1
11374,1
10032,1
13337,1
11233,1
3601,1
23905,1
16696,1
33072,1
25396,1
6157,1
28391,1
6828,1
9534,1
33394,1
1763,28
15573,28
15007,28
10541,2
15219,2
30714,2
8615,2
14539,2
19727,2
24638,2
36263,2
31506,3
22662,3
23243,3
34773,25
37160,25
24954,3
13723,16
29841,3
19994,25
27204,3
6118,3
31028,1
3955,1
37261,1
19677,1
21801,10
28041,1
32996,1
12233,1
11086,1
24917,1
12675,1
1768,3
1774,3
2512,3
4560,7
20664,5
25535,16
20149,7
5374,16
1770,5
29492,5
21274,2
18278,1
30251,1
1772,2
27380,3
1773,1
29031,7
31338,7
24151,7
17946,7
31968,7
7288,2
19468,3
13730,3
33068,3
22454,10
14553,10
21016,10
29110,10
6357,16
27816,3
35374,3
37588,3
11196,3
24546,1
22020,1
32797,1
312,1
1782,1
8144,2
6121,7
8374,7
35424,2
14871,2
14010,7
21924,3
37358,2
37287,2
12181,2
1785,3
19662,3
15720,12
37538,3
24560,1
24365,2
27456,2
8734,2
2105,2
24745,2
1788,3
10600,5
1790,7
1791,5
1793,0
23010,0
1796,7
24607,7
30547,1
8950,7
1797,1
28806,1
33887,1
15609,1
35194,5
1798,7
30255,7
1799,20
14862,20
19528,20
24442,20
1802,7
34416,3
31242,1
1805,6
9295,1
21370,6
10779,16
15222,16
1807,3
19073,2
15585,3
24748,2
14752,2
6708,12
2170,12
10800,3
1812,2
30013,2
1813,16
30358,16
1814,1
28117,3
1818,7
22600,7
35895,2
36852,2
18119,2
18609,2
3529,3
24192,2
20208,0
16908,0
36354,1
35984,1
9881,1
21595,7
33497,1
1822,1
1823,1
1824,0
24110,5
37124,0
1825,7
4914,7
33116,7
33201,16
1826,2
10820,2
1827,16
28655,16
10782,16
1828,1
12281,1
1829,14
11368,14
24077,14
1831,7
17314,7
6928,7
1833,2
4842,2
31619,2
8656,7
15108,7
32122,3
31031,3
13575,7
13209,7
1835,2
1836,19
1837,4
21925,4
6258,4
35165,4
27332,4
22951,4
20389,4
11769,4
35913,4
11577,4
18667,2
4872,3
36809,2
9247,2
24011,2
12777,2
6381,2
12098,2
23376,7
24470,16
28634,16
31866,16
28363,16
16947,16
1842,2
6972,7
37379,1
19366,1
1843,7
8613,3
1844,5
1846,16
1847,16
11693,3
9208,7
1849,16
12591,3
9013,16
1850,3
1851,2
1886,2
15618,2
18669,7
18083,0
32189,3
21598,16
16541,16
14776,3
10201,2
25002,7
20816,7
37437,16
2926,2
28338,7
12687,5
24795,7
9321,16
28372,16
23918,16
13501,1
31684,3
14282,16
12013,7
37290,1
16150,3
36400,6
1706,16
1936,7
26605,10
3505,12
9000,3
15117,10
13982,16
4206,1
31253,1
1855,1
7373,7
1859,16
1860,7
1862,3
36087,1
6679,3
1864,10
13870,10
1868,3
37229,16
27840,3
1869,0
23656,0
1870,3
1873,1
28624,1
1874,4
1875,16
13550,16
16172,7
22596,1
12451,1
10583,1
5825,1
23631,1
9917,1
20711,1
19477,1
11998,1
34681,2
25487,2
1878,1
1879,16
27583,16
19069,15
36032,15
4243,15
18071,15
31434,15
22122,15
35209,1
21509,3
22140,3
16193,3
27503,3
14892,3
22405,2
13165,2
33515,3
16683,3
8208,3
26178,3
1884,1
31238,1
1885,2
30699,2
33106,3
1887,1
1888,16
22551,16
1889,7
35179,2
1892,3
21499,3
33834,3
17920,2
36215,16
4593,7
16029,2
28694,3
22685,3
6076,12
17465,12
30419,3
1896,2
36372,2
16168,2
1897,16
29160,16
18678,1
13033,1
16669,1
1899,3
26443,3
16671,1
4140,2
2833,2
10022,2
21167,2
14673,2
16420,2
13673,2
3965,2
28197,2
18376,2
35031,2
27610,2
31765,2
8619,2
14910,2
37593,2
19097,2
6302,2
6304,2
7300,2
33046,2
27944,2
35745,2
33960,2
14011,2
21001,2
1901,7
37465,8
17608,8
10291,8
1903,3
3873,3
1905,3
22168,1
27993,1
23525,1
25681,1
36625,1
25397,1
14469,1
10378,1
3821,1
15763,1
6881,1
19566,1
1907,1
34387,7
1909,7
28032,3
2581,2
1912,0
32468,1
13749,0
17401,7
28715,3
27753,3
32356,3
4324,3
32746,7
26225,10
16736,2
13176,1
9014,1
15727,3
13855,0
14496,25
7180,25
1916,16
4797,4
1919,2
1920,3
28172,2
1922,1
24307,3
15023,7
22035,16
34373,5
17381,3
29206,3
8585,7
28609,7
36477,8
10309,3
15396,2
4344,3
26248,3
37025,3
10156,7
2396,10
12111,25
19303,2
7228,3
22144,7
32740,10
32439,3
13296,5
35306,3
8674,5
23062,4
25546,3
7261,16
9986,3
2779,2
16484,3
18532,3
2786,3
28445,3
13930,3
37299,6
1803,3
36986,3
36553,10
18631,3
13385,3
4766,3
34420,2
36051,5
19729,3
37360,4
4587,3
18912,3
28831,4
15026,5
35119,3
8535,3
37697,5
18343,3
15445,2
29172,7
16921,7
17507,1
10787,16
4924,1
33680,1
8633,1
23839,1
8149,1
36983,1
22576,4
33536,1
13940,1
37546,1
4853,5
2351,7
26778,7
22774,5
9220,7
31265,2
1927,1
12709,2
1931,1
13827,7
33590,1
34049,10
26422,5
1933,3
7677,2
9110,2
12735,2
18171,2
36453,2
3987,2
33797,2
17965,2
8077,2
4263,2
14225,2
8254,2
32406,12
8678,0
4089,3
33243,3
29231,3
8435,5
35479,7
24164,2
20716,2
13027,2
19503,2
1939,3
18649,3
28383,3
1940,2
2938,2
19159,2
1941,1
26473,2
14316,2
14740,2
11169,2
4202,2
11413,2
33560,7
29887,2
26764,7
1944,7
6757,7
8237,16
28660,0
1947,3
18687,2
5846,2
1950,3
31269,16
14690,16
30282,0
22745,0
2587,0
1953,1
24937,1
20141,1
26020,7
22375,7
5416,7
30089,7
1956,3
32677,7
18743,1
29413,1
14105,1
12528,3
4244,4
15845,3
2236,3
1960,3
33476,3
18442,7
6253,3
18690,1
1963,16
11603,16
1964,12
1965,5
8063,3
27900,5
36668,5
18303,5
34053,3
31041,16
34716,5
14520,5
1966,0
10105,0
21671,4
24786,4
5838,3
3043,3
1969,7
26698,7
1970,3
1972,3
8840,12
34543,7
33315,16
35851,5
310,16
2393,3
1974,7
6402,12
17816,12
1976,3
27525,3
33014,7
24848,3
26808,3
21616,3
11630,7
21641,4
1978,25
36660,25
6403,2
21839,2
31981,2
15356,7
29700,7
20479,2
34803,2
1982,1
8661,2
22609,1
1983,3
1985,5
33661,5
18872,5
27789,5
18941,2
21522,2
1693,5
34884,3
34961,3
1987,1
7723,1
1503,1
1988,2
35624,2
28657,2
36610,2
8692,2
22826,2
9438,2
2675,2
9858,2
10130,2
1989,1
18287,1
1991,5
7682,5
1041,3
1993,16
27113,16
32870,16
24893,0
8829,3
1995,2
24824,1
25386,2
8655,1
19202,1
1996,1
1999,1
32148,1
2000,3
29709,3
6408,1
32295,16
33926,2
21608,16
12401,1
6515,5
21513,7
5837,3
2140,16
37194,5
6718,3
32354,3
2004,4
35221,4
29999,4
23560,4
22971,4
13211,0
35858,4
2005,1
8826,1
2006,1
17517,2
2009,1
3910,1
4834,3
13999,3
16388,3
5282,7
2012,2
27688,1
11316,2
2016,2
17213,2
5456,2
2017,8
28637,8
35341,3
25330,2
2020,7
19137,0
8017,7
36975,7
12028,3
5562,3
17886,3
10617,3
37230,3
2023,2
2864,2
2024,2
2026,2
18614,2
22276,2
17093,16
33692,12
6753,2
2031,16
17778,16
9621,16
19844,16
7887,3
2032,25
22366,25
32689,1
2033,2
36676,2
2034,3
31546,3
25044,3
14068,16
35228,0
36203,1
19710,2
16844,3
2116,1
2261,7
15245,2
18341,7
6464,3
29103,3
15761,3
31402,3
9022,3
2036,3
2387,1
11813,3
2037,7
33839,1
2038,3
13537,3
35316,7
6415,7
2040,2
26233,2
31284,3
29267,3
2042,7
2043,7
7644,7
13816,7
16436,7
3021,7
18221,7
12500,7
14965,7
34102,7
2044,3
33618,3
27546,1
13911,1
35563,5
15420,16
7287,5
17245,3
23371,3
2046,10
31285,7
30888,7
2047,5
25489,5
21643,3
2048,7
30061,0
3452,16
2050,3
20441,3
2052,1
11151,7
21304,7
16681,7
32118,7
3194,5
30962,7
7203,3
15268,7
10888,16
27192,7
9868,7
25133,1
31375,7
32232,2
34632,7
33539,3
27028,7
29634,7
18424,3
25970,3
8244,19
35779,0
2057,3
33333,3
2058,2
6047,1
18231,1
5163,1
31588,1
9310,1
11317,1
9409,1
32952,1
22518,1
32983,1
2060,4
33051,4
26345,4
16774,4
6485,4
31286,10
2063,1
2066,20
11846,20
25028,20
2067,3
3763,3
15652,8
6418,3
2071,3
2072,16
27360,7
8790,19
12183,0
15539,2
2076,0
28207,2
12201,2
15260,2
16472,2
21467,2
2077,1
32581,3
36057,2
23317,7
25294,16
18378,1
9155,1
4607,16
9145,2
33030,7
9165,7
37414,2
32674,2
23392,3
11511,2
20677,2
9768,16
11551,7
13851,1
13863,2
25423,3
35290,7
35300,2
32770,2
5604,2
24029,3
32799,7
11455,2
18549,7
4745,3
23118,1
7031,3
16242,2
7041,2
13397,1
6918,2
7049,3
17633,1
32850,7
8587,1
34152,7
24027,3
35401,3
18608,2
9336,2
7076,1
25548,2
25549,2
20852,1
25567,2
28282,3
4837,2
7108,2
4844,3
9396,20
32942,3
20188,1
32332,2
17671,10
29825,1
34860,7
11100,7
24194,1
4929,16
35127,2
21022,3
3591,3
35574,3
23259,16
23345,2
4963,7
5437,3
4971,7
2749,2
6623,0
33081,7
9503,3
23377,1
7206,2
9537,7
17192,1
14182,3
11898,3
30617,2
9567,7
2809,3
33140,7
7286,3
9578,7
30850,3
26989,1
14239,16
28200,1
14603,2
23481,7
28224,3
36221,3
23489,3
9630,16
12004,2
31296,2
35774,2
9661,16
9668,3
3746,3
16614,2
17295,3
33248,3
7419,3
28296,7
3720,2
5169,3
17481,3
3579,5
7458,3
7486,3
26998,16
5403,1
16737,2
16739,25
7830,2
36166,2
12157,2
7544,1
7558,7
21329,5
35983,7
4934,3
16152,3
13800,12
28468,7
30746,2
33479,1
24286,3
33502,2
33512,2
18550,7
21409,3
3151,3
9925,2
19177,7
16871,3
28201,2
18889,25
19185,2
19197,3
31021,3
5392,10
5397,3
19210,1
14405,0
21454,3
14625,2
9970,2
25965,2
14645,7
7724,2
21484,2
6139,2
28617,1
36187,4
12368,2
10020,2
23876,1
23877,2
36193,16
5474,3
7769,2
19294,2
7774,3
26266,2
21539,3
37181,3
10331,3
7783,1
15072,1
33676,7
28693,2
10475,7
19334,2
14750,16
34172,2
7817,2
5533,1
10106,7
26341,2
36333,10
19399,1
33767,3
17079,2
19417,2
6378,2
12521,3
18340,3
19433,16
11831,2
3430,2
1498,2
29847,7
17137,2
7929,3
36403,1
14882,2
7944,1
31301,2
31355,3
24113,3
10270,2
17204,7
10286,2
37499,10
8005,1
28914,3
31407,3
26541,21
18384,1
31430,2
10340,3
17277,7
31453,3
2007,1
15021,2
33972,10
5071,2
3071,3
19609,3
12718,2
5908,6
25828,1
29014,1
36589,0
19643,3
19319,1
29035,12
15085,3
26656,2
19836,3
21654,3
36623,3
10441,0
31332,2
19685,2
31454,2
10462,2
26671,16
19703,7
31592,2
35100,3
26735,2
12093,3
15171,2
36893,3
12847,2
10527,16
11619,1
22003,7
17464,3
31904,2
12863,2
8260,3
15208,2
19773,7
36759,1
36494,2
8288,7
27284,3
17513,3
36801,3
36803,1
22066,2
19352,3
15274,1
12547,2
3820,2
34235,7
36835,3
31243,2
22107,3
36865,3
8363,2
36286,2
13967,2
10666,3
19402,3
29291,3
24520,3
10687,3
2003,1
13991,1
29325,7
25928,2
31809,16
23252,2
24550,3
36926,3
17632,3
10717,3
24566,2
27878,2
22458,1
8991,2
13064,3
10756,2
2117,3
31874,3
9794,2
15410,2
24614,7
10775,1
31891,3
2198,1
10754,3
2995,2
8499,2
3983,2
10809,2
16721,2
15446,1
14745,1
10114,3
13478,2
17758,7
10845,3
22318,1
24193,2
24801,1
4042,3
34520,7
15517,2
17818,16
33784,3
24740,2
37152,3
15962,1
15552,2
20127,3
3385,2
20691,1
13241,16
24783,3
24784,2
4100,0
34299,1
6385,2
15654,7
2001,3
37233,3
35471,2
8682,2
11003,3
35965,3
22477,7
4172,2
8702,7
4175,2
37284,7
6461,2
27271,1
32173,1
20218,2
25395,3
2637,1
35320,1
37329,2
34633,3
8768,2
11765,2
35499,5
11102,4
27334,3
24136,3
24948,3
18483,3
26342,2
8811,4
11137,3
35112,3
11141,3
7438,1
15773,3
7550,16
25004,3
23559,2
22661,7
20364,1
4339,2
23210,3
22681,2
21623,2
18166,0
27459,2
32394,7
18172,3
32378,3
15842,3
2107,0
6745,1
13546,7
3477,3
21365,3
31429,3
29898,3
27498,2
27500,2
37518,2
15876,1
15878,2
32431,1
6676,2
34960,7
10904,2
6809,2
3755,7
25119,2
15896,5
27858,4
36867,2
22767,12
34994,2
37581,1
31855,7
2193,3
25158,3
22790,3
22798,2
23816,3
11353,1
11358,2
32615,3
22100,7
22831,5
18307,7
37644,2
11375,2
37647,2
18074,2
3545,2
22493,2
9071,3
37673,7
22710,2
13630,5
22808,16
27661,25
33600,3
25273,3
20587,16
2080,5
13266,5
23219,3
10917,5
24942,5
7819,5
36424,5
20739,5
35915,5
6787,3
29309,5
17645,3
23785,5
28249,5
35515,5
8959,5
10699,5
2081,1
34039,1
28588,1
2082,2
15116,2
35538,0
16570,3
35071,3
25220,2
20747,2
12045,3
31941,2
15389,1
20085,1
2086,3
2088,3
2089,3
4380,3
36001,0
34943,0
9973,0
18905,0
18011,0
2091,1
11427,1
24580,5
33734,5
24734,5
2094,6
8192,2
22540,7
17112,3
14115,2
29776,2
10835,2
27974,25
21356,3
35413,10
29907,3
2099,3
31464,2
2381,2
21873,2
21922,2
5390,18
36386,18
2103,2
29894,2
29895,7
22718,7
8604,7
25196,1
2106,2
2108,2
22692,2
29185,2
34919,3
26959,3
22803,5
2112,1
2113,1
17265,1
2114,2
11120,2
37676,2
3124,2
28381,2
27670,2
2115,7
3312,7
19489,1
8969,1
19576,5
17255,1
19206,1
6367,2
3367,1
33266,1
19742,1
25332,1
2119,1
8146,1
10166,0
19701,3
2428,1
19820,1
32057,3
33067,2
27625,1
17768,3
28378,1
2120,1
35810,1
30716,1
5212,1
22160,1
17047,1
30491,1
32326,1
10910,1
33149,1
18134,1
33638,1
4080,1
10010,1
22675,1
8651,1
21652,1
21653,1
4091,1
33942,1
9184,1
15672,1
27471,1
13194,1
33048,1
6808,3
36840,1
8841,1
5247,1
36258,1
36723,1
2123,7
11792,7
2124,21
23598,3
2126,3
2127,25
16740,25
3314,7
1732,3
3778,7
27385,3
33550,16
26838,1
24119,14
23697,1
30286,12
15851,3
10159,3
29204,3
32132,3
16297,3
4650,7
24294,0
7490,1
31002,1
11391,16
12695,16
27652,3
22185,2
23936,16
8886,5
31951,3
2130,2
2389,2
19963,2
11370,2
27076,2
2131,3
36375,7
2133,2
31189,2
27294,2
17138,2
19971,16
13912,1
33215,1
2135,5
17731,5
27330,5
10039,3
15383,2
2138,1
2139,1
3174,1
11679,1
17984,1
28997,1
9562,1
31876,12
22861,12
9225,12
32745,12
2142,1
2143,7
2144,3
2146,7
15118,7
14942,7
31887,7
28690,2
2148,19
28887,2
17700,19
31605,19
2150,3
20435,3
2151,1
27372,12
2314,5
29495,7
27409,12
33043,16
17461,12
28908,3
8314,3
17832,3
24449,16
24643,25
21240,16
11352,12
26806,5
28346,12
24508,3
4103,12
35238,16
23333,12
2978,10
7736,12
15437,12
9486,12
37209,3
2435,12
6099,1
16159,12
29322,25
14604,5
11761,1
31817,3
8976,12
13021,12
33491,12
26353,12
11625,12
6734,12
29379,12
18985,12
25181,12
28335,7
25779,12
17083,7
31571,16
17090,7
6489,12
4751,12
31892,12
8530,12
34437,12
19447,12
22859,16
7646,12
7788,16
32904,3
6783,12
21415,12
22311,12
29117,12
19743,2
29463,7
34792,12
4012,12
17762,12
4014,1
12829,3
4564,7
2154,3
24231,3
2155,2
2156,7
13346,2
675,25
30947,0
10926,0
7368,0
32176,3
9213,3
2161,2
13683,2
28481,3
34027,3
29794,3
24763,2
29221,2
31902,2
2165,2
18417,2
2166,3
11265,3
18732,3
2168,2
2169,1
30692,0
32446,7
15161,7
2172,7
18734,1
34670,1
13830,2
4282,7
4677,0
31310,3
17661,3
11806,3
9822,3
17859,3
17680,3
33632,3
2180,16
9687,3
14014,2
35573,3
6440,7
7773,2
13548,2
9392,2
10204,3
22498,3
2185,3
17810,3
17539,2
2189,16
26477,16
20841,7
2190,5
34946,5
14044,5
5935,3
16519,7
29013,3
2371,3
2192,3
28685,2
35405,7
12214,3
16761,3
29425,3
24855,1
32368,1
10639,1
18738,3
8456,3
2196,3
19195,3
2197,3
9880,7
20988,3
37298,3
2199,16
17334,16
2200,5
11256,5
18352,3
35215,3
9037,2
17109,25
25502,7
36406,3
2202,2
17167,2
23574,2
2203,2
13974,2
2713,2
17460,25
2206,2
20952,2
2207,7
6443,5
12677,5
30272,5
16629,2
2210,4
3952,4
13780,4
32602,10
35821,4
2211,0
11878,1
26450,0
19397,10
12736,10
29095,10
31929,10
5659,10
2213,2
27430,2
34721,2
22726,3
34615,2
26423,7
2214,2
5253,1
2215,25
23407,25
2216,2
2217,2
31313,2
22937,2
24860,3
16426,3
2220,16
20225,0
22998,7
23564,3
25985,0
2223,3
20159,3
20134,2
23061,3
36613,3
2224,1
2226,29
27533,29
34147,29
2227,7
9760,7
28286,7
24861,1
2230,12
19199,7
12134,7
36588,7
9893,7
19308,7
2954,7
16265,7
27137,7
2232,1
2233,2
22046,3
2235,3
25804,3
23465,3
20571,1
33447,0
35441,0
2238,2
2239,7
20035,1
9953,7
23787,16
33269,3
11084,3
22349,3
3995,3
2241,1
33756,1
18449,1
22444,1
6512,1
16780,1
26984,1
2242,3
26472,7
2246,7
9060,7
2248,1
2249,25
35840,25
31319,16
2250,2
2251,3
1562,3
2253,2
6801,2
2254,16
2255,14
9245,14
3300,14
4641,14
2256,7
4659,7
6451,8
20803,8
11826,0
2259,1
16635,1
12678,1
33763,1
2260,7
5488,7
7738,7
19956,7
1134,5
2266,5
4903,5
2267,1
23120,1
137,1
2268,1
4330,1
7702,1
8781,1
6453,0
6243,0
30458,0
10273,0
6413,2
7683,2
22616,2
10112,2
24751,2
8241,2
2634,2
32092,2
7227,2
26379,2
21355,2
14661,2
11050,2
15826,2
15442,2
29670,2
13695,2
13569,2
18066,2
28055,2
26113,2
14086,2
2272,21
27468,21
19763,16
11301,2
3136,2
3796,1
32558,2
12060,2
8313,2
31567,2
7134,2
10551,2
29613,2
19573,2
16969,2
8996,2
13247,3
34874,3
20549,2
35113,2
20001,2
19725,2
3950,2
9769,7
28989,2
27940,7
18005,3
2274,16
2972,5
13015,16
21800,25
28271,16
23470,25
3264,25
24595,25
14479,25
9292,25
23554,25
12697,25
11267,7
30243,25
10230,7
37101,2
2276,16
7521,7
12305,1
9248,4
2278,12
32360,0
2280,12
18371,5
1259,7
17319,1
30696,3
30922,3
12052,3
32633,3
6271,3
30166,7
28327,3
28269,3
13819,3
10931,3
21252,2
4658,16
13264,3
22780,3
4670,2
10963,7
5301,7
18002,3
29612,7
24820,25
12466,3
27512,10
2479,3
3596,3
3076,7
33213,3
24913,1
22546,3
29718,19
26723,16
3795,7
33994,3
29733,3
9334,7
15735,2
3169,7
16897,3
29511,3
35888,3
15718,3
17779,25
29238,3
20510,16
22687,3
17563,3
21860,12
6633,3
24547,3
14931,12
6520,2
20338,0
20797,7
21688,2
21590,2
7349,3
23353,2
33731,2
22263,0
22801,2
35678,0
26383,5
6188,0
25841,3
35729,3
11372,5
18282,2
13142,3
20300,3
8542,16
28278,3
14375,1
3907,3
4711,7
25087,3
3817,7
23247,3
23721,7
13256,7
17054,7
23030,7
31221,7
23716,3
13348,7
26019,7
36472,3
22824,7
14667,3
14714,0
31795,3
33382,5
21974,7
28648,3
14106,16
21725,7
25375,7
7910,7
29804,7
30475,7
37669,7
20857,7
16723,7
36995,7
34735,3
35411,7
6117,3
10145,3
16303,3
8041,2
25353,3
20081,1
25108,1
21898,7
25850,1
2288,7
23870,7
2289,3
2290,3
2291,2
2292,2
2293,1
24872,25
2295,7
11993,7
2296,25
35561,25
2298,2
30615,2
34995,1
13435,1
2364,2
3327,2
35196,2
31459,2
15122,2
30740,2
24415,2
2299,7
8801,7
21416,7
31329,0
12213,3
2301,5
18756,5
31712,5
27275,5
28082,7
30950,7
4010,7
2304,7
14540,16
2305,3
14944,3
7641,3
15195,3
24835,16
1656,2
25032,7
16476,3
19421,2
389,5
2310,5
8026,5
25624,5
27600,5
18566,2
37657,2
2312,5
7270,5
13540,7
3475,5
2607,25
36690,7
29664,3
21908,3
29321,3
3764,3
28716,3
13325,3
22147,3
19315,3
33777,5
18647,3
2318,1
29626,3
29939,5
31762,3
33418,3
6135,3
6866,3
26236,3
1755,7
28488,3
37277,3
27467,1
9288,3
3375,3
7872,3
16227,3
26994,3
12788,3
9439,3
23643,3
23584,3
36266,25
32523,3
21947,5
22688,3
13821,3
13824,3
34096,3
19993,3
14408,3
33184,3
10805,3
18861,3
17733,1
28946,3
8471,5
22714,3
29515,3
35115,3
11858,3
34985,3
3309,3
2320,1
2322,0
34394,0
28461,0
5033,3
19881,0
12225,7
36414,0
2324,2
2325,1
24676,2
3751,2
10873,7
28506,3
17212,0
32519,1
34460,2
23479,2
36883,2
35930,2
26583,2
14317,2
30471,2
12229,2
24984,2
31666,2
35105,2
8621,2
12030,2
2332,2
18448,2
7443,2
28413,2
30659,2
17742,2
24030,2
8742,2
8102,2
2334,3
27095,16
2335,2
18762,2
13288,3
5424,3
26802,3
9402,3
34647,3
24815,3
2339,1
29619,1
35099,15
2340,2
29353,2
25901,2
6465,1
16529,7
37516,0
18763,3
13087,3
2345,16
19964,16
32008,1
21604,3
7926,7
37246,3
1172,5
10305,1
31288,1
14306,3
33482,3
25866,0
30807,7
2354,0
2356,5
28931,7
24097,7
18335,7
34649,7
2358,1
20640,1
37378,7
13918,2
30898,6
2362,7
2363,4
26665,1
29335,4
36943,3
26718,2
21781,2
16551,2
32995,3
17518,19
17935,3
2366,2
2647,2
2367,2
3978,2
2368,3
2369,1
21550,1
13887,7
6847,1
9560,3
23213,7
10520,7
26955,0
2373,5
31347,3
15466,3
35943,7
36833,7
399,1
33869,0
22981,7
24817,5
4301,3
4566,3
17533,3
20458,3
21789,3
37523,2
37117,2
36994,3
2379,7
16978,7
2380,5
31350,4
2383,2
26684,2
2384,2
15864,2
2385,3
12088,5
30180,5
19374,5
37097,5
31340,5
3647,3
14640,3
37281,5
10052,3
13782,5
23790,16
26754,3
17579,7
33690,1
13005,1
10785,1
2388,2
14005,2
13558,16
11403,3
18769,7
18828,7
7639,7
2392,5
35286,16
9759,3
33203,0
29007,3
13020,3
3968,7
32050,7
9265,1
11907,3
25162,3
25350,3
22077,3
2395,7
27709,10
10240,2
8448,3
17497,3
15625,7
11278,3
11167,3
13579,3
11179,3
19382,3
30210,16
17370,3
26677,3
18413,3
17354,3
25906,3
22371,5
23704,1
4085,1
30022,7
28277,3
14445,3
11078,7
13538,3
11002,3
11548,3
22301,7
11290,3
2398,3
2399,1
32676,3
31881,3
18712,5
36405,2
37494,3
24611,1
14935,1
26221,1
37397,1
2436,1
20955,1
18421,1
2403,1
2405,3
2407,2
8778,2
14287,12
3460,7
2408,1
29888,7
24563,2
6714,5
5883,3
21875,3
28232,25
28350,5
34945,5
14737,5
6538,5
2411,2
22346,2
2412,7
2413,16
6960,16
36764,7
35857,5
2415,2
2416,7
7388,2
4976,2
31025,5
5057,7
4522,5
18477,3
32178,3
4134,2
11062,2
2419,2
23524,1
4567,1
7153,1
22178,1
10074,1
28941,1
11914,3
36149,1
21347,1
11469,1
34233,1
14376,1
34616,1
36670,1
35057,1
3703,1
4101,1
11249,1
5801,1
10958,1
7604,1
21284,1
29222,1
10769,1
30407,1
2989,8
14274,7
4966,3
22073,1
2422,0
15316,0
17532,6
34729,2
32865,1
36960,1
14584,3
9756,25
28817,25
12273,25
22037,25
18980,25
22313,25
30853,25
20091,5
2429,2
8109,2
28160,2
25226,2
34551,2
21588,7
6482,2
20202,10
25371,10
7965,3
29628,5
6522,3
21657,3
28066,3
2906,3
2437,2
5934,2
12628,3
11980,1
5320,1
34918,18
20987,18
23031,1
12966,2
26966,18
2438,3
3906,3
23679,1
27138,7
5332,10
37180,1
27337,1
25172,1
27212,1
4409,3
2441,2
10250,2
25297,2
18674,1
25461,2
19104,2
12900,2
24308,2
2669,2
28620,3
28185,1
3957,2
12536,2
35700,2
18308,1
25105,2
25109,2
35712,2
29575,2
23021,1
3002,2
25352,2
26300,2
32626,2
3280,2
14260,2
29482,3
30080,3
11942,0
28676,0
37252,0
21968,0
13191,0
2445,3
2448,21
13368,21
22931,21
2449,7
7592,7
31507,7
22470,7
10552,25
34350,16
36408,16
13522,0
6110,3
22796,3
27321,30
18350,3
11952,7
25816,3
14054,7
2452,1
17872,1
2453,3
14994,3
19430,3
2454,1
24811,5
30799,2
20379,3
27283,3
7728,5
28796,3
33757,3
26740,3
16582,3
21525,3
19085,3
2459,16
17572,16
35021,16
29938,16
2460,1
21474,16
13979,3
2462,16
2463,5
36596,1
2464,1
33231,12
22678,12
29785,3
11449,12
35649,12
2466,7
2469,1
15849,3
30953,7
26028,3
29762,3
2473,2
10047,3
29282,2
4026,3
12733,3
13306,3
5619,2
35069,3
6619,3
33230,3
25626,3
15335,3
22343,3
2476,2
2477,2
24032,2
2478,3
5608,1
4279,7
2480,5
18629,3
2482,7
34639,2
16620,3
37530,16
2549,16
29053,7
35938,16
6735,2
8012,16
4006,16
32528,7
17838,5
24633,4
30394,16
5990,4
24813,16
11540,3
19730,16
9758,7
31776,16
2881,1
13584,7
3464,7
20290,7
2484,1
20671,1
33395,2
19818,2
18694,2
34680,2
3858,2
33961,2
2486,16
8100,12
2488,12
26940,12
34590,3
27574,2
20960,2
21483,3
33346,2
18845,2
2491,7
24348,7
19305,7
5954,7
9290,7
20199,0
27571,1
30147,14
23953,14
33647,7
2867,14
18479,14
20234,14
14551,14
7164,14
25078,3
29510,14
17842,14
14611,25
20962,25
31016,25
1745,25
9119,25
2498,1
2500,16
2501,3
27535,7
8855,7
33605,7
4579,7
11615,6
15255,3
9863,5
12688,7
12238,3
12389,7
15300,3
3711,7
19062,7
17660,3
26643,7
13450,7
5950,1
24829,2
33712,2
34494,1
23382,1
26637,16
24488,1
11607,2
29809,1
10284,1
8719,1
12631,1
8159,1
14078,2
3655,1
26999,1
26704,2
12830,1
21803,1
29714,1
16079,1
31421,1
28369,2
37155,2
12561,2
17924,1
4761,2
27078,1
18279,1
2505,1
3792,16
8876,25
11755,0
2507,3
11680,3
2509,3
16499,3
2510,4
11950,4
28364,4
25260,4
2511,1
3241,1
31642,0
9087,3
27526,3
6018,2
2514,7
2515,2
6492,1
29953,1
1838,2
2518,3
7880,3
33220,3
2519,7
31425,2
25583,25
35859,25
518,25
4710,2
23699,25
7771,1
25746,25
18255,1
22197,25
2946,25
3338,1
36392,25
28017,1
9646,25
27059,2
7100,25
2522,3
24819,3
18399,3
10278,3
2523,4
11345,4
37175,7
35237,7
16362,7
22703,7
31267,7
11329,7
6888,7
29043,7
25597,7
2527,1
14064,1
2528,16
13407,16
2529,3
2530,0
2531,2
5973,7
23188,2
23415,2
23937,19
2532,1
9269,1
2533,14
21205,3
2534,3
24256,3
23593,3
28054,2
35064,2
25142,2
21378,2
29197,2
18219,2
20186,2
4105,2
35214,2
2577,3
12497,2
20684,2
15857,2
2535,1
7652,5
11912,3
17373,3
2537,3
16218,7
3237,1
3550,3
21388,5
32460,3
22274,2
28936,3
2540,1
35023,1
18792,1
2541,4
2542,3
8498,3
4721,3
24828,7
31790,3
26975,3
20248,3
32105,3
2101,5
2546,1
34375,3
14596,1
8993,1
6154,16
19983,2
5125,2
15500,2
22751,2
8926,2
12552,3
11668,3
10801,2
2552,2
13193,2
25501,2
27216,3
2553,1
2554,1
2555,16
4523,2
26936,7
8452,7
33436,1
14065,7
16925,1
33912,1
28045,1
23349,7
19428,7
29149,7
26871,7
31224,7
25236,7
4111,7
16579,7
29358,2
10546,7
20410,1
10198,1
2560,5
5746,5
9798,3
21592,2
20318,7
14654,7
8832,12
29502,7
3642,2
37576,3
10729,7
3239,7
18867,7
4209,7
30008,3
27472,0
23233,7
18817,7
21685,7
702,7
3163,2
13667,7
10088,7
24054,1
19625,1
34981,1
35497,1
11289,1
17666,7
8750,3
18793,1
6870,1
5336,1
12767,1
5733,16
30933,1
3845,8
25050,10
12996,10
13224,10
6784,10
23446,5
27243,10
35979,10
5933,7
8925,10
31558,10
25436,10
2568,5
16515,5
2570,2
10041,2
2572,3
18794,2
2574,1
2576,2
28292,3
35356,3
30463,3
2578,7
37528,7
1550,2
2580,1
18846,1
2582,1
16564,1
2583,2
2584,16
21442,16
2585,2
2588,3
4315,7
20352,7
34254,7
13066,7
2591,16
2592,0
2593,1
2594,7
2595,3
17406,3
9994,3
21863,3
2596,1
34756,1
18411,1
11383,1
4894,1
2598,19
2599,25
24681,25
2600,3
8233,1
32560,1
2604,16
7992,1
22153,16
2606,2
24925,5
2608,7
31075,3
2102,7
2609,7
22050,5
18128,5
27888,5
31439,5
11049,7
5929,16
33428,5
4316,5
37249,7
10120,3
2612,1
32256,1
2613,5
25289,2
28802,2
33774,16
5255,2
35350,2
11263,2
20858,2
29265,2
16712,3
10789,3
24577,3
36817,3
37199,3
2620,7
2621,1
2622,7
2623,1
22017,1
2624,25
31393,2
2626,2
22984,3
3213,7
21058,0
26700,7
11149,5
3857,7
6840,7
10400,7
17289,25
19045,7
33917,7
33443,7
34921,7
2630,7
6510,16
26151,1
22589,1
2632,16
2633,1
23758,2
13151,2
12593,1
11441,1
16060,1
2918,1
27700,1
6878,1
1764,1
14047,1
14252,1
26623,1
29252,7
4624,1
31411,1
17239,1
13219,1
9170,1
10328,1
4645,1
6171,2
9183,1
15318,1
15594,1
3015,1
29989,1
13287,1
10671,1
14439,1
13867,1
12277,1
26022,1
19340,1
15642,1
8129,1
11604,1
9814,2
30900,1
27254,1
16208,1
31549,1
12202,7
4752,1
15673,1
26082,1
24249,1
37319,1
24265,1
13962,1
5327,1
31584,1
3690,1
3807,1
11807,1
6521,1
9214,1
36725,1
29774,1
16312,1
27378,1
34167,1
9682,1
9789,1
33570,1
32301,1
23673,1
9404,1
37448,1
13405,1
6583,1
7564,1
15102,1
36129,1
28024,1
36162,16
6033,1
22083,1
34230,1
4341,1
28134,1
6617,1
28623,1
7760,1
21678,1
27619,1
26870,1
31999,1
29899,19
10068,1
6097,1
8957,1
30869,1
3048,1
34977,15
19910,1
3904,1
30586,1
31098,1
24578,1
6581,1
34421,1
11331,1
23416,3
3373,1
23437,1
5281,1
4486,1
33154,1
7567,3
8480,1
8743,1
35060,1
17104,1
3414,1
23800,1
11967,1
24185,1
22031,1
35737,1
24074,1
24670,0
30065,1
2636,7
19157,3
32561,1
2639,12
9036,12
2640,3
2641,16
2642,1
2643,7
19693,3
2644,2
4561,2
22722,2
20869,2
17176,2
16805,2
22358,2
28642,2
2649,5
10195,5
25716,5
2650,5
27331,3
2651,16
8851,16
20342,16
2652,1
2655,16
2657,1
2658,1
18024,1
17145,1
7036,3
12621,16
33827,3
14434,2
16557,3
17164,16
13668,16
9195,16
17024,16
29006,16
12186,7
35570,16
25175,12
23571,16
16513,16
28113,16
3145,16
19984,16
12120,0
35818,16
30505,16
27193,16
23040,7
29306,16
21006,1
37078,12
5830,12
34123,16
32413,12
7636,12
36838,12
21954,12
24128,12
2664,7
2665,5
9824,5
5365,2
23526,3
2666,2
36491,2
6539,10
20761,2
25621,2
11971,1
2671,3
24248,3
19764,1
4878,7
25167,1
30529,7
21798,1
14881,1
13544,1
5927,1
35728,1
2673,2
2674,2
2676,3
28272,3
35977,5
2679,1
2680,3
24142,3
24938,1
33139,12
2685,1
24034,1
2686,7
36501,7
10370,7
12035,7
2687,12
32070,12
36340,2
2688,1
9293,1
34185,1
8119,1
22303,5
28691,1
29278,3
11554,7
33629,3
19356,16
3897,3
33264,3
29158,7
8139,7
2691,3
34459,2
31406,0
33393,16
33492,3
8534,3
34913,16
22027,16
31547,16
36823,3
2698,16
2699,16
34127,16
12592,16
2700,7
15125,2
29077,2
8603,2
3251,2
12142,2
18246,2
27074,2
10975,25
13327,2
7422,2
14085,16
19798,2
30364,2
25093,7
6612,2
35177,2
23885,2
13218,2
28164,2
35815,2
11776,3
28044,2
7808,3
9096,2
4557,2
18719,2
35741,2
2703,2
29009,1
27872,1
23004,1
2705,2
30785,2
28098,2
31660,2
32371,3
1195,3
29640,3
25324,3
18928,3
3084,3
31502,3
28839,3
10540,3
29416,3
2708,3
2709,3
36767,16
2710,3
10632,3
9010,3
2711,2
2712,25
32327,25
9107,16
9913,10
33955,16
8170,5
36654,16
16413,3
6920,2
2716,0
2717,7
32102,7
5706,7
16035,3
2719,6
22141,6
20770,5
25257,25
4540,3
20018,3
4005,3
28581,3
35877,3
33527,1
8672,3
2721,3
29327,2
29428,2
2724,0
18981,0
17441,7
30446,7
2726,16
18229,3
453,7
36508,2
4876,3
16751,2
18780,2
3680,2
18261,2
17558,3
2732,1
2734,2
2735,25
4065,25
9251,5
12150,5
35044,1
35144,16
16206,3
2739,1
2740,1
32288,12
12955,12
30873,3
13770,0
10282,0
25813,0
21363,0
27850,0
26432,3
34997,3
29607,16
2744,3
23337,3
2745,3
2748,2
3556,1
33705,1
4599,1
19644,1
2752,5
33954,5
2753,3
2754,16
32277,2
24169,2
34502,2
14326,1
35995,2
34165,2
8183,1
23296,2
2878,2
16848,2
10646,2
3443,2
21810,2
2756,1
14390,1
9957,1
2757,3
2758,16
2759,3
34546,7
30278,7
33617,7
2761,5
2762,2
2763,25
27379,25
4107,25
2764,10
2765,3
2766,16
18833,7
22734,3
19491,3
2768,2
2769,12
2770,20
6222,20
2771,1
15261,3
30994,1
4310,1
7668,1
4173,1
2775,16
11852,16
21030,16
2776,21
19768,3
15414,5
34183,21
2777,7
33001,0
14393,0
23250,0
24659,0
21147,0
15123,0
36184,16
28497,0
10768,0
2781,12
5534,1
18799,12
14200,3
28404,12
2784,2
32072,2
18926,2
2785,16
10913,12
2788,1
25025,2
36520,16
19623,2
33170,2
2791,3
30616,7
27613,3
26025,3
8847,3
23193,3
2793,1
18169,7
24159,7
33297,1
22719,10
2797,1
2801,1
6556,1
2802,1
6533,2
26512,2
14550,2
32151,3
3842,3
30788,3
13845,3
36783,3
15354,3
30092,3
2807,0
29652,3
33262,3
29125,3
30283,2
36004,16
4381,3
33340,3
22838,2
31755,3
32716,3
29829,3
6815,3
36334,3
7868,5
35109,1
28747,17
12729,17
31727,17
9061,1
2813,7
19279,0
11733,7
2815,1
15450,16
2818,2
2820,7
9219,7
2821,2
3707,2
27720,2
5963,7
26076,7
33655,7
2824,10
2825,3
3568,2
2826,3
22619,3
5486,7
2827,7
36795,3
2829,7
27516,2
32859,2
2830,1
2831,1
2832,25
33890,25
1181,3
13672,3
22041,2
28712,3
27724,3
15351,3
5537,2
23961,3
31385,2
23998,7
25698,0
26651,16
30132,3
17228,3
18056,2
35139,2
9620,3
2839,2
27814,2
2840,1
33240,3
26363,2
2842,3
2843,1
9810,2
33186,1
2845,3
2846,1
2848,3
2849,3
10518,3
20846,2
2851,2
9755,2
2852,7
36626,5
2853,1
16550,3
32429,3
35953,25
15964,25
7997,2
31225,2
34132,25
25927,3
18363,7
19405,1
9905,3
4637,3
24907,3
33363,3
20428,3
23815,3
3871,5
5865,3
2860,2
35415,1
2862,3
2863,1
23782,1
18968,2
21541,4
2866,7
31910,14
33377,3
11347,3
37620,3
2871,3
3165,3
28554,2
10424,1
11895,4
12760,3
28739,3
36811,1
8591,3
1460,3
11024,2
32193,2
8928,3
12746,3
21293,0
21613,1
37129,19
791,2
7660,1
21290,3
6411,3
10925,25
37401,25
26260,25
2874,3
2064,2
28222,10
35419,5
23461,2
2876,16
10203,16
2877,2
5627,2
16301,2
2879,1
31963,2
31392,1
33622,7
29724,3
36119,16
17409,16
33035,1
5648,0
10942,1
2887,14
29128,14
2889,1
2890,7
19465,7
25916,7
19849,7
10686,3
6042,10
36127,7
24538,7
6480,7
16587,7
2893,3
2894,3
2895,2
27247,2
34327,3
9531,3
5140,3
18522,3
22163,3
14797,3
31586,16
22514,3
8593,14
36394,3
14626,3
33323,25
36518,1
20530,1
8218,3
25088,3
30189,3
28081,7
14751,16
22878,5
34782,3
10223,3
8954,7
37293,7
17957,7
8323,16
5347,16
23718,1
2898,3
18575,3
11361,5
2899,3
2900,1
20979,7
2902,2
35772,5
20064,3
30386,2
14458,2
37480,2
29026,2
4860,2
31985,2
26811,2
17681,2
14084,3
23440,2
21794,2
15419,2
29951,2
22547,2
14699,3
32855,2
27171,2
14111,4
13837,1
27071,4
23194,2
10826,7
22430,1
35940,2
13442,2
35492,2
11574,2
2908,0
36260,0
14464,1
21666,1
17402,3
21377,1
9041,1
6460,1
15073,1
36364,1
8279,1
10571,1
18327,1
6722,1
24869,1
27073,1
25989,1
17983,1
20642,1
5428,1
17032,1
10393,1
36678,3
31540,1
6537,1
21004,1
33344,1
26737,2
2910,2
23395,2
12158,1
17774,1
22941,3
3522,1
2914,1
20829,3
27969,3
22806,3
35952,3
2919,3
12759,3
2920,3
2921,3
2922,16
15275,7
2923,3
12728,2
7599,5
16418,2
32109,2
8311,2
13703,2
13645,3
24102,3
37187,3
37452,3
10508,3
2738,7
32244,3
15974,3
15719,3
29845,3
2928,2
2929,25
2654,12
2932,2
16494,5
11658,5
11913,5
28168,5
2934,5
2936,3
7974,2
21182,2
18170,2
35713,6
17858,2
13023,2
11429,0
21492,0
10143,0
25211,3
2940,10
2941,5
10594,7
5828,7
2944,4
2945,1
24191,1
23045,1
2947,1
11999,2
19530,5
7543,2
18328,2
2949,1
2950,1
2951,5
2952,3
25378,3
2182,3
19429,3
24988,3
12562,3
5405,3
3818,3
30256,3
36724,7
35460,7
2955,5
2956,1
2957,2
2958,3
31426,3
2959,3
18322,16
7983,16
16598,5
2961,2
20701,2
2962,1
2963,14
6624,14
2965,2
3193,2
17618,2
2967,3
18656,1
14617,3
13890,1
8312,7
2991,12
23315,3
26451,7
8430,3
25376,3
7638,2
2968,1
35705,3
3197,16
1588,5
36543,5
13707,5
19793,5
6553,3
2971,5
2974,3
2975,3
23251,2
8714,3
2976,7
2977,5
16189,5
2980,5
2981,1
2982,1
13861,7
35489,2
30408,2
25982,1
5274,1
4852,2
24990,2
36713,2
2986,5
27815,5
2987,3
34453,3
2988,2
24223,2
22777,2
32675,1
2990,3
2994,3
34475,3
2996,1
7162,2
2998,1
2999,3
35752,3
3000,1
8909,2
5952,2
28279,2
14729,2
27274,2
24521,1
12887,1
26125,1
27121,1
8724,1
32254,1
21601,0
30333,1
3008,16
11842,16
3009,2
35683,2
28920,1
26645,3
3012,7
25327,7
3013,7
26606,7
23987,7
7480,2
25664,2
8229,2
21955,2
30196,2
8422,2
11241,0
6150,1
35646,1
35972,7
1126,7
23399,7
21044,7
4869,7
18990,7
9437,7
21796,7
8190,7
24627,7
19734,7
23165,7
33666,7
4946,5
35591,7
29754,7
23052,7
3017,2
27681,2
30844,2
3018,3
34813,3
3020,16
6126,16
2377,7
19227,7
24562,3
3022,2
3023,16
10036,3
4287,7
32080,7
14647,7
33974,7
36318,7
3025,2
3026,1
24995,2
21079,7
22087,2
15830,2
13709,0
3029,7
21257,7
11996,7
4858,7
37095,7
22467,3
3900,3
24115,7
5854,3
30006,3
26144,2
15015,3
34715,7
26533,3
6754,25
3540,3
4512,2
17999,7
26348,7
11884,3
18317,3
6941,3
34624,3
29820,3
24916,3
22926,3
30252,3
33693,1
25792,1
7398,1
22413,1
19731,1
21308,1
17663,1
12067,1
3033,2
12456,2
25692,2
3034,3
3035,10
5296,10
3037,16
16575,3
10341,4
35387,3
31187,3
24846,12
3041,24
17256,24
27502,3
35463,3
32035,2
35695,10
17403,2
37086,2
25213,2
17664,16
9499,2
15827,2
3046,5
27144,5
3047,1
3049,1
28837,2
34947,3
3052,1
6340,2
36524,1
21159,7
36993,7
10842,7
3055,3
4965,3
3793,3
35627,5
16381,3
3057,2
11883,2
3058,1
14067,3
3060,7
28553,3
33390,3
3063,5
11647,3
33507,6
5785,5
32194,5
29586,7
25358,5
3066,12
37270,12
32246,1
3068,3
8047,1
23749,1
3070,1
11282,16
34582,3
18997,3
3074,3
3075,4
23724,7
11835,7
21780,7
3077,22
20863,22
33314,22
3078,2
29404,2
35067,7
20830,3
4445,3
3080,1
14083,1
5972,12
31472,12
18711,12
3082,1
3083,2
11905,2
25588,3
3086,5
4937,5
3087,1
32963,2
15698,1
20694,1
22256,1
21412,1
9190,1
28963,1
3089,1
27786,1
25823,1
34483,1
3091,7
3092,3
3479,3
18412,16
3094,1
7305,1
12424,1
31811,1
3096,7
3097,2
13364,2
11805,2
35502,3
3099,7
3102,7
3105,2
32428,2
5957,1
21884,3
25923,3
30155,3
37497,3
3588,7
18800,3
18534,10
19657,3
12755,1
35383,1
37603,7
34433,7
3114,5
31794,2
29962,2
28809,2
9939,2
22289,2
17073,0
26995,2
19617,2
6579,3
3120,7
12814,3
3963,7
16183,1
28861,8
34177,1
18605,7
17209,7
4839,2
16651,2
3127,5
31491,16
32950,16
35091,16
3129,1
23935,1
3130,1
9693,1
21093,7
29106,3
22101,5
29606,3
14809,3
9494,3
6315,3
13844,1
6323,3
20438,16
7336,12
22900,2
22924,10
27297,10
9615,10
3134,1
32000,21
18685,2
6203,2
9657,2
3714,2
3137,1
26829,5
18722,5
17877,2
30627,5
29381,5
37162,5
36981,16
21312,5
31065,7
20472,16
24698,6
11260,2
32472,7
37447,16
4888,1
3152,7
24756,7
30266,7
26531,7
20595,1
10251,1
5697,3
32803,1
7990,1
14934,1
7589,1
28511,1
13785,1
29233,1
19548,1
9154,1
14110,1
8373,1
20668,1
35230,1
11528,1
31451,1
23017,1
13055,1
25295,1
35252,1
5807,3
31777,1
18493,1
30250,1
36577,1
12727,1
9243,1
36444,1
36025,1
30999,1
4724,7
2145,1
17365,1
11631,1
11640,1
10455,1
18561,1
35361,1
7055,1
31604,1
31721,1
1530,1
21978,1
32878,1
37300,1
14002,7
34133,1
6182,1
15211,5
31274,1
15589,1
35469,1
32940,1
22471,1
13984,1
28009,1
9411,1
20915,1
35503,1
9446,1
24424,1
15943,1
8016,1
24057,1
17835,1
25,1
28072,1
16948,1
8021,1
7838,1
29304,1
18313,1
17329,1
33554,1
16487,1
24589,1
11565,1
31867,1
24178,1
33937,1
28870,1
10790,1
11970,3
28918,7
19133,1
10824,1
5618,16
1100,1
29374,1
23786,1
31368,1
22325,1
17784,1
16619,1
33011,1
16624,1
4060,1
22369,1
6077,1
19914,1
25938,1
13268,1
28396,1
22656,1
26179,1
23687,1
15634,1
28183,1
29663,1
8242,1
26072,12
19119,1
23735,1
16827,1
35380,1
11080,1
27925,1
9007,3
3183,1
9954,1
21663,1
32289,1
4300,1
12324,1
21319,1
23775,1
19245,1
26220,1
11388,1
10172,1
26360,1
11232,1
24068,1
20402,5
32390,1
27478,1
29025,1
35043,1
4388,1
11264,1
34404,1
9020,7
22581,16
27511,1
22889,1
10185,1
8864,1
11386,1
24052,1
3436,1
5650,1
5663,1
25264,1
26719,1
30671,7
7472,7
16230,1
7387,2
28598,2
25357,2
15663,2
24454,1
14475,2
22098,2
24707,2
15307,7
22355,1
4219,1
36427,1
3566,1
36860,1
23765,1
8096,1
11704,1
3156,3
6844,3
31791,7
29350,3
26103,3
2725,3
23774,10
13156,7
9142,16
19013,1
3206,1
20619,1
27403,1
30742,1
4549,1
5183,1
34789,1
21793,1
12006,7
23459,1
20956,1
26023,2
14109,1
9200,1
6949,1
5819,1
15050,1
3040,1
14463,1
28723,1
26064,1
24771,1
7548,1
29069,1
4722,1
23152,1
8673,1
35301,1
24370,1
12276,1
15944,1
4265,1
23515,1
13731,1
14867,1
18852,16
18863,2
10990,2
7697,1
31159,2
3164,3
28507,3
21630,3
33805,1
25689,3
35990,7
18893,3
3168,31
29927,31
5969,3
32226,7
8894,7
35537,3
10342,7
35927,7
23364,7
21743,7
3170,3
37439,3
3171,5
12121,5
12893,3
3172,2
29503,2
18887,16
14437,16
3176,7
12886,0
32442,0
35639,3
14829,7
3181,19
34166,3
11854,25
6724,25
15667,25
3186,2
26115,1
27527,2
30157,3
11284,2
23796,2
25372,2
3188,3
24864,6
15665,6
21100,2
8257,2
19120,2
3192,3
14392,16
35757,2
4196,2
26459,2
3196,1
17826,7
34771,7
7502,3
16237,3
3198,3
16554,3
3199,1
4484,2
29277,2
4092,2
8711,2
37374,2
4642,2
26916,2
30859,2
24241,2
25635,2
13311,2
7086,2
18139,2
3202,2
3204,7
4886,3
37320,1
27818,1
11313,1
3207,2
19087,1
3209,3
3211,7
25600,7
7892,7
3212,25
10704,25
13817,7
25892,7
5645,7
35493,7
26286,25
19898,7
14100,2
33535,2
14072,2
3215,7
5770,7
14066,7
15049,5
18896,1
3471,2
4253,2
18571,2
25026,1
3223,7
4959,2
26435,2
11567,2
30472,2
18670,2
35145,2
19591,2
3225,3
3227,5
24982,5
18268,3
4318,5
10121,3
6314,0
12005,3
36651,3
8099,7
11197,12
3229,7
8888,2
29765,2
19260,25
13046,25
27825,7
23391,3
31992,7
29587,10
21826,1
28332,3
22238,3
19280,3
18831,3
21331,7
18265,7
20376,7
24388,3
35305,1
3238,1
27741,7
3240,3
28266,1
7255,1
7634,1
37609,2
28597,1
3242,2
3244,1
37213,1
27683,1
3245,7
16477,1
22025,1
7326,1
18841,1
3247,7
3248,3
33421,2
16508,16
22821,2
25201,5
21206,5
34306,2
14283,3
31484,1
19292,3
15388,3
33190,3
19679,3
26456,3
22367,3
3254,3
31620,0
31156,3
16722,1
3258,1
3259,16
12414,16
3260,2
3261,0
17604,16
21383,0
13378,16
31305,16
13717,25
3265,7
26203,7
21342,7
21032,3
27790,2
3267,3
22316,2
9791,7
30779,7
19501,2
4742,2
31471,2
30769,2
3270,3
30818,2
4432,2
3273,2
3274,16
19527,3
3276,16
25040,10
16768,10
3279,2
33592,10
34749,10
3283,5
9147,7
3285,5
3286,16
3289,1
3290,2
3292,16
24761,1
3296,7
8607,2
31155,2
3298,7
7028,7
8632,1
29730,3
4115,5
3723,2
6610,7
24901,7
27748,1
8453,7
22457,3
36264,7
3779,7
34137,3
31990,3
18031,7
31998,3
10457,10
4345,3
30353,3
19707,3
20011,3
33342,3
8636,3
16630,3
3847,3
28650,3
31481,3
9358,7
24957,7
34852,7
3307,7
32290,7
13981,7
33389,5
15784,7
32839,7
3315,3
3316,7
15574,7
13199,3
3317,7
3318,2
10733,2
3319,7
3320,25
3321,7
3322,7
35448,7
3323,1
24998,1
3324,5
6109,5
25476,16
5638,2
5514,2
15956,2
35618,2
10590,7
22621,0
36367,7
21475,7
25891,5
7959,5
26083,2
37106,5
10881,2
28850,5
18915,1
13714,1
25051,3
37067,3
3337,2
3339,3
3341,16
16396,16
3342,2
34973,2
9381,2
36471,8
3344,7
25438,7
12268,5
14525,1
31341,1
3346,0
3347,2
12070,2
3348,2
27404,2
31576,5
3350,16
32990,1
32762,1
20897,1
3749,1
18020,3
7899,7
12063,3
10213,3
16642,3
15789,3
3353,2
29904,1
14533,7
3539,2
4246,2
6507,7
15969,2
20521,2
16522,2
37555,2
17287,7
29692,2
29616,5
3357,3
18069,3
35386,3
24757,4
21699,2
10123,2
3359,3
15938,3
7034,7
35761,3
35924,3
9360,3
36992,3
4616,5
3362,7
3364,1
3365,1
32606,2
23322,2
19179,2
31536,4
15764,7
23763,7
4387,7
27774,7
30063,7
30837,7
8305,7
3371,5
18288,3
21315,1
13499,1
28302,1
36114,1
32156,3
17216,3
7333,3
3376,1
818,2
25574,1
35453,1
20608,1
15284,1
27376,1
31216,2
25499,1
4850,1
13071,1
18854,1
35352,1
36780,1
20968,1
8343,8
14377,1
24221,1
9285,1
20284,1
20289,1
19616,1
23663,1
28653,1
3379,2
7078,2
23457,2
13096,2
3380,5
22960,5
26559,3
3382,16
3383,3
10097,2
23295,2
37192,2
15042,7
33625,2
4750,7
13718,16
31256,7
3387,1
25100,5
21255,5
24642,5
33883,16
3389,5
22622,7
12827,1
3391,0
11724,0
18033,0
3392,2
31614,3
3393,1
3395,2
32317,2
35992,2
2110,2
9093,2
27653,2
15630,1
36295,1
14823,1
25934,10
14251,7
21493,1
33517,1
3400,1
28448,1
32909,2
17157,1
33567,1
5442,1
26777,7
28925,7
29216,3
24871,3
25848,3
3403,1
3404,2
16107,2
17665,1
8308,2
35014,2
7973,2
1360,2
9713,2
30289,2
20206,1
16547,2
31541,32
28039,32
1133,32
33616,1
11804,1
33559,1
3408,3
3409,1
3410,3
23945,3
21098,3
36757,5
28730,3
10734,5
3412,2
30485,2
3413,3
32489,5
34784,3
3415,16
25064,2
22398,7
1911,0
20099,16
30461,7
4704,7
9767,7
28707,2
26108,2
36853,2
8835,2
5750,2
3419,16
31068,16
31543,16
3421,16
3422,1
3423,7
17194,7
29905,3
12055,7
15286,5
10796,3
32511,3
30997,3
3425,1
33185,5
29017,3
3428,3
15795,5
7043,16
26519,16
21175,16
27191,16
17379,16
4716,16
30052,7
12249,7
21728,3
26961,7
20697,3
22759,0
30599,2
36169,2
25402,2
29130,2
3435,2
3437,16
25737,16
11773,25
3439,7
20413,33
27997,33
17710,33
35717,33
20421,1
3444,7
29750,7
5757,3
2013,8
27626,3
20949,7
30321,3
29354,3
8216,3
33310,3
17143,3
30053,3
35634,3
3448,3
23842,3
3449,3
3507,5
23886,3
23628,1
33450,1
4574,2
32152,1
32589,1
3454,23
18168,23
3456,1
3457,3
26192,3
3458,3
3461,5
4437,5
8972,5
6864,5
31551,2
31921,3
16419,2
14451,2
30327,7
11571,2
15726,7
18593,3
35101,2
3467,3
27758,3
27737,3
3468,5
4863,1
25617,3
34850,3
15856,3
5685,3
31554,7
3472,25
31703,25
5809,16
23855,3
32250,5
13433,5
35733,7
27640,5
26513,5
30514,5
3476,5
25074,7
5710,7
5042,7
3478,7
33369,1
9112,1
36863,1
34181,7
18150,1
6190,2
33806,2
16666,2
3480,1
3481,3
35376,1
6595,2
37579,1
18849,1
20317,3
20809,3
7767,3
13901,3
24498,1
14783,7
6649,3
5507,3
15016,2
6951,3
29691,3
30019,5
3484,7
18840,3
35173,3
27339,1
3486,3
3487,1
37131,1
3488,2
33611,2
35012,2
34743,2
7083,2
17622,2
24806,2
20721,1
31331,1
15523,1
32022,1
9672,1
34179,1
7518,1
24171,1
23552,1
6017,1
21915,1
9706,1
25915,1
4336,1
25713,2
26953,1
27168,1
13814,1
31432,1
33941,1
28875,1
14406,1
12042,1
15068,1
28450,1
19867,1
35571,1
29289,1
29181,1
10373,1
33984,1
33414,1
15607,2
33699,1
16748,1
21514,1
7653,1
30453,1
17952,1
30899,1
35994,1
26381,1
31526,1
31227,1
19391,1
24884,1
6535,1
19464,1
24891,1
10464,1
34395,1
19689,0
33982,1
27592,1
5170,1
12538,1
28915,1
30318,1
5652,1
22876,1
22880,1
29987,1
21433,16
12682,3
3493,2
36684,2
3494,3
35432,3
3495,5
10591,10
13051,1
11553,1
3497,7
29061,7
3498,7
23352,7
3499,3
11218,5
37022,3
36825,3
3500,2
3501,16
7207,16
25738,1
18590,0
3128,1
6944,5
29833,5
3504,7
27529,7
7053,12
31486,12
19427,5
25650,12
3835,5
36066,3
24112,7
24701,7
23865,7
19565,7
21542,7
6120,7
20999,10
12796,16
19110,3
27829,2
7975,16
11692,1
12469,1
4875,2
24146,1
11638,1
24305,2
3511,3
3512,16
14476,16
5312,7
20822,2
24997,3
23393,4
22733,3
3516,6
15263,6
3519,2
34083,7
15204,5
35980,10
15088,3
30305,5
31719,5
30957,2
20889,3
3524,1
3525,3
3526,1
32458,3
3748,2
3533,5
3534,5
8700,5
9862,5
8125,1
31561,0
32296,7
35438,3
3538,16
13251,5
23477,3
26097,3
3541,3
4342,2
23236,2
35826,2
4189,7
3543,12
7845,12
11440,12
3544,2
2564,2
15322,7
28380,3
3787,3
6450,3
31996,7
3649,7
4890,7
11032,7
27161,7
5775,3
8908,7
35360,3
37517,5
21992,3
19891,7
27336,3
36910,3
32310,3
3547,4
3548,4
3551,1
3552,1
34738,1
3554,7
36598,1
17590,16
5723,7
7377,7
3999,7
15492,7
1660,7
20029,10
3557,3
16147,3
10229,7
3560,2
24006,7
30824,1
3562,1
29328,1
31565,3
18895,3
3564,3
20613,3
13145,3
33015,3
26334,2
29194,3
17309,3
25090,5
4940,5
34073,5
31566,5
35562,5
26685,5
3569,5
3570,7
18175,3
21639,7
3571,1
3575,3
21192,16
33304,3
17844,3
26460,2
3580,3
19410,3
31698,7
4482,7
8962,16
31066,16
3584,2
31272,2
3585,3
4356,3
27797,0
3586,0
3587,7
13132,7
33409,7
37534,7
36505,16
31086,16
31807,2
16503,2
3593,16
14516,3
26374,3
8131,0
32033,7
25248,7
8428,7
6318,7
17291,7
34872,7
27002,25
1692,25
3598,5
15218,5
3600,4
28993,4
27972,1
3687,2
7799,2
28666,2
7964,7
28076,1
36448,1
31907,7
29080,7
4738,7
3605,2
32225,2
25870,16
3606,3
3609,2
3610,7
15362,14
29208,2
3613,1
31574,4
30369,4
3616,3
36347,3
17565,3
30436,1
12983,1
24342,1
22418,2
3621,2
3622,1
3623,7
9399,7
18297,7
7618,7
8815,1
31504,1
17923,1
17180,1
30568,1
5991,1
18108,1
24623,1
4648,1
32864,1
7778,1
29743,1
3626,2
34617,5
32065,5
3629,7
3630,2
34361,2
3631,0
5651,16
37598,1
34428,3
17302,1
6605,7
5453,1
35860,4
15928,1
25559,1
3636,2
6663,16
30440,16
3638,1
3640,2
23627,2
7985,2
11093,3
3646,2
34867,2
19161,2
37683,7
3650,7
35852,7
3652,7
3653,21
3654,2
15444,2
37225,2
15370,1
3656,1
3657,7
6198,7
4554,7
19907,4
22270,0
10443,0
9549,0
3659,2
27435,2
25785,2
3660,12
3661,16
3662,5
31523,5
31233,2
25071,2
6670,19
22658,19
3668,2
3669,7
30989,7
3670,2
33461,2
22613,2
6272,2
9095,2
7117,16
3719,2
36095,2
27350,3
27537,2
37154,2
37123,1
23904,1
25319,1
36549,1
31398,2
3675,5
27632,5
20951,2
27235,7
36143,7
13343,5
23195,7
29688,7
11322,7
26680,10
3682,1
1742,25
15626,25
3453,25
11618,0
36541,1
22052,0
33288,0
11465,0
9792,7
3686,7
12839,2
6156,2
28401,7
23083,2
12147,1
12425,1
3688,3
3689,7
29396,7
3691,1
7633,7
3692,7
30362,0
7661,7
3694,7
3695,3
10093,5
3696,2
3697,1
14886,1
3699,3
15706,2
26951,2
25711,3
28428,2
20054,2
17802,2
31050,7
33811,3
22214,2
13065,16
30667,3
18423,2
33164,7
6128,3
18801,7
30270,7
7124,7
22942,7
29385,7
9467,7
16806,3
26686,7
19266,7
35132,3
24947,1
18770,1
9366,2
24946,3
3704,2
33518,2
3705,0
3706,3
33477,3
16262,3
3708,1
27483,3
3710,12
3713,3
30288,2
8491,1
14151,1
16501,1
3715,3
3716,3
34727,2
35111,2
3721,5
3722,3
3725,3
30678,19
3727,1
3728,1
3729,1
3730,3
20319,3
3731,3
12475,5
9466,3
24793,3
3732,3
3733,3
4896,3
31595,7
12569,7
14676,7
36683,5
4127,5
15152,5
3735,2
8794,2
3736,16
3737,3
22765,3
35013,16
3739,2
11123,2
11292,1
6682,8
3743,3
25403,7
12118,3
34191,3
3745,3
20538,3
25154,3
13140,3
8039,12
12662,1
1271,1
541,0
21414,0
22660,2
23032,2
15302,3
12103,3
18344,3
30145,3
3753,2
35436,2
29874,2
17005,2
3754,16
20702,7
6683,3
15038,1
18052,2
11698,2
29225,2
27491,7
37688,2
31012,2
3758,1
25229,1
19774,3
13491,4
3921,4
27012,2
9425,4
25515,4
3759,5
3760,1
8106,16
36692,5
15831,10
24621,0
27130,10
13754,5
25540,16
16443,4
28502,3
23504,3
19848,3
477,7
17120,7
8875,3
15428,3
27801,3
5774,3
9263,5
3769,7
24501,2
3771,3
3773,3
3774,3
13032,7
13036,1
3776,7
31438,0
6685,16
29816,0
16382,7
34221,7
35854,3
3780,7
24154,2
24205,2
3782,2
5776,2
22327,2
3783,3
13361,0
26385,0
3786,2
36722,2
10709,2
26977,7
3788,3
30279,1
9304,1
20793,3
3791,3
9797,3
29835,1
31020,1
28105,1
27005,1
24158,2
24853,1
9261,2
12066,3
35874,3
34248,2
36381,5
5780,3
36047,7
5278,7
5682,3
3799,1
27988,1
29823,7
8084,3
16694,3
36442,3
36207,3
36699,3
32874,3
971,16
3802,2
3803,1
3804,7
3806,2
29544,2
5273,1
3808,2
25459,2
3809,2
28150,2
3810,4
18619,4
3811,2
11873,2
3813,7
3815,5
27932,5
31193,5
23596,7
6775,7
11237,7
15506,7
27232,7
25027,7
15605,7
34869,7
30913,3
3819,1
8541,1
37453,1
30207,0
32481,3
3823,2
9872,2
32778,2
3824,4
3828,2
16497,7
3831,1
24693,7
3833,3
3834,0
11964,0
5276,0
3836,0
14160,2
37024,2
24923,1
27579,2
36237,2
32426,1
3840,2
37142,18
11146,2
8202,1
17531,3
3843,1
7188,8
3846,3
3848,3
20824,3
3849,2
13680,2
23183,3
37292,3
36316,3
3852,7
3853,2
22556,2
3855,5
17716,5
16328,5
9853,7
3859,1
8975,16
5142,7
32307,7
6022,7
19072,16
36616,7
7379,7
35937,7
14577,25
37677,25
5928,25
35950,25
3862,3
3864,7
18958,0
22364,2
11586,2
4295,16
11365,16
3869,25
5134,25
3870,16
12193,16
34500,2
18009,2
3872,3
26626,7
25425,3
22851,3
27259,3
12589,3
3926,7
32328,1
16194,3
3875,7
13109,7
9750,5
36165,7
3878,3
3879,2
31627,25
3882,7
35000,7
3883,25
3884,0
17156,0
3885,3
20947,3
3886,2
18109,2
25281,2
16804,2
9966,2
34499,3
6060,2
26480,5
25832,2
24904,2
35868,2
6364,2
34438,2
37619,2
24773,2
28379,2
37052,2
14138,2
27956,2
14897,2
35496,2
3888,5
9111,16
3890,3
19331,0
7969,3
3891,2
3892,2
3893,5
21899,5
13944,3
3896,1
10977,1
27971,3
3898,3
9004,7
10746,3
11473,3
3899,7
24476,3
3901,5
3902,3
3905,3
35107,3
3908,5
14302,1
29407,3
3911,5
35364,5
34759,5
3912,3
32114,3
10744,7
20650,3
5121,1
9445,1
13018,1
30562,7
37639,1
36815,1
26886,1
28892,1
8924,1
9935,1
30413,1
3916,3
5727,2
23682,2
5983,2
12778,2
17529,2
15917,2
3918,22
8252,22
4951,22
19007,1
3920,1
30430,7
14979,4
17168,1
32607,1
36438,1
19541,1
10301,1
33039,1
17248,1
29661,1
15859,1
20888,1
24204,16
19600,1
28475,1
8558,0
7802,1
5855,1
5866,1
36935,1
6145,1
11594,1
5975,1
17052,1
32941,1
18681,1
18082,0
11210,1
8334,1
13626,1
18748,1
24483,1
32842,1
16115,1
14020,1
37165,1
13030,1
36950,1
36964,1
18251,1
34413,16
21096,1
24622,1
9171,0
21470,1
9642,1
20027,0
16603,1
25861,1
10860,1
32071,1
8572,1
18963,1
29490,1
21224,1
13905,1
17851,1
19004,1
24792,4
33785,1
31531,1
23039,1
4280,1
13539,1
22302,1
20192,1
20197,1
19107,1
6517,1
15702,1
12253,0
2937,1
4267,0
34806,1
23595,1
36120,1
16729,0
5404,1
19152,1
28590,1
7711,3
16918,1
32330,1
6979,1
27440,1
19278,1
17078,1
31390,1
14978,1
18198,16
37258,1
17002,25
33916,1
29480,1
13604,1
20466,1
17045,1
15920,1
33761,1
21629,1
7869,1
4485,1
20953,1
37631,1
26405,0
7936,1
17159,1
3924,25
21878,25
3925,3
6717,3
3927,7
25485,2
3928,3
18823,2
12329,3
25153,2
3930,3
3931,3
4102,3
35975,1
7127,1
4535,1
33073,1
24361,7
13997,5
6986,7
3936,2
5827,2
29190,2
35885,3
17127,0
23761,2
3939,3
15314,5
36049,5
13074,5
5372,5
36862,3
20941,5
26204,5
12831,5
27055,12
35467,1
35133,3
10245,7
31188,7
15352,7
24251,7
16345,1
19458,7
31311,7
26235,7
22376,7
8040,7
19846,7
28061,7
10283,7
28966,7
35873,7
2111,7
25835,7
32756,1
705,2
13518,1
6721,1
11495,1
33967,1
37191,16
31482,7
5965,5
6266,5
14188,5
32316,5
30743,16
31699,5
11426,3
16672,5
10481,5
15975,5
22305,5
23326,5
21832,5
12267,5
22603,5
7244,5
5500,7
3951,3
36976,4
33877,4
18499,2
18079,7
19020,7
3954,4
16817,4
3956,5
4652,5
32204,2
3958,3
29705,1
17480,2
31514,2
36454,16
25614,1
7861,1
10150,1
17860,2
31882,1
27601,2
27310,1
18319,1
21453,1
19048,2
33987,1
16546,1
29968,16
16004,0
3962,5
32087,3
3964,7
19506,7
20663,2
3966,2
30268,2
28037,2
3969,1
33781,1
22386,1
29604,16
25685,1
30438,1
3972,16
19059,5
3973,16
28004,1
3975,5
3976,3
10193,0
20305,2
6922,2
31380,2
34055,2
20519,1
16675,3
19235,3
3982,1
8187,1
17581,2
12883,2
3984,2
3986,7
22183,7
25481,16
16094,7
28725,1
22295,2
3988,16
3989,7
23292,7
22679,7
27894,7
21225,7
18096,1
8553,1
13784,1
37424,1
10889,1
14349,1
1556,1
5797,1
15608,1
17616,1
17913,1
21673,1
31818,1
12022,1
33419,1
20477,1
32786,1
20496,1
36990,1
23450,1
32334,1
9324,1
12833,1
34139,1
24725,1
37370,1
3991,3
3993,2
16584,16
35443,16
16682,3
3996,1
3997,2
3998,16
17283,7
24964,0
27081,2
22633,3
18617,1
34415,1
31215,1
23569,1
19121,1
37477,1
13829,1
15303,16
19873,1
29671,3
28734,3
4002,2
4003,2
26773,5
34345,5
19341,5
37115,5
26815,5
13642,5
34873,5
17455,3
34793,3
12091,1
4009,1
31650,16
11068,2
8988,7
31831,16
15924,2
23717,2
20358,2
6144,2
11236,2
31621,2
16143,2
35718,2
9934,0
25114,2
25310,5
18162,5
32453,5
19145,3
28981,3
16766,5
37227,5
11767,5
5133,5
21739,5
26289,5
15421,5
20695,3
14501,5
7664,5
36649,3
22472,5
8181,5
33557,3
4083,2
13625,2
4017,2
16250,2
25457,2
4018,3
19019,3
36874,3
4022,5
11599,3
22288,5
4023,16
28826,7
23423,3
31559,3
11775,3
4027,3
4028,2
4029,2
8033,2
31955,3
11445,3
4829,2
10235,3
35685,3
966,7
5818,14
10502,7
6935,3
4033,2
4034,3
15089,3
27375,3
17989,3
4038,4
4039,1
26362,1
4040,3
4041,16
32113,7
4043,0
6741,2
5711,2
4045,3
20220,16
32791,7
15366,7
20207,1
11947,1
4049,2
14592,2
30548,3
32517,16
34932,16
4051,2
4052,1
29576,1
25326,1
4053,16
28324,16
15474,16
9138,3
4055,1
4056,2
4057,5
35250,0
4059,2
9050,1
30821,3
4063,2
21907,2
4064,16
9435,3
4066,34
22635,34
37502,34
31303,34
24686,1
23230,5
34560,7
30786,1
21163,1
33137,1
10566,2
37169,2
6846,14
3278,2
4070,5
20725,5
4071,5
4072,1
4073,2
15661,2
4075,14
26965,14
5543,3
22965,3
7000,3
25974,1
13779,3
13126,3
8762,7
12380,3
37196,3
4078,4
9268,4
4079,16
21059,1
4082,3
25182,2
24664,2
28576,2
4086,1
32946,1
4087,1
16456,2
8554,2
8586,2
22393,2
21594,2
15324,2
15343,2
13057,2
17065,2
14536,2
33524,1
536,2
33316,2
35532,2
11959,2
14285,2
5113,2
20537,2
31447,1
37029,2
25351,2
29438,2
21679,2
4414,2
6526,1
28096,2
17921,2
5815,2
31898,1
30083,3
34941,0
15427,3
26505,7
6220,7
36432,7
9496,3
4093,3
7494,3
8185,3
4095,3
30641,2
31669,3
4789,3
18584,3
4098,5
2617,5
27831,5
4099,16
13960,16
12159,1
4907,1
30399,1
10547,1
7393,12
16136,12
24222,1
4106,1
4108,1
9790,1
16179,1
31320,1
17689,1
6629,1
7196,1
4110,16
33309,5
35159,3
37563,1
22372,3
31572,1
33165,3
26462,1
23002,3
15047,3
4113,3
11053,7
23739,3
7208,16
26453,16
4116,16
4117,0
28692,1
29512,3
7129,5
4121,2
37492,0
34731,3
8406,3
8074,3
35038,3
30026,3
4123,3
8934,3
29032,1
4126,2
19288,3
8601,3
5646,3
4129,16
20086,14
26548,2
27658,5
11817,2
31168,1
21587,7
20565,2
30442,2
4136,1
17215,2
37061,2
33836,2
28805,2
10023,2
29660,2
23306,2
29509,2
4139,7
6769,3
24150,3
4142,7
11893,16
4144,16
4145,3
4146,5
16847,5
4358,21
17072,5
4147,1
5910,3
4150,3
31766,3
22142,12
27425,3
4151,1
12810,1
4152,3
26009,2
24702,2
28738,7
4155,1
10853,1
30530,25
10381,25
15563,12
33959,3
6219,7
19043,5
1861,5
4159,2
4160,7
11047,7
4450,16
28301,10
4164,3
4166,5
4168,5
4169,2
27792,2
4170,2
4171,7
11414,1
7777,1
22640,1
13935,1
26529,1
19469,1
28979,1
17316,1
25440,1
25758,1
25407,1
7603,1
4493,1
11075,1
31250,2
27648,1
23634,2
4176,5
4177,16
31091,1
4179,3
558,3
7144,3
13928,7
8522,3
25215,3
17544,3
4181,3
9787,2
25266,2
18977,2
27567,2
30800,2
8731,2
6502,2
28729,2
12868,3
25328,3
4538,3
29926,3
23725,3
35936,3
4186,1
10648,3
12958,3
4188,1
1083,7
19961,7
27224,4
12365,18
25052,1
15113,1
24496,1
17705,1
8194,5
4194,7
4199,7
13802,7
10627,7
13776,1
4812,3
15010,3
33723,25
34573,25
5102,7
19079,1
20151,4
7937,2
31870,4
4205,5
17271,5
28628,1
15957,1
4207,1
21705,1
32454,3
25443,3
24534,7
19051,1
4211,6
4947,2
14361,3
33031,7
4215,16
4216,2
4217,16
5186,16
34949,1
4221,7
14143,7
4222,2
4552,2
13677,2
32894,3
4224,7
4225,16
23428,16
34135,16
4226,1
10964,1
4227,2
4228,3
1918,3
4229,1
4231,16
4232,3
14076,2
4233,1
4234,7
10231,7
27381,3
19801,3
28903,3
4889,3
36276,2
22339,5
20414,3
12291,7
7232,1
3061,1
18454,1
19521,7
33379,7
19885,7
19226,7
37514,7
14120,2
33658,2
29420,2
4594,2
34491,2
26330,2
16888,2
33599,2
6428,2
23577,2
19057,7
28260,7
33593,4
20990,4
4247,5
15712,5
4248,2
13195,2
11721,2
7011,3
26013,1
4661,2
4825,2
17941,7
21841,7
24700,7
4255,5
4258,7
4259,0
33488,0
14470,0
21960,1
4264,16
7161,16
19078,3
25538,0
33301,0
4268,3
4269,3
24408,5
19249,5
4270,3
4273,1
34374,3
13312,3
4274,4
34881,4
34751,5
21976,5
16087,3
9855,3
6393,16
12933,7
4276,3
4277,7
4820,3
35277,5
21242,7
34050,7
6852,7
20784,7
34915,1
4283,3
20573,3
31702,3
13755,3
8565,7
30245,10
4285,5
4286,2
19869,2
9341,2
28264,3
12483,3
32871,3
17595,3
18560,3
9941,7
34815,3
15283,7
19434,7
7427,1
1794,1
18683,1
19071,1
16325,1
11194,1
6596,1
20655,1
21505,1
23288,1
28038,1
18178,1
3685,1
15915,1
32171,1
29096,1
19011,1
22628,1
18899,7
37283,1
21940,7
18971,7
6444,7
20769,7
4294,5
5799,1
10161,1
37198,1
12815,3
25682,3
23138,3
33002,3
22399,3
11824,3
31690,3
6313,3
35273,3
34224,5
4303,7
17217,7
27222,7
12974,3
15998,3
5721,7
17361,3
7385,3
11318,2
5340,5
32115,3
4308,12
5762,12
34219,2
9554,2
29897,2
24746,2
6958,4
24669,2
21788,2
4313,7
10470,7
19762,7
4314,16
30043,16
7392,0
28104,5
30490,7
36238,2
18205,4
17472,4
17516,4
33099,1
35269,3
32243,16
12036,16
34889,3
35520,16
35841,1
4322,16
14442,16
27208,7
20526,7
36243,6
28410,1
5508,1
31206,8
8377,1
10642,0
30420,7
28621,1
12599,1
37381,5
4329,1
32011,1
15935,1
16714,2
26993,1
35283,1
21259,2
13746,16
27165,3
36329,1
15793,16
15812,1
32351,2
25932,1
34454,2
16125,20
22412,5
10950,1
22384,2
9498,1
11036,1
25404,16
8948,1
8104,1
23059,3
26307,0
21597,1
23696,2
34346,1
12478,1
7569,2
7984,0
34377,6
17848,1
2404,2
9032,1
35379,1
12342,3
10389,2
30356,2
9607,1
15385,1
36671,1
8900,2
30374,1
31624,1
34353,2
30084,1
4334,2
26691,2
13879,2
31051,2
17537,2
4335,7
15973,7
24177,7
4338,3
19788,3
32054,2
4340,1
23754,2
31878,1
16400,3
7866,1
4346,5
25068,3
4348,16
13313,7
14838,2
13572,4
11747,7
20327,3
16224,10
9011,5
37215,7
24914,3
9854,2
26245,1
10778,1
25243,3
17056,3
32998,25
16468,25
36855,25
36249,25
35205,3
35321,3
9516,3
4359,3
23728,7
15653,2
23022,12
4364,3
30170,3
17501,3
4365,2
17985,2
37650,5
31954,5
32640,5
25801,16
14597,5
20966,7
17234,2
13106,7
4367,2
19828,7
9489,7
22853,7
27847,7
33719,3
4369,3
36861,3
16759,3
32769,3
17391,3
8299,1
14075,3
30771,3
9509,3
32776,7
28331,3
9034,3
35049,7
19134,1
24889,3
18752,3
29433,3
21105,7
13244,3
5370,3
11281,7
24814,7
4371,2
14566,2
19017,2
18721,2
4372,25
31716,1
4373,7
4374,0
18292,0
28939,5
4375,3
14932,3
18546,2
16059,16
4377,3
6514,3
33452,2
14832,0
16626,0
24929,0
13352,0
4383,3
33242,1
21387,5
12508,7
5421,19
16032,3
30985,1
35063,1
27708,7
18475,2
18519,3
30522,2
21716,3
13243,3
26271,3
14363,3
28665,5
12228,3
26858,0
10218,1
8356,2
20451,2
18272,4
4545,4
33548,4
19456,4
5014,4
5887,3
24507,7
8891,2
8196,2
5962,2
10202,2
29832,2
7174,2
30858,2
19564,2
4400,3
24678,0
15246,19
7441,5
9012,5
33841,5
4401,1
37601,1
4402,1
15772,1
4403,3
19083,5
11906,5
18104,3
4407,2
32340,2
4408,5
36069,2
36328,3
16288,2
30822,2
25385,2
12514,2
5594,2
23123,2
26393,2
35183,2
4413,0
6256,2
35398,2
20273,2
5028,2
25666,2
16361,2
11387,2
24092,2
28106,2
19834,3
4418,2
19792,2
26742,2
9086,1
4420,2
4421,0
23962,0
4423,7
7900,0
4425,3
9202,3
22381,7
20667,1
8968,3
9658,7
17468,16
25544,3
32977,3
11611,10
19086,7
4429,16
22863,3
14557,16
5705,16
24834,3
4431,3
28019,2
4433,2
30411,2
4434,3
4436,2
36908,2
4438,2
743,3
4440,1
4441,1
4442,3
25903,1
4444,3
24243,14
32251,3
24196,3
25587,5
7968,7
20347,3
31414,3
37542,3
37559,5
28897,3
35315,3
26137,16
7812,1
25831,3
37256,10
19647,3
34305,3
4679,3
10738,3
28444,3
29470,7
7888,2
11058,3
15423,3
6298,3
2618,0
35449,3
30042,5
7351,3
20959,5
26131,0
30299,3
19649,3
8277,3
4449,2
32038,2
34589,2
4452,8
9391,8
14653,8
5571,1
8032,16
20728,2
32333,7
13848,16
30905,16
4455,5
31397,5
25263,3
4456,5
23258,3
37222,3
14488,2
7535,12
16609,12
10366,3
17440,3
8285,3
26005,3
4463,1
13628,0
14348,0
4465,2
16112,2
4466,3
22203,2
36192,2
25176,2
28779,2
27735,2
37314,2
12056,10
5034,10
3384,2
20255,1
33372,16
4471,25
14969,25
4472,2
4473,2
36563,5
4475,2
4476,2
32951,2
21913,2
19092,1
4479,7
16161,5
20247,5
4480,2
16482,7
4483,7
35244,7
29182,1
35024,2
23384,1
5204,1
4487,7
9426,7
4488,2
4489,5
13175,5
31718,5
25265,2
4491,16
4492,7
4495,1
4496,2
18504,3
26692,1
15511,2
18994,4
4498,3
17362,3
4832,3
4501,15
30959,15
4502,2
1298,2
7231,2
23340,3
4504,2
4505,5
4506,1
4509,7
21735,7
4510,7
34625,2
17097,16
14869,1
28418,2
9356,1
8224,1
32400,7
4516,7
37030,7
34845,1
30843,1
36614,7
25046,1
4518,2
33437,2
4519,2
34702,1
5079,7
9861,1
4520,0
4521,2
11487,5
4524,2
9930,2
4525,2
4526,2
6419,2
18364,2
4527,16
30903,3
26985,2
35015,1
4532,0
29675,3
23472,0
4534,7
36132,7
4536,5
23474,5
31953,5
4537,1
6570,1
28254,1
9656,7
9701,7
29783,7
36733,7
24697,7
33426,7
20782,7
29402,3
20806,7
9322,7
35711,5
13371,7
36319,7
16812,16
12982,3
31749,3
4543,3
4544,5
10006,4
6627,4
24478,2
20807,2
4547,5
4548,2
4550,12
15829,7
20690,12
4551,3
18291,2
9987,2
4553,2
30713,2
32417,2
16980,2
4555,3
4556,1
7982,1
30934,2
768,7
15782,7
4563,1
23122,7
29910,1
5852,3
30730,3
4570,4
36172,21
33459,2
9430,1
29074,2
16195,3
13124,2
35330,2
30536,2
6442,2
16061,5
17830,5
2167,3
8034,3
29451,16
26518,1
30930,7
4581,25
36808,7
4582,3
4583,1
4584,2
25368,2
15289,2
4586,7
4588,16
13509,7
4589,16
4590,1
11886,1
33862,3
22139,1
13631,2
4596,1
29226,2
4600,2
10554,7
14218,2
4604,5
19563,3
4605,1
4606,2
23566,2
8199,16
20507,16
22607,7
26043,2
4608,3
13671,2
13531,2
4848,2
24285,2
6016,2
6050,1
15378,1
14949,2
16359,2
37415,2
32679,2
6160,2
35862,2
7263,2
13831,2
34862,2
23488,2
37208,2
10970,2
4611,2
4612,3
4613,1
36519,0
27352,3
4615,5
4617,1
20313,3
17232,2
4252,2
26830,2
4622,3
10061,3
35596,3
30842,7
22348,3
4623,3
4625,3
11940,3
4626,7
4627,2
7871,1
34776,1
9320,1
36115,1
28174,3
11756,0
4636,2
14544,2
30296,2
8301,3
30076,2
32800,2
37520,2
15752,16
16177,2
4640,7
4643,7
28225,7
4646,3
9714,3
23347,3
25253,1
4649,12
9090,12
35135,16
4651,16
9795,16
19840,0
15376,16
4653,1
4654,7
4655,2
4656,3
10394,2
16842,2
7532,16
24657,2
4660,7
12917,2
11095,5
34506,3
11037,3
7605,16
4667,3
11622,3
36507,1
30140,5
32260,3
4668,2
21313,4
19655,7
20217,7
19829,1
4671,7
4673,2
34314,2
26766,1
4676,4
22925,4
32989,4
4678,7
24451,7
20883,3
4681,1
4684,1
4685,0
25296,3
15327,3
10922,1
4688,7
27770,7
22026,5
1510,5
12611,16
4690,1
26129,3
4691,3
32338,2
29010,3
4692,25
4693,2
4694,1
18704,16
18736,2
12737,1
3639,1
31409,1
22647,1
34934,1
7254,1
16445,1
10836,1
9785,1
4699,2
4700,3
4702,3
18194,3
4703,1
4706,1
14509,1
13136,3
13613,4
27886,16
13441,7
28585,2
6841,1
32269,3
4714,0
4715,2
4717,5
7961,3
32831,16
19126,4
10995,7
37509,7
4725,2
4728,3
5902,2
4731,7
11028,7
28680,3
9151,3
4735,3
19941,7
17184,21
33852,7
12941,0
27178,3
18813,3
4739,1
4740,2
36046,1
24403,7
8671,3
17951,1
23179,1
16568,3
8009,7
30035,3
37149,2
34555,3
35504,3
22084,7
27598,3
6748,7
24772,3
8488,7
25527,1
21253,2
18196,3
14126,3
27198,3
28545,3
35541,2
23874,16
33857,2
4743,2
19637,2
15615,16
24234,16
17219,5
32777,3
21519,16
10162,3
32175,3
4747,1
25862,7
28592,10
27800,5
25174,16
28965,10
28916,1
30246,3
4749,1
28696,7
33111,3
14711,7
20743,5
24186,7
37132,1
13608,1
18989,1
25874,1
24531,2
24852,1
34758,1
31782,2
32660,7
4755,16
19270,3
22272,7
11452,7
28446,7
30760,7
21118,25
11795,7
4964,7
8680,7
9030,7
14210,5
5586,7
36007,3
18179,7
30150,7
18336,14
5377,7
11330,3
23082,16
6312,5
11334,2
21223,2
24866,2
36475,2
8223,2
7359,2
27607,2
27783,1
26468,2
13449,4
15519,4
4763,2
4764,1
24311,7
36773,1
4770,3
14060,2
33706,4
752,2
13322,2
34955,2
26134,2
25455,16
19789,3
10217,2
132,1
18495,1
29242,2
4777,2
33093,16
4241,2
4778,1
29093,2
32732,1
4779,7
37618,0
29164,16
4781,16
31611,16
4783,1
4784,2
4787,1
15067,1
23263,1
16293,1
19140,1
13954,3
4792,4
811,5
26148,5
10957,5
4794,3
11303,5
8345,16
35309,5
19363,5
30097,1
25598,5
10652,5
35722,5
23933,5
11489,16
27349,3
14155,3
22912,4
32521,2
4798,3
4799,3
4800,3
23381,3
812,7
4803,7
4804,3
813,10
11104,10
4807,12
8698,12
4808,0
4809,1
4810,4
14384,4
21985,4
11395,4
4813,12
4815,2
33159,2
14448,2
7064,2
11719,2
11491,3
15141,3
32078,3
5483,3
13710,3
22532,3
4823,1
4824,7
4826,16
4827,14
19144,7
31863,7
8380,7
10096,7
20767,7
4830,1
8303,1
19918,2
28159,7
4833,1
26487,3
17275,3
32645,3
4835,2
21473,2
36868,1
4836,1
4840,2
19148,25
31978,0
4843,2
8219,7
14522,3
19338,3
821,0
4846,3
8407,3
19354,1
20057,3
30613,3
32591,1
5439,7
4949,3
14974,3
741,3
9317,3
16375,1
36558,3
18965,3
7113,12
6885,1
16205,1
4851,16
6041,3
13414,2
23294,5
4854,1
16895,3
11332,16
22897,1
4856,7
4857,16
16734,2
26897,16
5032,7
4861,2
4862,1
34692,1
35150,1
14702,4
4865,2
470,5
25012,7
8827,3
17715,5
22816,3
13888,16
13455,7
21853,16
21917,1
3119,5
22337,1
6422,7
35623,7
19480,4
32103,7
35614,25
4871,2
26219,2
10851,2
6973,2
4874,1
7994,2
8075,2
28616,27
26711,4
32111,3
16742,3
26920,2
33620,5
30803,5
9852,5
13720,5
23356,5
10212,5
33218,1
12176,3
18042,7
18425,7
7643,7
30684,2
5038,2
5980,2
28103,16
4880,1
11188,1
4882,1
1961,1
14007,1
35954,1
18557,1
5602,3
1959,7
32737,7
4887,5
9492,7
7381,1
29980,1
34965,1
5904,5
25658,1
4895,1
28409,1
36033,2
32758,16
32585,16
13619,16
23439,7
4898,3
4902,7
31784,7
36615,7
4904,5
19760,5
36188,5
4906,2
27289,3
25665,3
4910,2
12353,2
6899,3
33808,7
25017,3
4912,3
30467,3
13234,3
12620,16
15098,1
28976,16
12802,12
29205,7
4918,3
19158,3
3334,3
4920,3
4921,3
835,2
9115,2
19775,2
27225,1
4925,3
801,7
4927,3
4928,2
24443,2
28633,1
28203,2
4931,1
4933,1
7586,1
4935,1
31822,5
4938,7
35566,5
22560,5
4939,21
10134,16
34365,7
31087,3
34072,3
25649,3
9771,7
32261,3
15954,7
4943,4
9581,4
26552,4
4944,5
3839,1
13044,1
7663,1
37506,1
9541,1
22643,1
28420,1
14856,2
9398,2
25345,5
36492,1
633,16
20492,3
4955,5
26883,5
6795,5
14621,5
18844,7
4956,2
3949,2
27845,2
13643,2
8116,2
24367,2
27406,2
4958,16
32605,16
37365,1
19166,7
19461,7
4968,2
4969,7
4970,3
4973,5
6051,5
4811,5
20614,2
4977,5
15257,3
12862,4
4980,16
12376,7
35473,3
15787,3
18392,3
37224,2
18125,3
6911,3
4984,2
23037,2
6043,2
4985,7
9983,7
4987,12
14121,3
31135,2
36816,3
4991,2
31234,2
32090,3
13034,3
4996,1
34865,1
4997,3
16953,3
28629,7
32538,3
35671,3
23132,3
36716,12
14941,12
12210,12
4198,12
5004,1
27453,3
35055,7
18543,3
36161,16
27865,3
25743,2
14559,3
10053,3
5008,2
15949,2
23601,12
19634,3
25912,3
31832,2
5011,5
5012,2
15855,2
12711,2
33529,1
30685,1
35655,1
20089,1
20142,1
29801,16
18914,1
7751,3
31200,3
11965,3
21193,3
28971,3
29756,3
9456,3
19220,7
5020,7
20520,12
5021,1
33473,2
25585,1
5023,12
5025,2
35748,2
5026,25
11250,25
5027,4
5029,25
10348,2
5031,1
7030,7
18345,7
5035,2
5036,0
5037,4
28886,2
5039,7
5040,3
5041,5
5043,3
16816,3
37244,3
19180,5
31865,5
34669,2
6068,2
25592,2
7557,2
31362,2
9725,2
25616,2
36157,2
30998,2
34052,2
30937,2
24564,2
12517,2
21704,2
18749,2
10186,2
27627,2
20415,2
25990,2
5047,16
11150,10
12612,7
20772,7
21488,10
23698,7
28651,3
26263,7
17603,3
9371,10
5049,16
15518,3
5053,3
5054,5
5055,7
9511,25
4919,7
8964,7
33318,7
8338,7
7114,7
28736,2
13403,6
5168,25
5058,7
26310,16
2539,3
21697,3
5060,1
37083,1
11423,3
12017,6
18959,2
10514,5
16637,2
26826,3
20946,2
34596,3
573,3
31754,3
24050,2
9303,3
31617,3
10374,3
17601,3
15041,2
16171,3
28415,2
18235,1
26249,3
6703,1
33685,3
33089,1
20184,1
36611,7
10132,5
35784,1
25611,3
28810,3
34249,2
13942,3
26371,3
26577,7
18301,3
36361,3
5063,2
35637,7
5065,0
5066,1
5067,3
5068,2
5070,1
30148,3
7197,7
9444,3
5074,3
9053,3
18112,3
5822,3
5075,1
17198,16
5077,1
5078,2
5082,3
5083,2
31420,3
11501,1
10943,1
5086,7
23161,10
8296,7
5088,0
28828,0
5089,7
5091,7
5092,3
5093,5
17249,5
5094,1
5095,7
31846,7
5097,2
5098,7
5482,0
27147,0
17124,3
11502,7
5101,1
9869,3
861,7
5104,2
36876,2
31444,1
33060,1
29359,1
12642,1
5110,3
32210,7
17282,7
6930,7
1986,3
5114,2
21157,2
5116,3
5117,5
35225,3
5119,2
5120,7
20969,7
29753,10
19193,7
13763,3
24565,3
5126,1
30614,4
35313,7
17108,3
19618,2
36065,3
16114,7
37020,3
31852,1
5136,1
5137,16
5138,16
16988,3
28538,16
15337,2
24606,5
14413,3
35329,1
7545,1
10473,3
17443,5
23621,2
5141,3
29941,7
22315,7
18427,7
23184,7
10493,7
11409,3
8400,3
27099,25
5147,7
24742,7
5148,1
34724,2
25337,2
5151,16
12801,16
28864,3
16251,5
11384,3
5153,2
5154,2
16927,7
6934,3
32279,3
34902,3
6664,0
5159,16
5160,1
20229,0
27428,3
25695,3
22783,1
11419,3
5164,5
5165,7
5166,1
5167,3
14383,3
24722,3
8076,2
34864,3
19203,1
36564,1
25380,1
1848,2
5174,3
5176,3
5177,7
5122,7
23732,2
5179,1
5180,0
18807,0
16082,0
5181,3
5182,2
18085,1
11016,1
5184,3
8429,3
30579,2
15836,2
10412,2
37023,2
27948,2
12106,3
24879,2
24924,1
2188,1
31228,1
29496,1
24437,1
15387,1
28453,1
10158,1
24863,1
34474,1
11392,1
22651,1
7730,1
9296,3
29635,1
24319,1
25164,1
14685,1
15443,1
28949,1
26865,1
11023,1
31643,1
27876,1
8777,16
36537,1
26555,1
13422,1
23788,1
35318,1
15035,1
31820,1
21571,1
1674,1
27049,1
11131,1
5189,16
36456,2
8302,2
10075,2
27189,2
21628,2
19208,5
25382,3
22682,3
5196,5
5198,2
21166,7
31461,7
2083,2
33796,7
33245,7
8087,7
16278,7
26523,7
23795,7
29573,7
32832,7
5734,2
14770,2
14634,7
31911,2
17646,3
24715,0
21820,3
21769,3
12310,3
12651,5
22383,1
5773,5
32823,5
15571,3
19031,7
31460,0
6375,0
15017,3
25274,3
12143,3
19058,3
31008,1
26624,2
17325,3
24261,3
6861,4
29394,1
16222,3
25687,3
10474,3
16829,0
6524,3
21005,3
9378,6
5971,3
26601,3
30435,1
21510,3
16962,3
19842,7
28060,3
10655,7
7230,3
26904,0
34328,3
16489,3
32483,3
35659,3
25773,3
2692,3
36636,1
32743,3
26681,7
22938,2
5202,2
37656,2
11103,10
19022,0
23403,7
12568,0
5205,2
35783,2
22617,2
20661,2
3219,2
36228,2
5207,7
25997,1
37114,2
32974,7
5209,4
18242,1
10409,2
34775,2
5214,1
7924,1
5215,2
5217,2
14152,2
32168,16
15746,16
5219,1
32370,2
18578,2
5220,2
28022,7
23968,7
5221,6
5225,2
5226,1
5227,2
34368,3
10702,7
5230,5
31664,7
27693,5
7298,4
22354,16
21495,3
15880,3
24216,3
9847,0
19219,2
27714,2
5236,7
5239,2
12819,2
33355,2
27094,2
14404,2
12924,2
27505,2
31872,19
35056,1
33884,5
37062,5
23109,0
31628,0
5244,2
16511,2
34411,0
7142,0
5246,3
5248,1
5250,16
35598,16
5251,3
5254,4
25394,25
16783,25
30871,25
13092,25
27494,2
35293,3
23137,3
22697,3
25228,0
22368,3
26587,3
18982,3
5590,7
627,18
5259,5
25336,2
5262,3
6983,3
4044,3
5263,7
24318,7
18935,4
7953,4
670,4
12321,4
36010,4
4288,4
30125,4
18353,4
29127,4
15004,4
15470,4
32925,3
5821,3
25822,3
24551,3
36737,3
5268,7
11221,7
5269,0
17226,1
32888,2
19344,2
29459,3
34807,1
31825,1
6955,2
28486,2
5275,7
36846,2
32025,7
23346,7
13747,7
5280,7
5283,3
23286,3
5284,1
5285,3
5286,5
21297,2
32565,2
33300,1
27826,1
10564,2
11896,1
16092,3
14217,7
21073,1
29000,16
35696,3
21289,1
20954,7
36360,1
9056,1
36061,7
14721,2
14993,1
31164,1
33210,1
26890,0
31942,1
28845,1
5293,1
35333,1
17492,7
11009,7
8590,5
5298,2
31806,2
13815,3
5303,10
12245,10
27990,10
5304,3
5305,8
8853,8
7735,8
27262,2
6397,3
13250,8
12724,3
5307,1
20077,4
19215,4
8667,7
17694,3
14090,16
10445,0
6549,2
8105,3
33653,1
5311,1
21379,7
35409,7
24254,2
28408,2
3490,7
25417,2
13489,1
16926,2
5455,2
28953,2
13560,2
15078,2
30675,2
35553,3
19008,1
23826,14
25703,1
21951,1
31179,2
10833,7
13326,1
37054,16
35087,1
26436,1
28013,2
5324,7
3411,1
5328,5
27131,5
36452,3
10058,2
10009,5
14543,25
29280,5
5331,19
27057,2
5334,3
36601,3
25429,3
18432,4
14827,3
13188,3
21758,16
5337,16
28560,3
5341,0
11045,2
5342,2
5345,1
20175,1
81,1
18153,1
33209,1
5349,7
32037,7
5350,7
5352,1
5353,2
5354,1
5355,1
5356,5
25889,1
7596,1
5359,7
37464,7
23543,1
23964,3
5360,7
14857,7
37159,2
23730,2
1952,2
10897,3
25633,3
26384,3
23742,3
29866,10
35771,3
15841,0
10043,3
15305,2
25524,3
28092,3
32723,3
15254,16
28175,7
31024,3
15331,1
30525,3
31896,0
12586,0
27887,3
11981,3
11366,3
13748,5
13468,3
17637,16
22548,3
21883,7
24912,5
26833,3
26024,3
31774,5
15537,0
27542,3
5368,3
35564,16
35129,2
21836,10
16192,7
19242,7
5373,7
24955,3
5375,16
26728,2
5376,25
5378,7
5380,2
20200,25
5381,0
5382,3
5383,2
13549,5
5644,2
25406,12
33337,16
8878,7
5391,16
5393,16
23097,1
30575,3
23614,7
5400,12
5401,16
32482,7
23200,3
15372,3
5407,35
5640,35
28893,35
18404,3
10296,2
20176,1
5411,16
3681,2
5413,3
5414,3
32683,3
31905,1
11226,1
30631,7
5417,2
5418,7
11261,2
32611,2
36411,2
30371,6
26333,6
9458,6
11900,1
5422,14
31908,7
27564,7
13516,1
22879,1
9384,1
9365,1
18040,3
37323,27
15169,3
30075,3
19518,3
21132,16
28568,2
12255,16
4701,3
6978,1
5434,1
5435,1
5436,2
32919,7
5441,1
27767,1
6970,1
36447,1
30794,1
5447,3
5448,1
28569,1
5450,3
5451,1
37027,1
15265,3
30257,7
34664,19
34122,3
12495,16
30217,3
36412,1
5454,3
11243,2
16930,2
16074,2
23068,2
22922,3
11097,3
31915,16
10623,1
34765,1
5462,3
5463,3
23531,1
33615,1
5466,7
5467,1
6303,3
6305,7
5637,1
30928,7
21785,3
5471,16
31918,1
5473,5
17656,3
7932,3
32270,0
11744,3
20754,12
22961,7
5476,3
16045,3
3173,2
5478,1
34336,16
32357,0
22535,25
6282,16
5480,2
30825,3
18271,0
13500,12
31117,12
36824,1
27384,7
16367,7
25639,7
23528,7
14940,7
13552,1
28270,7
5489,1
35539,1
29737,3
32228,1
29699,3
15601,5
30169,3
5492,7
9703,7
6192,7
26262,1
25582,1
14896,7
34533,7
13767,3
17058,7
5498,2
31415,7
24465,2
5501,1
25726,1
22893,16
16612,1
16027,3
5509,21
366,2
5512,1
25512,2
27408,2
7531,16
11629,7
7407,2
27922,2
11459,2
25447,3
5518,0
5519,7
5521,5
27328,5
5523,1
5524,2
19697,2
5525,7
8999,7
17973,7
28951,2
26337,7
8654,1
21141,7
37188,7
36985,7
5527,3
31930,7
16832,3
10463,3
34827,3
5530,7
5531,0
5532,1
7268,3
30625,16
5535,3
25450,25
24260,25
7566,3
5539,3
29488,2
14638,3
36830,3
5544,7
17791,16
5546,1
35178,1
13834,7
26101,1
12108,1
27170,1
18347,25
27545,7
14074,1
16770,2
11904,7
34064,5
27722,1
7051,10
14643,0
31294,3
30980,5
22004,2
7099,1
5548,16
34971,16
25329,16
31786,2
5549,3
5551,5
5554,1
16760,3
15101,3
5557,5
5558,2
5559,3
5560,25
10613,3
5563,16
5564,3
5565,1
37426,7
5566,1
28138,10
28862,10
17804,10
12161,10
28846,10
34542,10
13082,2
21660,10
20416,5
16285,10
28071,7
10831,5
19935,3
24201,2
35265,3
24986,3
24892,3
8821,3
7962,1
37661,7
5572,2
17413,7
12805,7
34556,7
34186,7
5575,2
16839,2
7533,2
31017,5
18853,5
5578,1
5579,2
16155,3
15564,3
5581,2
5582,16
24428,0
11762,2
5587,1
11200,6
25895,6
33252,6
16590,25
7179,6
15248,6
27479,6
18897,6
5592,1
15348,2
5595,2
5596,7
5598,12
31828,12
13713,7
6919,3
37496,3
21859,3
32549,3
20143,0
20129,3
10695,1
21890,3
5603,2
22466,2
5605,3
1422,2
19147,2
5607,1
5609,2
34431,2
7348,2
11208,2
5611,3
22154,3
5612,7
12148,3
35662,5
35622,3
7916,3
15203,1
5616,3
15886,3
34140,2
37216,2
33017,2
6910,2
6466,2
27460,16
33882,0
8182,2
7365,2
5623,16
36925,2
24019,2
28728,1
32698,2
25467,1
37417,1
25468,16
5683,3
33864,3
33871,3
10260,3
10265,16
25293,16
30126,3
21822,16
10276,16
34659,16
10290,4
19650,16
19544,16
18675,5
36484,3
11934,1
3679,16
14250,16
35226,16
14321,16
26566,16
12673,7
8051,3
8057,3
28974,16
3741,3
29950,1
6956,16
6855,3
36106,10
13881,7
25432,16
5851,16
26642,16
10095,5
17341,3
23460,16
12491,4
8425,16
24117,16
17117,3
11627,16
24304,7
7023,16
22536,16
7029,5
16231,16
33253,16
26903,16
21932,3
11653,16
24327,16
15126,16
37184,16
8166,3
30067,16
34173,16
8287,16
25953,1
19724,2
17521,14
7065,16
17449,16
12851,16
32893,16
17320,2
17759,16
31651,6
15207,16
18661,16
11734,1
11556,16
25717,16
23240,16
8283,16
15228,7
28010,5
15703,2
29330,1
32966,1
34210,16
34216,3
14077,16
19821,16
29232,16
17631,16
37207,16
15922,16
22094,7
12944,3
12947,7
14101,7
29262,16
23181,1
16399,16
23312,16
16403,16
15297,16
46,16
9254,16
31913,1
10665,12
5105,7
34279,5
15728,1
30261,2
10675,16
7235,16
20765,16
16439,16
20996,0
25705,16
14164,1
5641,1
9528,16
18092,16
6136,16
23373,16
15596,16
33758,16
6151,16
14204,16
21066,16
25775,1
28794,2
18440,16
27003,16
28187,16
20853,16
18874,16
26093,2
27011,16
18884,16
26859,16
12104,16
14268,16
14281,3
9632,3
15468,16
30704,16
23521,1
20036,7
16607,3
25860,2
6359,16
8557,3
29955,16
25871,3
14927,4
13479,16
31993,16
34761,3
35743,16
6074,1
33735,2
6096,16
24753,4
6342,16
15560,7
25950,0
13143,16
32029,16
1839,3
33364,16
16851,3
7519,4
32424,16
24909,16
11562,16
30867,16
34810,16
11558,3
23675,16
24836,3
25303,7
23695,1
19896,8
20699,8
30908,7
8712,16
14494,16
24873,16
34358,16
9101,2
30810,1
4325,2
34723,16
29703,2
9236,16
24900,16
12896,2
16151,16
33305,5
7616,0
12676,16
32199,1
7621,0
24918,7
18025,16
13399,16
1255,16
16332,16
5346,3
29731,3
10137,3
21479,3
16398,16
33514,16
34770,2
29744,16
33520,16
34772,16
18058,16
32252,0
2659,16
21438,0
37396,1
27920,16
11153,16
37411,16
25555,16
23846,1
16047,2
18145,16
25815,1
21557,24
26234,5
25045,16
10199,16
19261,16
6427,16
19285,16
32907,3
28983,16
23894,16
20404,16
24199,1
32397,16
12405,16
27485,16
6803,3
7126,1
14579,1
19310,16
8939,16
26628,16
36244,2
15882,3
31172,16
31745,2
7748,16
28107,16
29738,1
28701,2
28151,0
32443,0
29931,16
34974,16
19926,16
25282,16
9820,16
19360,16
6709,3
31204,16
34685,16
30894,16
35017,7
5577,16
17805,3
31239,16
32055,7
25188,16
9823,7
2160,5
10170,16
31268,16
32349,16
15850,16
19460,16
22868,1
19553,2
20198,16
35548,1
21691,5
29672,16
14875,16
18754,3
5630,3
36449,3
5632,16
5633,3
18238,1
12700,1
4410,1
5643,7
26549,7
25472,5
11533,5
19163,2
32456,2
13899,0
26576,3
7453,3
5653,2
13639,3
12795,1
6759,1
19953,2
7010,3
5658,3
20221,10
35298,10
5660,3
10321,3
23951,2
7563,3
16836,0
10391,2
26387,2
13406,0
5668,5
8150,5
31950,16
18602,16
9468,7
29471,0
33408,2
5671,2
10813,2
5672,16
30102,1
12020,2
24695,1
32294,2
5684,2
22939,2
30533,2
28298,2
15256,1
21524,2
30370,1
31608,2
8684,2
13358,1
21655,2
24634,2
26309,2
24203,2
27771,2
13835,2
214,2
17489,2
7787,2
33434,2
8949,2
11868,2
28111,25
23386,2
9557,2
21060,2
12567,2
15678,2
8178,0
31213,1
25204,2
17111,2
37028,2
11683,2
27923,2
30847,2
20950,2
20265,2
17738,2
22873,2
22401,2
7933,2
18062,16
13102,1
14261,2
7382,2
10236,1
20031,2
5674,1
5675,7
10275,5
24928,1
15997,1
33985,3
5681,2
7981,2
19322,3
8833,0
8699,0
35875,0
10662,2
6112,3
24573,0
5689,2
5690,7
29944,3
32596,7
27248,7
5695,6
30954,3
33516,7
37125,2
10238,2
5699,2
24951,2
5700,1
5701,1
5702,3
5704,3
5707,0
5708,1
16055,1
27452,2
23700,7
10812,7
36019,2
37012,2
26790,2
5716,16
7136,2
1102,2
5719,1
36341,2
5722,7
20443,5
25952,0
32841,3
35345,3
14844,3
10582,3
37587,7
16379,3
5726,21
29556,2
34112,3
5728,7
5729,2
32121,2
15298,2
12223,3
17297,3
5731,7
5732,3
31125,3
5735,5
671,5
19212,5
5736,3
31962,3
5738,3
5740,2
16919,1
22497,1
31469,1
12058,1
18821,14
15146,1
5745,7
32827,7
5747,1
21511,5
29708,3
26001,3
26796,7
30142,5
30028,5
15082,5
21104,5
21401,5
5756,3
30961,2
18452,2
5759,16
24926,3
33637,12
5763,3
5764,1
11422,1
25022,1
19551,1
5766,1
5768,5
23841,2
5769,3
25173,3
6752,3
7169,3
18072,2
5779,2
5783,2
24582,2
5786,3
5787,2
28148,1
23678,1
6998,1
36587,16
13633,5
11262,3
18966,7
5791,7
5792,1
22251,1
12126,7
9361,2
5795,2
18688,0
15340,0
5798,3
32717,1
31971,1
5803,25
5804,10
25456,10
25019,10
15046,1
10359,3
5808,1
5810,1
5811,3
19312,3
28253,3
33354,3
12875,1
19575,1
17943,2
18161,1
12564,1
36205,1
16853,3
13059,3
13202,16
16226,3
13798,1
5820,3
26008,3
590,2
36749,2
5824,7
5826,16
30310,2
33280,7
10244,7
21221,7
23105,7
28531,16
35040,7
24640,7
5829,1
34805,1
2015,2
36108,7
5833,7
5835,5
36024,7
20395,7
11042,7
13860,7
3118,7
18472,7
16377,3
36493,7
15733,12
33038,3
5842,3
5844,2
10152,16
11880,0
36410,0
11192,1
20616,2
5849,2
5850,5
5853,16
28743,3
32477,2
14573,2
5857,3
19320,1
28889,16
5862,16
7581,16
21301,3
29856,3
6049,16
25124,5
37173,3
31416,3
8564,5
9260,3
33802,3
23502,3
31370,3
35643,3
23409,3
30827,3
24055,3
26186,3
30168,3
27908,7
27288,16
36407,3
5868,7
5869,5
23946,5
5870,16
33751,3
23522,3
5876,3
5878,7
7135,3
32543,10
31337,10
31812,10
36644,10
5881,0
36369,2
36457,5
24147,2
27025,2
5885,7
5886,1
5888,1
5889,1
10903,2
33929,2
5891,2
22930,2
20262,1
31382,0
5893,16
24156,16
5894,7
21573,7
13735,7
23114,0
9076,2
16257,2
37645,2
5898,2
5899,2
25493,2
20753,2
16917,1
29308,1
16549,0
33224,16
16964,16
16660,0
27009,1
14226,1
28124,1
5906,7
13665,3
6054,7
24433,1
29682,3
10094,3
5909,3
22113,3
5912,1
5913,1
7262,1
29142,7
1196,3
37635,3
30750,3
5918,3
27622,16
5919,2
31869,3
1594,3
13894,25
8995,3
23590,3
29263,3
28351,3
29690,3
5922,12
20039,7
5923,7
5925,1
5926,3
21116,3
31997,6
9033,6
24518,6
28192,7
31606,1
36612,16
9914,2
5936,3
12271,3
8526,2
5938,7
5939,1
5940,3
5941,3
5942,1
1019,3
18462,2
20626,3
21520,3
30392,3
10234,2
5946,5
20392,0
5947,2
6412,14
6335,3
26627,14
25939,7
28804,14
32738,14
32091,3
13271,12
22572,12
28973,5
28901,3
24253,3
5955,18
5956,2
5958,2
2730,3
36500,3
9529,3
5961,1
17247,3
9730,3
28984,3
24324,3
19599,16
33581,5
33348,20
35670,20
33649,20
30688,20
5966,2
5967,2
14688,2
5968,0
16990,0
31940,0
10383,3
18857,3
5970,5
25826,3
34180,3
15715,2
14975,7
20709,7
16500,7
20382,5
24166,5
5976,3
28928,3
25331,1
5979,1
5981,3
27995,7
37406,25
36303,18
17863,18
14988,16
5989,2
5992,2
19342,3
5995,2
5996,25
20755,7
5999,2
11099,2
6002,0
3553,1
11272,1
10650,1
6004,25
23669,1
17089,1
13445,1
14564,1
20989,1
17372,1
26418,1
6007,3
6008,3
6009,3
6012,2
6014,2
8240,2
37403,2
19510,2
3772,2
10986,1
36358,2
6019,5
16018,3
6021,1
25525,3
19349,5
16838,5
6024,3
33402,17
7130,3
20900,3
19555,7
20790,5
28799,5
9080,3
6027,3
6030,2
3742,5
26847,10
29097,5
6072,2
6036,2
6038,3
6040,25
35222,1
28305,3
16702,3
28958,0
33993,3
25284,6
8306,10
17415,2
6045,3
6046,3
18515,3
6048,16
19353,16
13235,16
8484,7
29775,3
6055,2
15689,2
28443,1
15777,2
6058,3
32422,1
8349,1
6062,16
6063,16
24337,16
24466,16
22676,3
6065,1
6066,1
2,7
24479,2
37034,2
6069,16
36708,7
33990,3
37,2
27520,3
28131,7
22908,7
20596,25
35136,3
21727,7
12610,7
31366,3
30681,7
17195,3
7986,7
21744,7
18397,7
9150,7
28043,12
19556,7
9164,7
7247,7
21790,3
19570,7
26547,5
21843,7
17264,5
13825,3
28247,7
33951,1
25091,7
37153,7
25290,3
13669,7
30197,7
17658,7
7857,7
27691,7
6707,16
17312,7
12835,0
23057,7
13873,3
24353,7
24259,7
36185,7
12742,3
21382,7
30281,7
8128,3
26413,7
31544,7
16216,0
35588,3
35342,7
12776,25
27864,7
11712,7
15112,7
9307,16
20019,7
19704,8
23158,7
11675,7
26817,7
30404,7
19535,7
8226,7
25541,7
28904,7
27973,7
32520,7
27108,7
36639,7
356,7
20893,7
18533,7
11778,7
28789,7
35399,7
32414,7
25301,7
12959,7
10656,7
27551,7
10663,7
36888,7
22769,7
9326,7
12270,7
16452,7
34325,7
23385,3
23387,7
7840,7
29861,7
21046,7
7366,7
7659,3
14214,7
13086,7
9813,7
34125,7
7340,6
15433,7
19414,5
18902,7
22281,7
25821,7
6226,7
17009,7
16581,7
18920,7
37070,7
28954,7
35142,7
15197,7
25851,3
17769,7
7396,5
30723,7
7514,3
20048,7
16889,7
31983,7
27105,7
10883,7
11953,3
15725,7
34518,7
27977,7
34264,1
13217,7
32923,16
21392,7
14385,7
16677,7
30626,7
34215,12
9206,7
18156,7
33339,7
29572,7
9097,1
10948,3
14418,7
10128,7
15598,7
25984,7
17953,7
30715,7
8685,10
22465,7
12179,7
27249,7
7578,0
6462,7
21352,16
19047,3
6476,7
17994,7
7615,1
10700,5
29716,7
30960,7
24244,7
10847,3
34777,7
13438,7
26251,2
19196,3
33568,7
20109,7
25023,7
36694,7
19579,12
25240,7
7745,7
28580,7
29858,7
8896,10
12390,7
18306,7
2544,7
32407,7
7796,7
36181,0
37527,2
20431,7
5444,7
31178,7
23941,7
27534,7
7182,7
33722,7
16162,7
31529,7
26779,7
37599,7
14801,7
31732,3
32678,7
12504,7
32267,7
30495,7
20179,7
13324,7
21291,7
30780,3
32425,7
18314,4
9054,7
19452,7
10525,7
15722,7
24071,7
12264,3
6820,7
30086,7
76,12
96,0
17477,2
28199,1
8803,1
37429,1
28460,2
28169,1
30090,1
30335,7
7524,0
20037,7
21152,0
7931,3
8151,3
35223,1
19809,16
15225,7
6090,3
21306,7
6091,1
35267,7
9470,3
6966,3
6093,1
19770,1
820,10
187,2
9157,16
17315,25
23285,2
8495,7
12078,2
249,16
251,3
29940,7
32464,7
12545,3
36695,3
10458,3
23303,7
26762,3
15052,3
29317,5
35421,3
9017,3
8388,16
6111,2
6113,2
324,1
6116,3
26304,3
30535,3
36062,16
30812,7
12492,7
28080,3
6122,1
6123,1
28312,5
7597,3
27056,5
24007,7
29597,16
12581,16
20825,3
9851,5
10489,3
6129,2
36674,3
6130,16
19370,2
6132,1
20866,3
32303,3
13797,3
37694,3
27402,16
35568,3
22684,3
9048,3
11296,3
8467,3
22979,3
16750,3
28414,3
12889,3
24396,3
16247,1
30657,3
9832,3
23310,1
36151,3
7886,0
19371,16
8210,2
36832,2
23540,2
36480,2
13875,1
6142,25
6143,5
22152,5
10361,1
15060,1
17187,1
6771,1
6582,1
30127,2
37600,2
17380,1
34769,2
17345,2
6147,5
6148,7
21665,7
6273,7
32824,7
28425,2
12240,16
12766,16
33691,16
25553,5
35892,1
32040,7
6161,1
6877,5
6162,16
34310,16
609,3
19687,1
19522,1
31995,7
16273,3
10304,3
9717,3
28366,4
23265,3
15984,7
24013,3
7856,6
6167,7
12167,2
16605,2
7849,16
32757,3
20270,3
22610,2
19539,7
27575,7
32972,3
32440,0
33359,2
6170,3
29223,2
6172,5
31038,4
6174,2
19328,3
13231,1
21440,3
35455,2
23202,2
37262,2
11059,2
6179,7
6180,12
7776,12
30112,0
34343,0
21183,0
15081,3
13762,1
12362,3
8350,0
25034,7
20678,0
7846,3
8126,0
11856,0
16157,0
17704,3
17261,0
25419,0
30350,2
28706,3
32140,5
6779,3
28937,16
33042,0
17630,7
27602,16
25609,3
36140,2
25560,7
37136,7
5409,7
23231,2
17765,2
6194,2
6195,2
774,2
6197,2
7091,16
12450,2
6201,1
27084,1
6202,1
7864,2
842,5
3366,3
31153,7
23043,3
36954,16
859,2
32305,2
12037,2
6210,3
14208,3
30829,3
6211,1
7094,1
25721,1
27730,1
6215,2
13562,2
8411,2
10413,16
28674,2
36899,2
36512,2
34194,1
16493,2
21263,2
20653,2
20365,2
21127,2
18730,19
35988,2
28640,1
18753,2
10351,2
35234,2
17293,2
33565,2
35433,2
17462,2
30040,2
25217,2
23615,2
12891,2
13101,2
12440,2
12140,2
25764,2
16271,7
27755,7
25566,3
20831,3
10476,1
30220,12
24375,7
19204,7
34309,7
24391,2
34093,2
12019,3
15824,4
29684,5
12634,5
16950,3
20495,5
6232,7
6233,3
1029,2
6235,3
23374,3
6237,3
32891,1
23579,1
6240,3
6242,1
4138,1
8863,1
13511,2
6244,2
21444,5
29971,2
28604,7
21267,7
33583,1
6248,2
25570,3
25837,3
6254,5
9284,1
21533,2
6257,16
36593,7
20579,7
36595,7
7481,1
12566,7
15209,4
16949,3
6267,2
30765,2
1246,3
1251,3
32119,3
23085,2
31498,7
6278,2
6279,16
7328,1
31587,1
26230,1
9751,1
6281,3
15153,16
6284,2
34513,2
12033,1
8707,3
31335,1
24015,1
1229,14
22725,1
21241,1
11853,7
34006,1
17907,1
6287,1
10939,3
6290,3
6291,5
6292,12
12792,12
6293,1
6294,3
12787,3
8606,1
24372,2
36739,1
29954,1
14293,1
37580,1
31359,1
12614,2
7779,1
6296,5
9830,5
34931,1
20393,3
19934,2
1395,1
16502,1
31327,0
36891,1
10049,1
10900,3
9965,2
6306,1
31446,1
6689,10
32329,2
14157,3
34044,1
24620,1
31860,2
36509,2
14315,7
23343,7
1713,7
29315,7
12579,1
23187,7
13651,7
35427,2
18326,7
21871,3
11938,16
36217,10
18974,10
6285,3
11688,7
35901,2
23487,2
20658,2
11314,5
13308,2
36021,1
19332,2
6644,5
6325,7
9570,8
28873,8
6330,4
6331,7
33341,7
7111,2
6333,5
14499,5
6336,5
6337,1
6338,16
34675,2
6341,3
8376,3
37389,5
17368,7
14668,7
8085,7
9175,14
18715,16
23308,12
29960,3
17772,14
20254,14
13936,14
36330,7
37307,7
20981,2
1682,16
6350,3
6351,1
25662,1
6353,1
6354,5
15923,3
6356,3
29977,3
6358,2
6360,0
6361,3
6362,3
17343,5
17147,10
19860,4
14771,2
33545,1
6812,1
6370,2
7500,2
16910,2
33619,2
6373,7
33897,3
14859,1
10572,0
11170,0
35600,7
6379,16
15025,0
24850,0
25021,0
12139,0
20212,1
33272,4
10221,2
8567,3
23959,7
27169,7
31823,7
30932,5
6387,16
3001,16
7109,3
11478,3
21599,3
32779,3
25601,5
31128,5
34819,3
15873,3
23801,3
19336,3
30523,3
36465,3
25986,19
16149,3
21807,19
6391,3
6395,3
25595,3
29991,2
6398,1
10946,1
31744,1
12707,2
6401,2
1975,3
19815,7
18146,7
26440,7
15860,7
6948,7
15128,7
37260,7
8997,7
26746,7
22528,7
6404,0
6406,36
31110,36
36698,36
33417,7
31130,7
18471,3
6407,3
33765,3
6409,3
21568,3
2011,2
6414,2
8547,1
24971,1
6416,1
17094,1
28565,7
2070,25
7125,2
30598,5
18528,5
32702,5
35544,16
33866,1
19274,3
24776,2
34504,3
31622,2
6438,3
35004,3
25842,7
35227,10
18164,3
35863,3
28868,7
26046,16
30455,3
14807,3
27902,3
21579,2
6448,1
34119,1
6449,2
28649,2
2257,1
9449,3
36455,3
23044,3
6454,3
32875,3
29922,3
37539,5
18018,1
7281,1
6457,3
6458,2
24798,5
6459,2
18480,7
25604,5
2342,3
20546,2
6467,3
6468,16
11138,2
24284,3
6471,2
28988,3
6800,5
19497,3
31199,3
10515,3
29818,3
6474,16
21128,16
19502,7
16245,2
10987,5
6481,3
9105,3
13809,1
28336,3
12702,3
6963,5
35689,3
15619,3
24272,3
26688,3
16221,3
22517,1
34732,5
8205,3
8791,3
37369,3
15184,3
9931,5
18067,3
14842,3
7686,7
24989,7
12349,3
19284,3
23314,1
36206,3
34914,3
25636,3
9223,7
36898,3
7044,3
18809,3
23368,1
8447,3
29141,3
36134,5
7896,3
2844,12
22877,3
31542,5
25277,1
9801,7
15259,7
2487,7
37613,0
34003,10
32847,7
9527,10
35243,10
32912,10
13637,2
16124,10
35693,10
18875,10
32211,16
28178,1
6493,0
36556,0
24559,0
22262,5
6496,1
6497,5
7102,3
6499,0
6500,1
30319,1
19127,2
6503,1
6504,0
33933,0
6505,3
11697,7
30322,3
8255,7
7141,2
36742,1
22978,1
14853,5
23641,16
2689,7
30393,7
6518,2
24086,2
6519,3
9082,2
8649,2
24579,3
31556,2
29119,5
29139,3
27581,16
6527,1
36645,1
33472,3
15729,3
6529,1
33037,2
6532,3
8366,2
37135,2
24217,2
14230,2
13753,1
14926,2
6534,5
10989,3
26268,3
10723,3
18890,3
13694,3
19673,2
18445,3
17321,5
6540,2
18422,2
32150,2
36470,7
27870,3
9410,7
6543,4
13432,4
36768,1
6545,1
34521,1
13172,2
15986,1
23912,1
14424,2
23254,2
28246,1
10396,2
20286,2
21821,7
6548,10
26120,10
33849,10
35750,5
33687,1
30366,2
6552,1
15148,1
2970,7
6555,1
6557,7
3004,2
17625,2
6560,5
6561,3
11530,7
21631,7
6563,3
6564,3
32628,3
12930,1
3050,3
17598,3
6568,2
30450,12
9018,12
12515,12
25637,12
10076,12
26227,12
31600,12
17703,12
16572,3
3178,16
18600,3
6573,3
34870,1
18230,7
26484,2
25648,2
26158,2
11451,2
34168,1
25797,1
21078,1
26494,1
36084,3
32324,3
6577,1
23835,7
10104,7
29605,7
6867,7
9976,7
9977,2
13913,16
29415,7
9244,7
32491,3
12381,1
36005,7
36850,7
23157,7
20373,5
26011,25
20126,7
31061,5
34435,7
725,5
35340,7
32154,25
6905,1
6585,5
32117,3
10504,3
6587,2
6588,7
6589,7
6590,2
10513,7
30326,7
6593,5
6594,1
6597,4
8062,4
2355,5
34786,5
35897,2
32945,0
30315,0
18447,0
12550,3
24364,7
19519,3
35511,7
7171,3
13453,0
36290,0
26797,0
34441,3
20096,3
33445,3
3294,2
31308,2
6611,2
32123,2
13387,2
6613,3
6614,2
19367,2
6615,5
8211,1
18267,1
24529,1
6620,7
6621,7
20665,1
22128,25
37430,3
32768,2
21558,1
11920,2
15172,2
25169,2
15367,2
20834,2
4195,2
36946,5
36042,1
16615,7
34482,1
25755,7
16357,7
20654,3
10335,7
12693,7
32081,7
24229,5
9783,7
9784,7
29773,7
29424,7
4986,7
29040,7
28584,7
32798,7
3663,7
17995,7
34116,7
34120,16
18796,7
35928,7
6648,0
9375,3
28791,7
23650,7
16340,7
35476,7
34853,7
6932,3
33608,3
35610,7
12366,7
14919,14
16116,7
21427,7
31816,7
8204,7
20859,7
35122,7
17682,12
37015,7
10176,7
21124,7
24065,7
16402,7
13205,7
28720,16
30751,7
31330,7
22054,2
30797,2
3450,2
6634,4
34530,4
3465,4
32494,4
24306,4
10576,3
34487,1
12073,3
22064,3
17568,3
13682,3
27026,1
31711,2
16530,5
32001,3
18400,3
20121,0
2746,3
21226,3
20703,3
36905,3
30554,1
15959,3
16190,3
29101,1
8078,3
29120,0
23539,7
32562,16
19525,7
6646,0
2386,16
29104,3
7172,3
6651,7
6653,16
6654,0
21177,0
6655,1
6656,0
13580,0
6658,2
19902,2
15200,16
6662,7
14698,16
33058,3
25640,25
30918,25
14452,0
7691,3
22419,2
28030,37
18374,3
6667,3
20158,7
13164,25
10258,25
15945,25
35314,3
22193,25
29673,25
17990,25
24208,25
26943,7
37318,2
7967,3
13110,25
11974,7
12826,25
34866,0
5317,0
30027,5
11274,25
10530,25
26658,19
11529,25
34370,25
34963,1
13794,19
6671,1
6672,3
9483,5
6674,3
6675,14
16690,2
32135,3
6680,16
19466,5
28525,5
28304,5
25426,5
17821,1
16342,1
9724,7
6684,1
20452,0
16001,3
30854,0
17405,5
6688,1
23262,2
34484,25
17718,2
31207,2
26067,2
10419,2
27875,2
36437,2
6698,25
36186,3
15572,7
18086,1
27357,2
10160,3
30405,2
502,0
30595,2
23672,10
9874,10
35478,16
32141,7
7623,7
22702,16
16414,16
6056,16
23126,16
25520,5
28411,7
4967,16
37035,7
10173,7
21535,7
33577,7
27362,7
34539,7
30015,7
3909,2
6715,1
33749,2
33407,1
16013,1
11043,7
3933,3
35097,3
6719,1
5243,2
25884,1
123,25
3718,2
21320,2
6727,7
22010,7
3981,5
6730,1
28464,1
37456,1
37659,1
6733,1
30209,2
6737,5
6738,5
11941,0
12895,1
14524,7
6743,3
23878,7
15852,0
6747,1
6749,5
6750,2
33720,3
12473,3
7708,3
20346,1
34067,3
6755,7
17059,7
21335,7
11901,5
10776,3
18126,3
24840,1
23703,3
37112,3
11626,3
7584,7
35104,3
34834,5
10635,3
34477,3
31841,1
22817,3
34408,4
20524,3
32546,1
29603,2
6761,3
24636,3
35551,3
18537,2
21057,1
6765,2
6768,0
6770,3
33875,3
13131,3
24255,3
15892,1
6773,3
6774,1
24114,3
16698,7
6776,10
32903,10
7192,2
28051,3
8270,7
33427,3
6780,3
6781,1
2697,5
34040,3
20791,2
6788,3
6789,3
16138,2
7963,2
14554,1
6791,3
6792,2
4379,5
14224,5
25644,5
35583,5
11894,3
27890,5
18671,2
8639,1
25465,2
36235,1
6802,2
32567,3
20682,2
27538,5
12315,5
12535,2
19784,3
35378,1
11121,1
24356,3
7720,2
25691,2
30091,2
26869,2
35812,1
27195,1
17134,16
32741,3
24149,3
6816,2
18713,2
37110,2
31177,2
6908,2
12762,2
6819,5
37130,5
8739,5
31769,5
6821,7
6822,3
6824,1
24269,3
37076,0
6830,3
32343,3
9387,1
6832,5
26168,5
33214,2
6837,3
10708,2
13309,1
28594,5
9533,3
34463,3
19721,3
7019,7
27398,3
6845,3
9595,3
20145,3
7376,7
19403,3
4663,7
25415,5
6853,3
26302,1
14173,3
6859,16
24972,2
6860,2
4720,2
6863,3
7039,2
31316,5
20385,5
1366,5
10398,3
4729,2
16865,2
35957,0
34517,7
28774,7
19209,1
6868,3
6869,1
19494,3
6873,3
17324,3
11405,3
6874,1
13512,2
1830,2
20205,2
33257,2
16707,2
22571,5
37455,5
13937,5
26428,5
7212,7
32441,1
6882,3
6883,2
17756,2
14651,2
6887,4
24058,3
37617,3
6890,7
6891,5
26329,5
30653,5
25389,5
6892,7
6893,2
6894,2
6895,2
36640,2
16243,2
32724,2
6897,7
6898,5
4911,5
14223,5
31103,2
20182,26
31134,7
6901,3
33199,3
32783,3
7694,3
30817,3
29257,2
21676,2
4983,1
6915,7
6916,5
27747,5
6917,1
5657,2
26759,1
13279,2
34529,2
21437,7
6923,3
32524,3
36150,3
6924,3
6925,2
6926,7
6929,2
5156,0
7223,5
16091,5
6937,1
31808,1
16296,3
27869,4
9593,5
15290,5
22200,16
9950,4
14034,4
22414,4
34392,3
13892,0
13941,1
27805,5
6947,3
22906,2
7170,1
18950,1
22778,0
6813,3
10780,16
23960,16
23847,2
37327,10
29653,16
6953,3
5291,16
36296,16
3232,4
6959,3
11266,1
22032,1
25184,1
31697,1
9739,1
29745,1
9961,1
24641,1
15467,1
5339,2
36842,7
6967,1
20467,2
6969,2
23222,3
28258,3
6975,2
20425,2
6976,1
32921,3
9685,3
12411,3
7943,16
34631,25
23096,2
19915,2
7266,7
15440,2
20639,2
28047,2
26247,2
6985,2
6987,2
16837,19
33022,19
30156,1
19646,1
25694,2
6993,7
6994,5
6999,2
32485,0
25696,1
9590,7
8728,7
21314,3
32007,3
36895,3
33358,1
32725,0
8782,3
34679,3
32470,3
7568,3
7657,3
37385,3
31077,3
15869,16
20759,3
15399,3
29473,3
7008,0
36685,0
25962,2
7012,2
32313,3
29974,3
7018,16
5062,16
28493,2
5720,7
7025,16
7026,3
30121,1
13778,3
11468,3
35198,3
11498,3
26483,1
9209,3
35275,7
23055,3
28614,3
13897,3
36697,5
19496,4
30134,3
5162,3
27946,3
10279,1
32895,3
27960,3
23227,3
20110,3
11480,3
30469,3
18659,1
9477,7
14133,5
16368,16
28137,3
18824,16
25760,1
34383,4
4662,1
21130,3
12010,3
17161,3
7676,3
12018,1
3576,3
18970,7
36875,7
19005,3
30792,3
19023,3
28358,5
35910,2
27473,3
22750,3
14481,1
28433,3
35141,1
32739,5
28515,7
26615,3
21423,7
14600,3
12319,3
31903,3
7704,3
23748,7
23860,3
12360,3
30683,7
31158,3
19810,3
26317,3
33726,3
28741,3
31241,7
2041,3
29812,5
19478,3
27857,7
12619,3
14955,3
8050,7
31475,3
31479,3
10392,3
6288,3
15069,16
12576,7
8124,7
36728,3
10507,3
17687,1
10545,3
10308,3
22036,16
13375,3
10597,3
24087,3
36256,1
32592,3
29281,5
8370,5
17592,7
31779,3
15323,7
29305,5
19933,3
8446,3
29373,1
23585,5
10765,3
13166,3
33460,3
24631,5
19991,2
22306,3
28721,3
29507,3
19916,1
13226,3
13274,7
8657,5
27989,3
11088,3
8693,3
27256,3
34706,3
22506,3
14197,3
37367,16
27355,3
15061,16
24452,3
11212,3
2731,3
29867,3
11246,16
35519,3
29028,3
15894,3
32991,1
20474,3
37640,7
3175,0
32569,2
32532,5
10274,7
12462,5
28830,3
36111,2
8566,2
32880,0
36796,2
13926,0
5839,25
35155,3
7040,7
27392,3
7042,7
10555,7
29740,16
7046,19
5915,0
8910,0
8393,5
11040,3
22180,7
21121,5
15679,5
32203,25
7054,3
7056,25
12554,25
7057,3
7058,5
28291,5
4481,5
24462,4
30106,4
31356,1
20817,12
7062,3
7066,7
7069,1
7070,5
36194,5
31440,3
7071,16
7072,3
22693,7
9806,7
34668,7
22526,2
9504,2
8776,3
6332,3
36534,5
20884,5
21746,3
13340,2
28102,3
19856,5
14891,5
18998,7
34547,3
27209,16
13262,3
21266,2
31705,3
31074,3
37242,2
18216,3
32554,3
14581,10
37219,16
22544,3
35559,3
7250,7
31302,2
13383,2
9246,2
9736,2
6798,2
29851,3
11500,16
37322,3
14716,3
28509,10
31956,3
9343,3
16024,5
13649,25
8563,3
7082,1
32208,2
7084,1
7085,2
25709,1
9692,3
17262,3
33860,3
23094,3
36843,3
6200,7
32533,7
30816,16
7098,2
14555,3
35190,0
36687,0
35442,0
27936,0
14722,2
33807,16
34019,1
11915,0
32213,7
27120,3
7110,1
24878,3
7112,7
18837,7
36045,2
7116,1
12164,1
7118,16
7119,2
7120,7
37484,3
32034,12
9989,3
15232,3
35185,3
25913,3
35121,7
36866,3
16901,2
8174,2
30534,2
34376,5
15306,5
35204,5
14971,5
7131,5
7132,7
10806,7
32384,3
14134,2
14137,2
16191,2
22172,2
10516,2
12843,2
28765,0
7143,16
25817,5
25320,1
20904,3
7148,1
7149,3
34347,12
36071,18
33874,2
12679,1
7158,2
7159,7
9662,2
25251,2
7163,5
30552,2
9362,2
4427,2
1747,2
32662,2
7167,1
21054,3
20862,3
19146,3
30968,1
23133,1
6650,7
17982,7
34847,2
7175,2
12520,2
9188,2
33725,7
28079,7
14629,5
19444,5
18426,5
1121,7
8514,1
23148,16
22672,1
13265,4
7190,1
25731,10
27093,2
7193,3
7194,1
9571,2
28705,1
16565,1
16534,3
7202,16
7204,2
13359,7
7209,1
30187,7
19948,7
11865,2
24818,2
35187,2
22652,2
10018,2
8922,2
11355,2
15034,2
36686,2
16306,1
16602,1
18940,2
29341,1
16068,1
11178,2
26678,2
8391,1
18429,1
30640,1
20242,2
18594,2
16417,1
18473,2
36397,2
26210,2
7214,1
7215,2
28319,2
7216,25
18621,25
29800,7
7219,1
37218,1
7221,16
21220,2
16397,2
6936,2
16574,2
7225,7
9809,7
36760,7
6950,3
28204,3
12861,2
22974,2
7456,1
25082,1
22866,16
28261,16
5491,2
32934,16
7236,2
32235,25
7238,2
26743,2
17549,2
7239,3
7242,16
8414,2
31167,7
28184,5
27465,5
34728,1
7077,1
13424,16
11247,16
9982,5
7257,2
11701,1
7258,2
2279,16
31645,2
24696,2
13756,2
26136,2
8145,2
17200,2
12443,2
21991,2
7439,2
23019,1
28341,2
30630,2
36510,2
21248,2
36342,2
33256,2
23131,2
19390,2
31389,2
10384,2
30109,3
36779,2
36348,0
13904,2
14486,3
22492,2
33352,3
25657,2
33523,2
13461,2
8839,2
28596,3
12340,16
32383,2
22958,7
34956,2
37109,2
21684,2
27841,2
17655,2
30639,2
18829,16
25151,16
34364,2
16634,0
22230,2
31139,2
28695,0
25381,0
11956,2
27618,3
7264,1
7265,3
12460,3
36606,7
27712,7
11872,7
14785,7
23992,7
13644,7
12486,7
19959,7
26791,7
18879,7
37339,7
33508,7
18618,1
24952,7
37412,7
21536,1
24266,1
13154,1
30938,16
32291,5
7588,7
17897,7
34492,7
22361,2
34993,2
12448,3
14322,3
29595,2
7277,1
7279,16
10024,3
25749,2
17029,2
23811,3
7452,3
20251,3
14787,3
19713,3
12359,7
29720,7
17607,0
26495,2
28002,2
26908,5
15129,7
7289,2
23169,7
26788,16
27371,2
7293,7
7294,7
7296,7
30122,3
34714,2
36445,5
19574,2
30758,2
7303,3
15844,16
36122,2
7308,16
7311,1
7312,2
27394,2
7313,5
36171,3
9772,2
25183,2
20651,1
31344,2
22683,2
34158,2
24236,2
33412,2
20450,3
14641,5
17828,3
28929,16
10719,3
12029,3
30347,3
33033,7
9192,3
8438,3
10146,3
37630,7
21948,3
20585,16
25112,7
25049,3
36710,3
37681,3
14247,3
23365,3
18625,0
11466,10
32077,5
35710,0
7323,7
7325,7
10115,5
11706,5
21443,1
8269,12
20488,3
34879,3
36533,7
32551,1
10073,1
34432,6
15740,1
17891,2
9174,3
25480,2
9083,2
15558,2
7329,2
7330,0
7331,2
36502,1
23128,16
7334,2
9077,2
7628,3
34386,14
34281,14
7338,2
25577,3
16219,3
10317,3
27509,7
34297,3
31306,1
13520,3
34407,3
9118,3
15401,3
27298,5
29123,0
30056,3
7341,3
7342,7
26938,3
10863,3
21529,3
20267,3
7345,7
33374,7
7347,3
7350,1
7352,3
7353,16
30857,7
17727,7
35231,7
8915,7
25464,7
26560,16
26188,7
18487,7
30212,3
33682,7
13129,3
27666,7
7355,2
34610,0
7358,1
30907,2
27042,2
8845,3
24432,2
7362,25
11450,2
32095,5
26849,5
7367,3
28571,0
33981,5
14724,3
23093,3
7370,2
25763,2
35611,7
36583,7
32843,7
33665,7
14930,7
11269,7
22742,7
7375,5
23362,7
7378,2
7383,16
14837,16
28682,16
25505,3
7386,5
20669,5
17991,2
26768,1
7841,1
7731,1
33609,2
34014,1
31445,1
31157,1
36261,1
7390,2
26907,3
25602,3
29844,16
31361,7
10197,7
27476,1
20128,1
7400,7
18517,3
32455,1
7402,2
36643,2
7406,3
36947,3
14389,16
12852,16
7410,2
7413,1
34588,1
7416,1
16110,1
7304,0
7423,2
29405,7
33964,1
12866,8
29666,2
12836,2
33465,1
22691,1
23868,2
7430,16
16915,0
25528,1
7433,2
32278,5
10153,3
8090,2
16902,5
17545,16
8513,16
31287,16
29501,2
7448,5
14103,2
22696,2
28619,2
32448,2
19297,2
24536,2
12441,2
15037,7
6316,2
7451,5
13391,3
7454,1
35530,2
28447,1
7461,5
23338,1
22184,1
29732,1
23802,1
7463,3
25776,3
7465,5
9158,7
11408,5
15299,5
22121,5
7467,3
7468,19
4838,3
25808,3
7471,5
21496,5
32883,1
7474,0
27492,0
7475,2
2225,2
7478,16
7479,3
5470,3
34189,2
24983,2
12791,2
30951,2
26246,2
34983,2
9328,2
15505,2
35808,2
12869,2
29855,2
25778,2
1263,1
8548,6
7487,2
7488,3
7489,7
11875,1
8114,3
30708,5
12283,2
29996,7
16535,3
7493,3
17785,3
32056,3
30582,1
19695,1
31873,2
30577,2
35839,2
22476,2
4816,3
30512,5
17753,3
24418,3
28456,16
4814,25
11219,2
18315,2
35985,2
7505,5
7506,2
19014,16
26259,16
13634,4
20329,3
27412,7
7510,1
7515,1
8348,7
7517,3
7520,7
7523,7
15854,7
7320,2
7525,23
7526,1
7529,3
21010,16
13739,16
33965,12
17257,12
7536,16
17813,16
11139,16
28470,16
7538,25
12374,1
31895,2
23012,2
17606,1
10602,1
25223,1
12652,10
36642,7
8276,1
7552,3
34099,3
23975,3
33143,7
30996,3
26774,3
13079,3
20345,5
10560,5
7752,1
33701,1
22404,1
7556,2
36377,2
36928,2
34565,7
37572,2
35581,10
35454,10
26033,10
7559,7
10682,7
30398,7
7561,1
10866,1
36786,1
8316,1
27699,1
35353,1
28681,1
37623,1
21292,1
14192,1
37504,16
28442,1
16516,7
30291,0
7327,7
36156,7
8236,7
31047,3
16719,2
7572,2
7575,7
14288,7
7576,3
6697,0
7579,2
7580,2
32287,2
23024,8
19481,8
7582,7
31297,5
7585,7
9949,16
37221,7
20459,7
9172,0
7594,7
7595,7
13590,7
10991,3
17285,3
32858,1
11984,1
37512,1
28683,5
7001,7
34739,7
9216,7
27228,7
21814,16
7606,7
36996,16
7608,3
7610,1
7612,3
7613,16
20139,3
9314,3
9686,3
7620,7
28485,0
32058,1
20588,1
7624,2
37315,2
7626,5
37441,5
29248,0
12704,3
17511,3
30451,0
15185,3
12318,7
12335,1
24468,3
33360,2
1020,12
14507,1
14545,20
9038,3
12375,3
7632,7
23313,7
33158,2
18871,2
18739,2
24927,2
24288,2
36378,2
20068,2
32500,2
26305,7
7640,1
34164,5
7642,7
36058,7
7645,7
26640,7
12961,7
19958,1
7648,3
15100,5
36211,7
34592,5
7649,2
7651,16
34175,5
20936,5
27678,1
22029,1
23821,1
23444,12
29751,1
22999,3
32395,12
37186,25
12429,1
27058,2
30754,1
16555,1
9422,1
7662,16
28853,1
7665,7
7666,2
10829,1
3536,5
9626,1
19238,2
7674,1
13416,2
9998,2
37679,3
30572,3
7680,3
7681,7
32376,5
29071,2
10460,12
18047,16
13428,1
9133,3
7692,1
36131,3
7695,7
9715,2
7699,2
7700,1
9802,1
9807,7
28956,2
7709,2
14364,2
20232,7
23497,7
11527,1
20025,7
36419,2
8971,2
32212,2
12417,2
36474,2
19273,7
9898,2
7718,2
32337,5
18653,5
27570,5
16103,5
14373,5
22385,14
15834,5
15993,5
29592,5
35391,5
7727,4
1538,5
8307,5
14907,5
7729,3
19435,2
7732,7
25065,3
13001,12
36856,5
7737,3
9419,2
15344,7
28499,1
7739,3
7741,3
7743,3
35259,1
7746,5
7747,1
25996,3
10099,1
33831,0
14472,1
26562,3
17190,3
7757,3
34754,1
21626,3
29479,7
7759,7
7761,3
34192,3
22374,3
17116,7
29525,3
7765,2
19373,2
29952,2
7768,3
24767,0
13724,1
34755,1
7772,7
10725,16
19252,7
10268,3
12940,7
29030,1
27930,7
23986,7
16643,16
18209,7
19286,7
25759,7
28360,5
9743,2
9072,3
14767,7
23929,5
23301,3
28476,7
28955,7
32918,2
36911,7
18956,7
16215,3
13168,3
10306,5
12665,19
14429,19
7583,3
13775,16
7782,7
30776,7
7785,2
34568,16
7790,5
7791,16
7792,5
7794,3
36017,7
26291,3
21972,7
30415,1
36125,2
35893,14
7803,5
36267,7
28214,3
20308,1
4765,1
16560,3
8071,3
15479,1
35549,1
22205,1
9577,1
33076,3
16077,1
10484,16
22989,16
7811,7
7813,3
32355,5
32358,16
10563,7
31096,2
10237,5
36109,10
22044,1
23426,10
7821,1
7822,1
7823,3
7824,7
13477,1
26844,1
17634,1
10643,1
19868,1
10668,16
10670,1
35263,1
9776,1
11063,1
35981,1
8705,1
29366,1
29617,15
18723,1
30648,1
29734,1
14939,1
32258,1
35732,1
12984,1
22935,1
21139,1
6896,0
19343,5
27329,5
24098,3
10640,2
14723,2
32860,2
33191,2
29822,2
9497,2
32479,2
32556,5
30357,5
12897,5
22508,1
7842,12
8597,12
23671,3
18022,3
8092,25
36704,25
33930,25
15947,25
29580,3
29853,12
24791,2
22179,3
28323,7
3381,38
19585,3
19572,38
23196,3
3814,3
10766,1
35326,1
7853,1
17385,5
7855,3
32773,3
28995,3
7922,1
30602,1
27319,3
29934,2
34301,2
37449,2
8094,1
7870,2
7874,2
617,16
34134,16
11592,16
7876,2
7877,25
35431,2
30206,25
7881,19
2888,19
7941,19
24301,1
9476,1
17561,1
7883,1
2966,12
20224,12
7885,5
7889,5
34308,5
30293,5
36236,4
18521,2
7893,5
7894,3
7898,3
30031,3
19660,2
22427,3
7903,1
35117,3
7906,2
7907,1
7909,16
19663,3
1284,3
12997,2
33791,1
12918,1
16139,3
9114,5
7917,3
31596,3
7918,5
37330,5
9347,5
18148,3
21346,1
33532,7
8173,3
7921,5
12041,0
15166,5
9043,7
33032,3
7927,5
34339,5
7930,3
26365,16
30361,3
7934,16
7935,2
8994,2
22473,2
7617,16
15030,3
25722,19
32659,19
24484,19
32861,19
35799,19
10208,5
28641,16
26868,16
16366,16
7945,1
7949,3
7950,1
29558,16
7952,7
30383,7
21049,3
34237,5
18536,1
25834,1
8736,2
15080,2
12341,2
21089,2
7966,3
35638,3
5235,3
27065,3
17064,5
13662,2
34330,2
9675,2
24684,3
20012,3
13366,5
24445,3
18142,3
11433,3
23618,5
9227,3
9524,1
28158,3
21928,3
31487,3
37269,3
20239,1
24035,3
16545,5
3420,16
5144,3
14272,3
21028,2
19175,2
19676,2
24691,1
36393,1
7988,3
21476,3
7485,7
25724,7
29768,1
11992,16
24455,1
36067,7
10701,3
23249,3
10598,1
23862,3
14514,5
16514,7
14370,0
13373,3
24958,3
9291,0
27389,7
11039,4
7996,3
26652,2
17757,1
8001,3
8002,16
14001,16
23149,10
34214,0
8004,7
29828,2
34481,1
8006,16
8007,1
11470,1
11757,1
8010,1
19347,2
21324,16
8013,16
8015,7
37275,1
29920,2
30879,1
8018,3
25926,2
33425,0
8992,2
17555,7
21117,2
8169,2
8025,10
8027,0
22969,1
36246,3
8035,7
33160,2
20810,1
1714,1
33698,1
8042,16
11122,16
8044,7
17811,7
25917,7
8048,1
33823,2
27562,7
8052,2
23843,8
8056,7
25869,1
8060,1
28223,3
10364,2
32577,2
235,1
23427,3
16160,2
36072,3
8064,2
8066,0
36829,0
8067,16
8072,7
8073,7
35914,7
18203,3
19688,3
8079,0
8080,12
35053,12
34808,12
8083,2
24705,3
20249,2
8089,16
8779,7
6647,3
27155,16
26127,3
12927,1
15871,1
16210,2
9403,5
34356,3
23328,3
11550,3
23726,3
8103,1
27085,1
29145,3
16862,0
8110,3
8111,3
8112,1
8113,3
8115,25
8117,1
8118,16
34767,2
29712,3
12419,7
32813,1
22174,2
8127,2
29782,1
8483,1
8130,1
21275,0
8132,2
8134,2
14677,2
20103,1
8137,5
8138,2
21286,4
8140,7
30032,1
7421,2
8143,25
33627,25
31342,2
22605,2
19200,3
15315,2
15475,3
8154,5
8155,20
31495,20
33163,1
31667,1
11351,1
7176,1
17169,20
9406,20
17583,5
26471,5
23829,7
8164,5
1554,1
33168,3
26433,7
18176,1
17276,5
26528,5
11299,5
8171,0
25437,0
12216,4
6652,7
23832,16
36972,7
8176,7
6131,7
36624,3
22291,3
21134,4
8179,2
37179,7
15292,2
11157,2
19939,16
14378,2
8197,3
16811,16
8198,2
35289,7
8201,1
8203,3
8206,7
8207,2
31607,3
33814,1
8212,1
8213,2
8214,3
32670,4
13621,3
13661,3
14995,3
8220,7
8740,7
17433,5
29591,5
10151,5
10026,3
12797,7
21413,3
15496,2
9305,16
8227,1
22758,5
8234,2
8235,1
11930,1
33801,1
8239,1
22892,2
8243,16
5528,16
19715,2
8247,5
8248,1
35529,22
8253,7
23192,7
22016,2
13108,3
8258,2
8259,16
37689,4
8267,3
8268,1
29803,7
8272,0
19674,7
25905,7
32931,2
8278,16
30242,2
29246,16
8280,10
8281,0
37089,0
8282,3
8238,3
8286,5
15486,1
8290,3
8291,2
34752,5
20480,5
31290,1
16652,7
15717,7
8294,2
8556,2
8295,2
36146,3
8298,0
17538,39
23025,5
10037,5
32461,7
14908,5
16981,0
10452,3
20686,2
13866,3
8304,2
19658,10
16810,5
19113,2
30406,2
8309,5
21532,2
10155,2
8315,5
29455,5
8730,5
29175,5
22559,5
15019,5
34718,16
15547,5
16000,5
28781,5
18248,5
4805,5
17506,3
19826,2
34667,1
8319,16
8320,5
28119,7
12928,3
17502,5
20706,0
6080,2
17348,2
23260,2
33710,7
8335,3
2985,8
22694,3
25641,3
10865,3
3674,3
33598,3
8339,0
8342,5
1436,5
28704,3
8347,1
21723,21
36434,0
27451,7
9811,7
34687,7
8352,5
8353,16
35746,5
8355,2
6498,2
33268,2
10288,1
17482,2
21251,2
15579,2
24210,7
9749,2
33968,2
20737,16
29195,1
15633,2
10048,2
23135,2
14744,2
22582,7
8359,5
32490,1
12499,1
11377,1
8630,1
18888,1
30048,1
22713,1
35048,1
8362,3
30005,2
36719,5
8368,2
8369,3
22006,16
8371,7
27986,1
8378,7
36806,3
34622,25
27836,3
8381,2
8382,3
8383,3
8387,3
35184,16
17107,7
8392,7
19250,7
36821,25
22116,1
8395,1
26119,5
35557,1
15240,2
9354,3
32802,2
34552,5
8401,2
8402,1
13356,1
8403,2
19298,25
33180,5
18312,5
8408,3
36417,0
13939,7
8413,2
27822,2
8415,0
11666,16
8419,2
12180,16
8421,5
22944,5
9436,2
8426,3
8427,1
26716,1
37010,7
24425,3
29549,2
34342,2
37223,2
8432,3
36036,3
30663,0
36117,0
8436,1
8437,3
30304,3
16329,19
36056,3
6396,2
30620,3
32980,3
31618,3
2394,3
8443,7
37548,7
8445,2
27634,3
8449,1
14136,5
14314,7
36787,16
25937,7
14741,3
17881,3
8457,3
9405,3
9319,3
21302,5
7248,5
35195,3
26442,3
10839,7
10242,1
36791,1
3967,1
29852,7
8469,2
8474,3
19748,3
8476,5
10302,12
36673,1
8485,2
36059,1
36653,1
21506,1
17136,7
8490,12
8492,16
24281,4
31405,3
24213,3
26015,2
37611,3
23176,3
17350,7
13370,2
8501,3
8502,2
32929,21
21674,21
11764,5
32128,21
14777,21
26702,21
17833,21
15881,21
27879,21
8505,2
8506,3
9277,3
11818,16
27588,2
6495,4
33438,4
8509,3
8510,16
8511,4
12726,4
10890,2
8517,5
15884,3
33892,3
2625,3
9448,16
30111,0
1383,3
30701,3
8519,2
11195,2
24404,2
32590,2
17181,2
19116,2
35652,2
14309,2
26586,2
11447,5
33979,2
1910,2
10069,2
18531,2
32697,2
15159,2
21986,7
15174,2
36721,2
10533,2
12524,2
5977,7
14048,2
14365,2
22095,2
20964,2
30569,2
34768,2
20994,2
37266,2
35605,2
12939,2
24859,2
36717,2
30608,2
33246,2
22236,2
35382,2
31580,2
36086,2
29422,2
16976,2
32510,2
24685,19
34575,2
27633,1
10216,2
25888,2
31581,1
37121,2
5959,2
14354,2
36210,2
12131,3
30787,2
33388,2
18811,2
14462,2
9634,2
22502,7
13367,2
9871,16
30273,2
37347,1
30480,2
6349,2
25494,2
8666,10
19791,7
34796,2
11136,2
10512,2
24585,2
9963,5
30093,2
27397,3
24639,2
32318,0
37201,2
26972,2
12367,2
37079,2
20412,2
20178,1
4695,2
26032,2
22735,3
22738,2
34959,2
25121,2
23997,2
23967,2
33727,2
28732,2
23980,7
21763,2
17987,2
11231,5
37390,16
21489,2
15395,2
23685,1
25246,2
12770,2
31321,2
8525,1
8527,3
32292,3
8533,3
8537,7
25449,3
34412,1
35005,1
10483,1
8543,2
17938,3
12059,10
8550,2
6906,2
19761,2
8552,1
31254,2
32765,3
3523,2
27153,5
8560,7
10837,2
8800,3
25983,3
8568,7
23134,7
35898,3
35299,2
30427,0
21771,7
36531,0
8574,1
12656,3
10615,3
14983,7
32631,25
21231,3
24096,2
8579,3
32416,1
30418,2
19945,2
26141,2
35626,16
31042,7
8584,4
18017,0
34259,7
14636,2
8588,1
30565,7
8592,3
28679,3
36982,7
8594,1
23702,16
29152,12
8599,12
8600,2
8602,2
16053,3
23298,16
12962,3
21207,10
32959,10
31778,3
35891,19
32502,1
37000,3
37251,0
20683,0
8614,3
19750,1
8620,3
30646,12
8624,7
29885,7
34788,1
12725,1
36887,2
23956,2
37674,3
8629,1
21648,1
8631,7
36907,7
23567,7
14331,16
27143,1
23027,1
32052,1
10998,1
13907,1
9312,1
18050,1
28342,1
31647,1
30009,1
17878,1
22867,1
15888,1
33212,1
15187,1
8638,16
8640,1
8641,16
18936,1
10292,1
29631,1
31030,1
27917,1
29458,1
32695,1
21927,1
1650,1
26613,16
23088,1
15976,1
12207,1
24354,5
18563,1
36015,1
18580,1
33171,1
4867,1
12956,1
27033,1
8643,14
25305,14
8644,2
35978,16
26199,16
25306,14
8647,27
8650,5
9274,5
8652,1
15620,3
15800,7
12623,5
11479,7
29491,3
20274,5
25975,25
31760,1
8662,0
8664,3
18202,1
8665,1
28320,5
9348,7
31279,7
13480,3
24317,2
8669,5
8670,5
19781,19
37177,19
35754,16
8675,3
8677,1
28276,5
31452,3
8686,1
8687,2
8688,1
8689,3
25945,1
2789,1
8690,7
13053,19
37624,0
16254,7
31656,14
31314,10
15628,0
32542,0
8701,1
25742,2
8704,1
8706,2
8709,5
8710,3
8713,7
36297,2
18894,2
8718,3
8722,3
33659,3
12764,3
29323,3
4591,3
28205,16
32694,1
8727,7
34334,2
18697,2
26832,2
29207,2
8738,3
37604,3
8741,3
8744,1
21844,1
4657,1
8745,7
8748,5
23064,5
8749,3
31073,1
14284,1
25992,2
21721,1
32181,1
11190,1
30377,1
15044,1
1600,1
18847,1
18295,5
30673,1
30359,7
28348,2
22614,2
11234,2
8758,2
8763,3
8766,3
34203,16
32534,7
32484,5
20482,5
12402,7
8771,2
16852,7
133,7
34614,2
17980,5
36000,2
21369,2
10119,2
28492,2
21330,2
8788,1
8789,1
8792,2
2283,7
11646,2
6075,16
29064,4
15639,2
26088,2
8795,16
16140,5
34951,5
8797,3
30801,2
8798,7
21283,7
8799,5
36851,5
8802,2
28479,2
8807,1
19272,2
37006,2
18720,2
26852,16
19615,2
29294,2
26006,2
20606,2
8813,2
35704,2
32540,16
8818,16
36793,16
14275,2
21965,3
28193,5
30687,7
29531,2
8830,7
37533,2
1981,1
33156,2
8837,2
8838,1
14215,2
13272,2
8842,2
28935,5
21181,5
8844,1
8846,2
8848,2
8849,1
8850,1
8852,1
8616,8
36682,1
11337,2
33439,16
22469,16
15415,3
37524,1
8861,7
26000,1
8865,1
8869,3
8871,12
8872,7
8874,16
9178,16
24956,0
22365,7
27469,7
28016,7
34457,2
9241,2
13796,7
6343,7
11390,4
36076,4
10388,5
8887,7
8889,3
23722,10
19033,2
22209,16
8895,2
11454,2
28555,10
8897,14
34054,5
35948,2
10774,2
24417,7
21610,3
14347,10
8905,7
32555,0
21200,0
20558,1
11327,2
8911,4
26573,2
8914,5
8916,7
8917,16
8918,1
8920,3
26319,5
12969,4
35461,1
18012,3
21779,7
15504,7
28452,7
11248,3
8930,1
15933,1
30181,2
10253,2
28766,2
29068,10
22716,2
13275,2
27343,2
19205,2
6817,2
8932,2
11871,4
11490,4
30705,2
12309,3
8938,2
9337,2
11462,16
28917,1
29717,0
17074,25
8947,1
10906,2
33936,2
21457,16
14880,2
23389,3
25519,1
14987,2
8953,0
8956,3
34505,3
37363,2
35410,2
31394,7
31830,3
19795,5
26572,3
8963,5
12809,7
8967,2
17514,2
26375,2
8970,16
25769,16
30902,5
16464,5
8973,4
8974,3
10098,16
21887,16
8977,2
14232,2
16158,16
16800,2
8980,7
8981,5
8983,1
8984,2
8986,14
13585,14
8987,1
32830,1
34613,7
34516,2
16670,2
8998,2
17729,0
9002,3
9003,2
33357,2
12950,3
15013,3
22524,1
29122,3
407,3
26798,3
33762,3
35654,3
14419,5
9009,3
27486,1
19084,16
31186,1
33066,3
9019,7
715,7
17478,3
9026,3
9027,3
9029,7
35166,0
9031,3
27348,1
17960,5
37255,7
24101,7
9045,1
34290,5
20020,5
9047,16
26052,1
23731,1
29880,1
18177,7
26822,7
30929,5
14968,3
19418,7
34250,3
8769,7
11820,25
29449,3
20407,1
7512,3
16056,7
13969,7
27726,7
16104,1
16108,4
11525,7
33279,7
5172,7
17259,7
30254,7
11596,7
9257,2
13906,7
9289,1
20783,1
35381,7
17095,7
15451,7
32890,7
18632,3
23214,7
35451,7
26534,7
718,7
29781,1
32955,7
9424,3
16380,7
16387,3
29337,12
30141,7
21340,1
14158,1
30432,1
33102,7
37059,7
35641,7
21250,7
33147,3
10736,7
13183,7
33207,0
9654,0
28273,7
9676,25
14329,0
17279,7
21197,7
9690,7
28308,1
23570,3
28317,7
30160,7
22392,7
23657,7
28407,0
35956,7
18189,7
24506,3
14560,7
36054,7
21445,2
28093,3
16898,25
36121,7
28257,3
12331,3
14746,7
21523,16
19262,16
33623,5
23864,1
13523,16
37341,7
20751,3
15002,7
26739,3
12482,7
16014,1
24898,3
17106,1
21658,16
30173,7
20307,7
36370,12
24041,5
33810,7
14870,1
25147,7
27856,7
30123,7
29711,7
10300,1
17233,7
31427,7
7429,5
10362,7
26600,7
24699,10
21852,7
23773,5
15077,7
10471,12
19722,5
30341,7
36700,7
11001,7
8423,16
10529,1
12221,7
31673,7
24427,7
32201,7
22049,7
12909,7
12923,7
28606,7
15272,7
12935,7
29250,7
22895,19
31757,1
22955,7
31767,5
30275,7
27276,7
22148,3
32868,7
12999,7
18623,7
35019,5
14170,1
31845,7
22210,25
17673,25
20892,3
24081,7
26491,5
22239,3
22811,7
29419,7
27166,7
20014,7
30826,7
20051,1
1326,7
20055,7
29136,7
33405,3
15206,5
34549,7
37174,7
37182,7
34470,10
17893,3
36630,7
20447,7
30437,7
27045,10
28062,7
20597,5
34707,10
11056,7
30164,7
34004,7
29726,7
21123,7
13460,3
10972,7
37301,1
15811,7
29834,16
27432,3
25070,7
17163,7
32405,0
31738,7
17062,1
37597,7
30007,14
22450,5
37634,7
30045,7
32361,7
19938,7
18750,7
787,7
13938,7
18755,7
9600,7
9055,7
34514,4
9057,1
9058,16
23558,3
9059,3
18131,3
28530,5
9062,1
9064,16
10984,2
22918,1
15768,2
23140,2
29901,2
35725,2
11847,2
15048,7
9116,2
11800,2
9067,25
36112,25
9069,4
18063,4
35481,3
35279,2
17744,3
21446,3
32433,7
30118,3
36097,2
27246,2
9078,16
21040,2
30479,7
12632,3
14264,1
9085,2
9091,3
4900,1
22917,2
19854,3
14449,16
10249,1
28188,16
19372,5
28816,1
33646,10
9099,10
9100,2
4257,8
5505,16
14234,16
22482,16
20542,16
9103,7
9106,2
16527,1
9108,3
9109,1
30793,16
9113,1
19797,2
9117,2
32353,2
13223,2
9123,3
9124,7
17410,2
9126,1
36074,4
9134,5
9135,2
26721,2
20453,3
28994,3
9137,1
29611,16
12109,3
30941,3
9139,1
27555,12
35906,12
9140,2
9141,1
32644,3
25619,7
24847,7
36085,7
18523,7
11014,7
10210,7
19277,5
26889,7
26070,1
21792,2
9153,1
20384,1
33278,1
9160,7
9161,7
9162,3
9163,7
26708,7
13425,5
10852,7
14789,5
9167,7
9774,10
29755,5
2668,10
7593,1
9186,1
18913,7
9189,4
9191,2
9194,16
21773,2
9197,1
15463,1
17411,4
37286,1
33675,5
19039,4
33853,3
11154,3
36271,7
28326,5
7601,1
9218,3
35168,3
13389,1
9733,1
9276,1
19554,1
17328,25
35319,1
9224,4
9226,3
9228,1
9229,16
9230,7
9231,3
15614,7
9233,1
9234,7
26089,10
16052,10
10992,1
26100,1
9242,7
9877,14
14183,14
15522,14
10174,14
17292,2
9249,3
9250,7
19699,5
9252,3
9255,2
9258,3
9262,5
9264,0
15308,5
35528,2
9272,0
11181,0
28528,0
25479,1
19451,7
10021,7
16523,7
9281,7
12660,7
19749,2
11147,5
18503,2
33088,1
29988,1
19919,1
3673,25
34855,3
9300,25
27740,25
9302,2
1572,1
9308,5
9311,2
19420,2
29791,1
24950,3
22648,3
9316,1
30177,0
19977,0
10538,0
26910,1
9323,1
28521,2
19783,2
4746,1
18481,1
9329,7
36794,20
20592,3
9332,12
7033,12
28618,3
9335,2
19850,3
30866,0
19906,1
22786,2
30926,3
19864,2
33387,2
30381,2
34028,6
32009,16
34409,16
9345,16
9344,3
3946,16
30672,3
14457,3
24512,7
30317,2
33225,16
14754,5
17280,7
17359,10
22397,10
19678,10
23799,10
5749,10
32693,2
16977,2
10804,2
36478,3
28942,5
35477,3
20620,1
5520,2
24009,7
10436,1
12039,1
17499,0
18351,0
9367,16
28484,7
9369,3
9372,1
9376,1
9377,5
9379,1
7630,3
24373,3
10823,16
19517,3
25190,16
9383,16
10887,16
25171,16
9386,4
20813,4
20833,1
9389,8
17171,8
35527,0
20339,3
27663,5
9394,5
23383,5
17338,5
35349,7
30507,3
26828,1
9401,2
19822,2
26567,3
10669,3
9408,12
12922,1
24943,16
11590,2
29118,7
9420,7
9421,3
13286,2
9427,12
32652,5
9429,7
9431,2
36590,2
9432,2
19189,2
31171,7
23410,3
9440,3
9912,12
37461,2
9450,16
35740,3
10437,1
8545,2
10691,1
25612,5
9460,5
9461,2
9462,1
22323,7
9464,1
23319,25
27727,1
21636,7
9471,5
15803,3
16647,3
10929,3
9487,3
9488,3
9490,3
9493,2
23990,2
34092,0
9500,16
12327,16
23232,3
9502,25
13528,7
9505,7
35966,3
9507,7
9508,1
10985,10
9838,16
9514,12
16405,12
25053,0
33989,1
9517,1
9518,1
36923,1
9521,1
9523,5
9525,3
31146,12
10524,16
16935,7
29771,1
27510,1
23713,1
25081,1
9536,31
29838,1
9540,7
9542,3
9543,5
10330,2
36594,2
7656,3
19211,16
22869,7
9550,2
9551,2
3627,1
28626,2
32064,2
21109,1
14059,5
14938,5
9556,2
9558,3
9559,2
36782,16
9563,3
9565,16
9566,7
36763,7
27563,2
26396,8
23473,8
13289,8
24238,5
9575,16
29650,1
26297,1
9580,1
25187,2
9583,2
25918,2
9584,3
9585,3
32772,3
25757,25
31849,12
19808,12
36089,7
37274,19
9591,3
31733,0
12823,7
18744,2
32685,3
9597,7
12800,4
26278,4
25015,4
12785,2
35396,2
9609,7
11111,12
5240,12
24438,12
9681,3
9613,2
9617,16
9618,1
9619,3
22549,5
9623,7
7672,3
14608,3
21554,1
1625,2
9068,1
27791,1
7673,7
9631,1
14051,3
25632,5
12781,5
25593,5
17220,5
20644,5
30761,3
30768,5
15545,7
34363,5
12101,5
36521,5
16129,5
18665,10
21268,5
27187,5
13946,3
12137,7
25993,5
15045,5
22456,5
14706,7
29630,5
32775,7
13959,5
24405,5
12899,5
37366,5
22060,5
27422,5
30234,5
365,5
23924,5
18191,5
10055,7
32387,0
35002,5
8786,5
14461,7
30051,5
13543,5
17748,7
21703,5
18360,7
34875,5
19942,3
7690,3
9636,1
22023,7
10565,3
20427,3
27162,3
10017,7
33181,7
31037,3
14359,3
9647,1
9648,1
32503,1
21651,7
28504,7
30555,3
21582,7
22649,3
9651,1
9652,2
9653,16
37637,1
15358,0
9660,2
28220,2
9663,7
11581,7
25625,1
27213,3
16076,0
11910,5
20256,3
18726,3
23734,3
9669,2
9670,16
9673,1
9674,5
37296,7
29079,3
30385,1
9679,16
9683,2
9684,16
24596,5
28189,3
22964,3
33074,7
31613,1
35976,1
19377,2
32700,3
26482,7
9697,3
13157,1
9700,16
25347,3
9704,16
9708,1
10327,1
9711,3
9712,7
10255,5
31837,7
11749,2
13766,2
19431,2
34171,2
13377,2
31160,2
22530,16
34234,2
26988,2
9723,12
11484,7
35270,7
14527,2
9726,7
15550,3
12946,3
7689,16
9732,2
9734,3
9735,3
13162,3
28808,1
16137,1
35292,1
32625,2
9738,2
9740,2
9741,3
26183,0
22377,0
9745,1
32527,16
21619,2
27807,2
15688,2
24227,2
26184,3
17817,2
20093,25
21385,2
17564,7
9864,7
12872,1
25511,25
29649,1
931,1
4828,1
9762,16
9763,16
25613,3
1649,3
21013,3
33026,3
9765,1
31519,7
10783,3
13503,1
25852,1
27104,7
15390,1
17020,1
35153,2
20580,3
13362,3
20733,3
31169,3
7703,3
23915,3
9778,3
31986,5
29523,3
33287,3
19878,3
25935,3
24902,3
29609,3
27819,3
22146,16
33505,3
21980,1
33531,1
34145,7
20288,3
34809,7
14029,3
11152,2
2733,3
25104,3
36234,16
19325,3
14757,16
13037,3
33746,5
33121,3
25957,16
31249,3
33177,3
21645,7
22852,2
26359,3
9781,5
9786,3
14398,1
19627,3
9788,4
27982,1
29432,7
19969,1
9796,4
20544,4
27659,3
15012,3
18978,2
21989,7
22410,25
36041,2
9800,3
7701,1
27766,2
34276,5
18408,5
27346,7
32499,5
11909,5
28646,3
34831,7
19081,7
9808,2
33487,2
31307,2
15802,7
9815,16
13402,16
9816,2
9821,3
15934,7
16455,6
27480,5
9828,5
9829,3
31539,5
5782,3
28744,5
9833,7
22334,3
36311,3
17801,3
8188,3
27905,25
15055,5
24683,5
10880,1
21119,5
9842,5
9843,2
32917,2
9849,7
21919,7
26139,5
11508,5
11026,1
9856,2
9857,2
7706,2
9859,3
31437,19
9860,3
22085,1
24298,5
37041,2
9865,1
11937,7
30367,7
35692,1
32844,1
14563,1
30223,1
17643,1
18324,16
31798,1
9873,2
17364,7
32815,7
13280,7
25536,7
9878,2
9879,16
32735,2
19082,2
26109,2
9884,1
16632,1
9885,5
15227,5
16113,2
28556,2
15553,2
9890,3
24422,8
23081,8
19150,12
17755,7
9894,7
9895,2
15526,1
9896,3
14615,1
6321,2
9900,1
9901,16
9903,25
12025,2
24412,2
19516,12
33375,5
36627,1
5018,3
28424,10
27996,3
16294,5
15160,3
17131,3
16904,2
9916,8
27311,1
9918,3
20851,16
10667,2
37303,2
23893,2
3923,2
7722,1
9924,7
28969,2
9926,1
17780,25
9932,3
22787,1
21937,2
11240,2
31723,2
33851,2
29002,2
7725,1
29464,1
9943,5
9944,2
33023,1
9948,1
30763,4
32747,3
33828,1
9956,5
36864,12
11503,5
5718,3
9969,0
9971,5
9979,2
16833,1
28287,2
17260,1
13700,3
16923,2
27230,1
9990,1
34291,5
23812,7
33901,7
30098,1
27677,5
20629,1
22945,1
27991,1
13812,1
19499,1
19128,3
30202,1
11300,3
18283,1
27794,1
23053,1
20724,3
32869,1
161,2
25448,3
28786,3
10232,1
27866,16
10333,1
18572,6
27884,1
18591,1
29157,1
17741,1
20837,25
22005,1
23235,1
32978,1
36094,1
25269,2
35586,7
34344,1
28121,1
20162,1
16478,1
9548,1
25820,1
33196,25
31184,0
34465,7
15749,1
12008,1
26537,1
25878,1
22045,1
28354,1
28362,1
32014,1
32031,1
32145,1
31534,1
35960,1
19076,3
35260,12
17701,1
37670,1
16799,5
6445,19
11025,1
14546,4
29352,1
23939,0
21420,1
16876,0
21428,0
28559,1
34284,1
28586,3
14263,1
14649,16
19241,1
13116,1
32345,1
14937,1
36178,1
12437,3
12446,1
23648,1
36280,3
14784,1
10138,10
36658,1
12512,1
30556,1
15832,1
12553,1
24076,1
22090,7
36924,1
16310,1
28911,1
12641,1
35667,1
19586,1
24679,16
26619,1
15058,1
21867,1
21868,1
24320,1
36672,1
10495,1
36820,1
24237,16
15199,5
32076,1
29198,16
22814,2
12898,1
19802,1
24469,4
26851,3
22929,1
15708,1
15319,16
32731,3
17605,1
10690,1
31801,16
10698,7
10718,1
29343,1
17648,1
15400,1
34396,1
14042,1
22260,1
17752,2
34469,1
29475,1
29477,1
5150,1
10861,1
33644,1
12494,7
27118,3
26799,5
27132,1
34577,1
30609,1
36662,1
34571,1
24816,1
27211,1
15613,1
17894,1
17940,7
20564,1
34703,2
34708,1
27280,0
32953,16
15699,3
24211,16
30441,1
29729,1
35871,7
20325,1
32302,1
20114,1
18115,2
30876,1
37473,5
32386,5
15847,1
3441,1
22770,1
15448,1
7539,1
13616,1
37575,1
7688,1
36080,1
37654,1
35719,3
30680,1
10004,1
12016,1
10008,2
12973,2
10011,3
14340,2
10013,2
27763,2
21393,3
18668,5
10019,2
6565,3
12669,2
10539,2
37457,2
29442,1
16786,3
10027,7
10028,2
10029,2
16330,3
28708,1
29364,1
12668,1
27557,1
30563,1
15173,1
10035,1
28558,3
10038,5
10040,1
10045,7
10046,16
27015,16
28835,3
32766,1
10051,7
10054,1
10059,1
31122,6
16364,2
35730,3
13080,7
26231,7
10065,7
26664,1
26351,1
16146,3
23508,16
31948,7
11173,3
10079,1
27675,16
37093,16
10898,16
27868,16
21585,16
13061,25
22657,4
36693,7
11107,5
22636,16
18964,16
12942,16
12416,16
23654,7
18942,16
21564,16
26395,7
18294,16
13929,0
25216,5
31737,25
10083,2
10084,1
10090,7
35462,3
24523,1
23435,3
13467,5
25643,16
35102,3
5387,3
28329,5
15711,7
16987,0
24436,7
11517,16
30174,5
10113,3
19785,7
28390,16
22993,16
4090,16
26997,3
20244,12
11836,12
34712,5
30806,4
10129,3
12658,3
10131,16
27089,7
22407,5
16084,1
10136,16
10140,2
16585,1
13605,1
37526,1
12824,1
19453,1
20378,6
10148,2
10149,1
27609,16
21565,2
17298,3
14576,3
26715,5
29522,2
29945,3
20140,0
26378,1
31960,0
10163,2
33907,2
10167,25
29990,3
10171,0
34178,3
15853,7
24880,7
21701,5
10177,1
7763,3
8266,3
10183,7
10189,1
10190,16
10191,1
32476,5
33016,5
15533,3
23207,3
19862,3
33859,3
17165,7
32594,7
24108,7
21507,5
32727,21
17939,7
15656,7
19665,3
23156,3
31632,7
16894,7
25580,16
23848,7
34800,7
35554,7
33893,16
28325,4
11096,3
15543,3
15891,7
17400,7
22579,1
28539,3
17088,7
19419,7
19311,7
33829,3
25833,7
36399,7
31946,7
17870,2
37648,2
36031,10
27646,1
10211,1
31884,5
31211,7
20271,7
37144,7
10222,1
12170,3
36666,2
33606,0
10233,0
10239,3
14825,3
11730,3
12784,7
10246,5
10248,1
1724,5
10256,7
12938,2
10259,3
10261,5
10262,2
10263,1
10264,7
10752,2
4046,2
26617,16
13388,16
23729,16
11367,2
24769,7
32430,7
26111,7
24390,1
20233,1
8793,2
36603,0
17229,1
10433,4
20038,3
26270,5
36849,2
28029,2
10298,12
13847,12
24544,12
10303,2
34882,1
26411,3
10307,16
13744,16
10310,3
10312,16
16363,16
10313,2
10316,2
23701,3
23375,3
18385,0
10322,7
10325,16
10326,1
12248,3
34745,5
36915,3
26279,2
12260,2
29959,3
20146,7
22075,7
10334,3
19355,2
16244,2
10344,3
10346,7
28033,7
8816,1
4218,2
10350,3
27743,1
35328,4
12572,2
18771,2
10354,1
10355,2
23142,3
18820,25
29681,3
29324,2
10358,16
13178,16
20046,2
10363,3
7786,3
37119,7
30766,7
31949,3
10371,7
31788,7
17428,2
30025,2
10375,3
10376,12
10377,7
10379,3
11060,3
10380,1
1112,1
37469,1
10385,0
37156,0
5208,5
20090,5
25556,2
24732,2
15489,2
10390,1
35809,3
16235,1
17148,0
31635,3
28313,3
17253,3
11815,3
24509,3
16566,3
35147,7
24134,2
30094,2
34176,1
11460,3
11476,2
34149,1
16939,3
18758,16
16022,3
29565,3
15120,7
35709,3
19164,3
15182,3
19708,3
10406,5
10408,7
16936,7
14291,10
10411,2
14202,2
30622,3
31562,0
24510,7
10418,2
11118,25
10421,1
21317,16
10423,25
21077,1
37450,3
36200,5
34110,7
32688,2
26296,5
20056,16
10439,2
12077,16
30546,16
9177,16
17697,0
16665,7
12758,5
18551,0
30560,5
10447,2
12435,3
13121,3
10454,1
33117,1
18054,10
10461,2
26404,7
10465,16
25586,16
25929,5
24857,5
37489,3
25076,0
13471,3
7806,1
10478,7
33978,7
19886,5
24653,5
29414,3
20481,5
10486,38
4610,7
29646,3
13278,3
16176,16
20760,3
13085,3
24726,0
25435,7
10490,16
10491,1
20067,1
29268,7
10498,7
10499,1
10500,16
21642,16
20460,3
1902,3
20576,3
30039,1
10505,2
20828,1
27543,0
25178,2
24883,2
18137,0
36650,2
17712,2
23155,2
30103,2
13277,2
33378,2
17418,2
10511,4
19450,2
12527,2
37137,2
21213,5
11951,7
25660,3
25670,3
36139,1
10522,3
15438,1
26314,1
20071,5
34403,2
26539,7
20161,2
22805,1
10537,16
21408,16
31120,16
33223,0
16409,3
10542,16
18585,19
25690,1
32281,7
10862,7
31984,7
32236,16
17371,7
10548,1
10549,5
10553,7
1622,2
15783,2
17978,2
16351,2
28798,2
14913,2
10556,1
10562,7
5099,2
19733,3
10569,2
10573,7
20781,7
10577,7
14793,2
10580,3
33526,3
14017,1
14091,16
29540,16
21230,7
7820,16
28524,16
11978,7
11307,7
14601,7
27711,1
30604,1
28972,1
33876,2
21837,1
17375,16
36555,1
30919,1
31485,1
18511,1
31510,1
20749,1
24276,1
23098,1
30298,1
28833,1
30352,1
14015,1
2823,1
11797,1
28094,1
35025,1
34337,8
28147,1
20281,1
15742,1
18873,1
36022,1
34068,2
14255,1
22279,1
7844,1
31943,2
33522,3
21621,8
29514,1
37271,1
26051,1
19613,1
30578,1
32217,1
37359,1
36879,1
18240,1
756,1
28607,7
16986,1
10604,1
18078,1
33651,1
15083,1
31161,1
34512,3
16869,1
28049,1
5064,1
33772,1
29704,1
33816,1
29746,1
30755,2
10599,1
18387,5
19000,1
17376,3
10606,3
10607,16
10610,1
24826,7
20483,1
11546,0
36219,0
14678,3
20865,3
16318,16
10614,1
14665,1
32902,3
10616,5
10622,3
37202,3
34541,12
10624,1
18660,16
10626,7
1781,14
10629,5
18304,3
15502,3
34010,25
35162,25
36413,7
26301,7
20087,3
8384,2
7831,3
33902,3
10641,7
12438,0
34098,1
10649,3
27594,3
6525,3
15311,3
35702,1
10653,2
10659,3
10664,2
10672,0
25618,25
30679,7
10674,1
18676,1
35199,10
27030,3
36450,5
25418,5
10680,3
12904,7
35664,7
15287,4
20171,0
35861,0
35878,0
8752,0
17012,5
22911,0
12445,0
23963,3
19940,3
1301,0
11007,2
21738,3
28753,2
30924,2
36179,2
10694,2
18891,2
32881,3
2157,1
10697,1
14050,1
31975,7
32023,3
35020,3
16261,7
11575,7
30649,2
5289,4
10705,3
16735,10
25408,2
33689,3
10714,7
22257,3
11158,2
34241,1
10726,2
22764,2
28154,5
25909,7
29266,7
30731,7
20098,10
35856,10
10735,10
27220,10
29546,1
16782,7
16246,7
30396,5
10745,25
36362,7
10749,1
10750,2
20102,5
10751,2
10753,1
10755,2
33886,4
10758,3
10760,3
10762,2
29890,2
10763,2
18155,3
11140,3
15885,3
24569,8
25991,2
10771,1
10773,3
10777,2
32195,1
36481,1
23284,1
29676,1
23205,1
32906,1
13229,16
20805,16
19259,1
27772,3
20119,1
10791,2
20044,2
10795,1
10798,7
36755,5
9443,16
3110,2
23772,2
26803,2
10807,7
10811,3
10814,7
28770,7
10816,7
15796,0
10819,2
10696,7
13492,3
26771,3
14357,1
10596,7
35207,3
12113,3
30830,7
19639,2
13334,1
16447,12
29527,3
35197,3
10050,3
21012,3
27556,3
21295,3
8825,3
10832,16
19243,16
10834,1
10838,3
28431,5
17775,2
34369,3
5739,1
3442,0
22588,3
10848,1
26372,5
10857,1
10858,4
13430,4
33697,16
15685,5
10864,1
18193,7
16148,1
10869,1
10870,1
10874,1
30382,16
13966,0
10878,7
10879,2
10885,3
33925,3
31093,16
12386,20
35790,2
26177,2
10894,1
17476,1
26474,2
4272,2
14114,1
31836,2
23517,2
30949,3
15223,3
34331,1
31142,1
10430,1
37691,1
35220,7
10915,5
17211,5
33939,1
24731,1
5550,18
20394,2
13160,40
13961,1
4696,1
15918,16
20708,7
34828,3
18354,5
13043,5
10930,16
37423,1
20637,2
10935,2
18541,1
36418,3
31512,12
10945,2
18868,3
25628,2
24617,2
10955,1
1026,5
10961,3
10962,3
22632,7
37368,3
10967,2
33275,3
30987,7
33430,7
26394,3
10976,3
21748,2
10980,7
12226,2
26841,10
10988,3
25400,2
14043,0
18714,1
10993,18
14046,1
10996,5
10997,1
11752,7
16209,7
24028,7
37594,5
36247,7
13635,3
29891,3
2336,3
11005,7
7217,2
11008,5
11011,7
11012,3
14726,3
12977,3
11672,16
11020,16
34686,5
26403,7
11022,1
17308,1
12355,1
9627,16
21430,16
11031,16
11033,3
11035,2
26318,25
14022,25
14821,25
31615,3
35045,3
24515,3
14572,16
14231,1
15631,1
11048,1
16049,7
25309,7
16668,7
12720,3
34001,7
17326,3
8937,3
36979,7
20627,1
35363,7
15124,7
31528,0
29116,7
4031,1
25200,16
21963,5
26730,7
32852,12
37321,5
11708,10
26316,5
25565,7
11430,7
24694,7
11731,16
16322,7
27987,7
12901,7
31400,1
34360,7
16410,7
20735,1
33047,7
22157,7
29344,7
26611,7
3506,7
18064,7
21862,10
37046,7
8297,5
25829,7
14845,1
28259,7
27069,7
29487,7
20073,7
22983,7
14372,16
34583,7
26501,2
18094,7
27179,3
37376,3
32396,3
33898,7
15416,7
22507,3
24812,7
15879,7
37324,7
7002,3
29155,1
17473,3
37362,7
11891,7
30864,7
7335,5
16552,7
11378,7
27221,1
33657,0
16931,7
22424,7
11784,3
22663,7
36335,10
27463,16
28654,7
32401,7
33660,7
24282,5
20426,2
20430,0
16239,1
37564,16
11198,7
19378,16
28632,7
35218,7
24590,3
14872,7
24477,16
31676,7
11156,7
18118,7
32570,1
14199,16
28700,7
19486,7
22202,7
9720,7
11054,7
11057,7
11061,2
11065,3
11066,1
22527,2
21000,1
34489,3
37519,1
11074,5
36497,1
26256,3
13726,7
13299,3
19103,7
28874,7
26069,7
29177,7
30425,10
19415,6
11239,3
15177,7
33855,5
11087,1
33694,12
21534,5
31463,3
32341,3
11098,2
23056,7
31010,16
6488,7
34730,2
15022,2
37273,3
22120,5
27229,3
28083,3
33040,12
28840,3
31945,3
7372,7
16354,7
28321,5
20153,3
11110,6
36748,0
31032,2
11113,1
37065,2
16407,3
36917,2
31246,2
20156,5
34121,3
36775,16
17553,2
27892,2
13331,2
5585,2
11126,1
20449,1
17182,2
24242,2
21299,16
22065,3
11134,1
28547,1
34348,7
22123,7
11144,1
14730,7
11155,16
15027,2
11159,7
16433,2
26915,1
11166,3
26475,3
11168,3
17162,3
22870,1
6249,8
11172,16
23925,1
11176,2
11180,1
11184,16
11186,1
18332,16
24825,18
5847,1
19691,8
43,1
14433,5
30328,3
29476,3
10959,12
11199,7
11201,2
21726,2
33249,5
26950,7
11209,3
11214,16
22776,16
11217,3
11220,2
25853,7
11222,3
11223,3
13765,12
12878,1
34024,1
13947,1
22561,1
11606,1
17306,1
13134,7
11228,0
19493,3
11432,3
23542,5
19509,7
32612,7
28631,3
12949,1
18049,3
21870,7
35151,1
24974,3
16164,3
28508,3
11689,7
27968,3
21784,3
35684,16
33061,3
22199,7
26437,7
33922,7
29151,2
11235,12
21468,0
30194,2
34295,0
11245,1
17887,16
36848,16
33136,16
16687,16
11253,5
15510,5
30236,5
25442,5
15606,5
11364,7
36991,2
18724,16
11268,3
22977,7
36145,12
11270,7
29408,12
16648,3
32905,3
36198,3
19398,16
36304,3
29081,7
5499,3
21041,3
14855,3
17344,2
31124,7
8463,3
28173,7
17566,7
24235,7
12617,7
14928,1
28910,1
28919,1
26530,1
33009,1
26551,1
13841,1
23023,1
30287,1
13909,1
17356,1
11632,1
3683,1
21942,1
12054,1
16531,1
13985,1
31768,1
16291,1
17451,1
29236,1
22088,1
19875,1
30589,1
34380,1
14710,1
26438,1
17640,1
27154,1
23607,16
3126,1
20164,1
14487,7
11381,1
34733,1
14244,1
37405,1
19232,1
31535,1
33496,1
22268,1
29906,1
36268,1
27590,1
36352,1
24867,1
22308,1
4424,1
30072,1
25581,1
17246,1
17463,12
11286,5
20787,3
33448,2
19423,2
15103,1
25651,1
28050,1
11855,1
16909,1
33458,1
17914,1
20823,3
13559,3
26164,3
35632,2
11304,5
23009,7
20030,7
11308,3
11309,1
34832,25
11315,2
33636,2
11321,2
31639,7
18355,2
11333,3
11338,1
19108,1
11341,2
11343,7
29313,7
30175,7
11348,5
27715,5
26331,12
11356,5
11359,1
13161,1
28015,16
36037,16
23792,2
11362,0
33403,0
11363,3
11369,16
12588,2
33400,2
27725,1
2648,2
24091,16
30062,2
22525,2
22475,16
16204,2
32807,2
15462,2
6213,2
25194,2
21938,2
36727,2
26068,3
11382,7
16790,7
12211,16
11393,25
11398,1
11400,2
27434,1
22673,1
37695,1
11402,3
36859,16
3167,2
11404,16
25761,3
14053,3
11407,7
28977,2
11411,0
11412,2
33118,16
15818,16
20374,16
24309,16
17392,16
21545,0
11418,2
33221,2
11420,16
24652,5
11431,1
17304,1
26807,2
11443,0
13989,2
11453,3
12313,16
11464,2
11975,1
28120,0
11474,2
11475,0
24487,2
11477,5
22433,3
11481,16
11485,16
28376,4
11492,1
11493,2
11494,22
6858,16
11504,7
11506,16
25452,16
11507,2
20216,1
18972,3
22634,3
26820,25
11512,4
19571,4
17837,4
23887,2
12387,2
11515,7
11518,2
11519,3
11520,10
11521,1
11523,1
1932,2
11532,1
26084,1
35046,3
16269,16
28670,3
11535,2
26941,2
23452,3
11539,0
14236,3
11541,3
19015,2
19044,2
11545,7
11547,7
11549,3
33188,3
11552,1
27126,1
25157,3
29932,16
24069,14
33386,3
13898,3
20065,3
2502,3
12232,3
33065,3
16283,3
11559,7
11560,1
35498,2
26490,6
31477,3
27386,2
11568,2
11569,1
11570,7
2670,2
28900,0
26714,0
34892,7
11743,0
27998,0
16201,3
25533,10
11728,0
1380,0
7404,0
14096,0
16979,0
14782,0
26370,0
28176,7
20015,0
11593,0
8904,2
21759,2
27149,1
1521,2
19523,3
32219,7
11582,1
11583,3
28562,3
11587,16
34130,3
33234,7
9742,7
17085,7
22752,7
8660,7
11589,3
18921,2
29004,2
29930,2
11597,2
7980,1
11600,5
11602,1
11609,5
11610,3
11612,7
11613,5
25719,6
17668,2
13508,6
36641,6
21122,6
11616,7
28661,1
11623,3
14952,3
12350,12
11628,1
11633,3
11636,0
35759,0
12943,1
21896,1
33411,1
35597,1
33055,5
11643,2
15357,4
11650,3
22240,0
12162,3
37016,7
29648,6
11656,3
14591,16
7483,5
26377,5
22451,5
11665,2
11667,7
15889,7
11669,5
11671,16
11673,16
1871,2
11677,5
11678,1
31888,3
11681,12
11687,0
2492,12
14097,7
35216,3
19817,1
11702,8
15157,8
37203,2
14599,7
25910,5
21020,16
21749,5
15163,5
12860,5
15381,7
16102,7
31006,7
26027,2
21804,10
30590,3
24687,2
14992,2
16130,2
31793,2
18190,2
31138,2
16781,2
11711,5
37158,1
11714,2
11716,3
11722,2
16326,3
35210,3
19990,10
16884,5
11727,1
10492,16
36240,16
18548,16
14795,7
30400,1
28702,0
32691,0
11736,7
26612,2
11739,5
27145,5
11740,3
11741,5
13117,3
28656,2
10932,2
11750,3
35490,7
36220,7
29802,3
11758,7
11759,3
11760,3
11766,1
24188,1
36655,2
32801,2
11772,3
23001,3
29469,3
12526,3
12951,3
11777,16
12481,16
11779,7
11780,7
11781,12
26603,2
32423,3
37231,3
21056,3
11785,2
11787,3
13571,12
11788,3
16795,3
21202,3
26040,3
32529,3
22280,2
35820,1
20258,3
13813,7
11798,16
11799,7
27558,1
19630,1
22708,1
33299,1
32366,7
16591,2
26782,19
11808,3
11810,1
13170,3
12250,5
20302,5
22373,10
14030,5
15569,5
13799,5
32164,5
24240,5
13026,5
24933,5
18856,5
21891,5
14201,5
24198,5
37212,5
18583,3
20540,5
33270,3
13701,5
20489,5
14876,16
29796,1
21196,25
19901,25
11821,0
28463,3
11827,1
31689,1
22485,1
27356,1
11829,3
11830,2
11833,3
11839,2
12828,16
26712,1
26017,2
16518,2
32810,10
11845,5
11849,1
32450,4
36929,4
10558,16
237,16
30737,16
17918,25
34131,25
11859,4
26160,16
11862,1
11864,1
11870,7
11874,3
17199,16
16880,5
11879,1
11882,7
11887,2
32958,5
26545,2
11892,1
18886,4
11897,7
11899,5
18931,5
11902,1
37554,7
19607,7
11216,7
34962,7
35795,3
19176,7
36371,2
14906,2
16877,1
25233,16
31067,1
37084,2
12175,2
11919,0
12825,16
13542,25
26269,25
34497,25
33551,3
11923,2
26553,1
11925,7
13736,7
15946,7
21500,7
19318,7
31513,3
15193,7
19056,7
19601,5
11929,5
11931,1
11598,0
37652,0
24674,1
28583,0
32981,3
11945,5
6767,0
34013,2
10395,4
31583,2
4306,2
33633,22
35429,5
32444,1
9463,7
34018,3
12864,3
11972,7
11976,3
18258,1
11985,16
11986,3
18370,2
11990,7
33150,7
13597,0
31989,0
20157,0
11994,3
16234,12
12001,5
12002,25
30925,25
31675,3
31889,3
12012,1
31819,16
37214,25
12015,1
12573,2
12021,2
34076,3
12023,1
26449,5
12026,3
12027,1
12031,3
12032,3
12040,3
30518,3
12043,16
12044,1
12048,2
12458,7
13002,7
12050,0
13187,0
12057,1
35918,1
37636,1
12061,3
12064,3
17557,3
12069,3
33533,2
36778,2
21512,0
12074,3
12713,3
13596,16
33881,5
36141,2
30559,1
22686,2
22954,2
28718,2
21956,2
28218,2
20603,2
20341,2
12919,2
7901,2
12084,1
19672,5
12090,3
1943,0
24865,25
12094,0
21154,0
27361,7
37103,5
12308,7
7220,3
19777,3
34608,3
12112,16
28824,16
29795,2
12116,1
19409,2
21762,5
29202,6
20652,3
12123,3
12125,3
1590,3
23872,5
12129,3
12130,2
26392,2
35672,3
30316,3
37220,1
37291,7
31652,3
23048,1
12821,1
32763,3
23145,16
17421,3
12149,2
12152,1
12153,1
12154,3
17739,3
12155,3
32438,1
36753,0
12160,7
13846,0
9280,1
17857,1
20213,3
26049,5
20641,5
3287,12
12169,1
12172,0
17203,0
4284,5
23448,2
8697,3
12177,2
20872,0
12184,2
36104,1
32336,1
31194,1
12053,3
17819,2
12195,1
19681,2
12199,7
21540,7
28860,3
25968,3
12200,7
12203,2
12204,3
12206,7
29065,1
12208,7
21482,7
9985,5
17250,7
29302,7
15084,16
34329,2
33100,7
23594,7
36038,7
27937,7
21753,7
36807,7
23516,7
12212,3
12217,16
12218,16
12219,3
24380,3
12222,7
12224,16
26610,0
12234,2
29210,2
12236,1
10214,3
21633,3
16676,2
12239,1
12241,3
12242,5
25947,3
36321,3
12244,1
12403,7
293,3
13607,3
13394,3
18465,3
12263,3
12266,2
26214,5
12269,16
14898,1
29134,1
12146,1
2884,7
37002,1
25059,1
4737,1
12696,1
28472,1
12284,1
12286,1
29146,1
15556,3
12298,1
22820,1
34858,7
36294,3
20660,5
19978,3
16841,1
29346,7
26848,3
12302,5
20349,16
12311,1
18107,1
12312,5
12316,7
24604,4
12322,3
12325,3
12328,2
17970,2
12332,2
12333,16
12334,2
16945,1
22597,2
26983,3
15932,2
12739,2
25412,2
12338,1
22287,16
24374,16
16394,16
24407,2
37413,2
24540,7
12344,2
31634,1
12769,3
25420,25
2181,2
12352,3
33440,5
23464,3
13267,2
12890,1
29235,16
29662,7
33194,7
12357,5
12361,25
21580,7
15877,7
23824,7
4352,7
37183,7
25466,7
26747,2
31496,1
16280,1
12185,1
12372,12
12373,2
21835,1
33530,7
12377,2
12385,16
29908,20
19965,7
22320,1
32681,1
35465,2
12394,1
12395,1
31750,7
29285,2
30983,7
28466,7
33142,7
12397,3
15721,3
12398,0
12399,2
20223,3
15624,1
13536,2
30391,2
17610,2
12406,2
12409,24
12412,7
19130,7
12415,2
12418,1
8123,0
12422,3
30058,3
12428,3
12430,16
32375,3
12439,16
12447,3
35312,8
33365,8
29016,5
20779,5
12454,3
12595,1
27686,1
31055,16
34106,2
22737,1
33703,1
20463,1
12463,7
12464,2
33205,2
28361,7
14480,0
14671,0
24023,2
12485,27
37334,27
23141,16
15967,7
14893,2
19281,2
3856,2
20429,2
31826,2
36999,2
24358,2
12489,1
33607,16
24682,3
15020,1
27096,1
32110,1
20906,1
18717,1
36197,1
33331,1
17386,1
25956,1
18098,16
24505,1
15051,1
30517,1
22804,1
8882,1
32522,1
23208,1
22055,1
30037,1
22627,7
29848,7
14016,2
17623,2
16571,3
32744,7
26366,5
14850,5
29654,7
12516,2
18289,5
29777,1
12522,3
31383,12
36429,3
12529,1
12531,10
14362,2
12533,3
17950,7
14041,7
29686,3
15809,3
21011,3
31847,25
20396,2
12558,3
12560,2
12563,12
12565,3
12578,1
12580,1
10619,3
12584,2
26465,0
12587,2
13993,3
12598,3
22166,3
16732,3
12603,7
22543,7
29314,1
12607,3
12609,10
17382,7
25148,5
18992,2
12615,1
12616,2
12749,2
34277,2
17586,2
7063,2
13139,2
17904,2
12622,2
37073,3
34211,1
8755,5
6352,5
12624,5
18777,7
12629,1
12633,3
25000,6
36153,3
12636,5
12637,3
21359,5
12640,1
28136,3
30504,7
28467,5
28561,3
25135,5
33119,5
15247,16
12663,3
12664,3
27417,5
7309,16
33510,7
36395,1
12680,2
17031,2
22754,3
9512,3
24258,2
12685,1
13012,16
12689,2
12694,3
31371,3
12705,2
30856,2
16520,2
16891,3
26346,2
12715,2
12716,3
12719,3
16373,17
12730,10
37408,7
18243,3
12747,3
12750,7
35814,12
32682,3
23753,16
12756,3
22741,7
21572,16
27909,3
12763,0
28026,0
12765,1
12771,7
12774,1
18579,5
3243,3
12783,16
21039,2
12790,2
19811,3
28374,16
12799,16
12804,6
28126,6
23557,7
12808,2
12811,3
31533,3
30503,3
35256,3
30550,16
35585,16
12818,7
26748,3
27203,3
31735,3
12822,1
12837,4
19865,0
31670,0
30198,16
36591,3
20821,2
12845,2
17427,3
23275,1
16659,2
12850,1
12853,3
27921,5
33494,5
15524,5
12855,1
3462,3
33454,2
15418,2
12503,1
21184,3
12865,7
20371,10
12871,1
12873,1
25653,3
29163,7
12879,2
12882,3
27489,2
25280,0
12888,3
35524,3
16198,25
30986,1
17387,2
12905,0
36356,7
12910,2
27035,2
12915,2
12916,16
21971,1
34550,3
12925,7
32306,1
32792,0
33294,1
12945,2
29099,5
14530,7
12948,3
12952,3
18513,3
12953,1
12960,2
12964,7
14852,2
31424,7
24062,5
36159,16
18865,3
24368,7
29658,5
31970,3
12972,3
33302,16
32954,2
28035,2
22740,2
20590,2
21282,2
18311,2
834,2
29292,1
12979,12
12980,1
12981,7
12987,3
12989,16
12990,1
12991,1
19313,1
12993,3
14713,10
22921,3
12998,7
9845,3
13000,7
13004,2
13008,2
30179,5
23849,3
13017,1
31150,5
13025,2
24831,3
13290,3
11816,1
13029,5
24619,1
31857,3
32826,1
13014,1
13035,2
13040,5
13041,2
16256,2
26470,10
20498,2
34912,2
13050,10
11171,7
31144,6
14996,7
8809,0
34061,3
26633,0
31609,0
7565,25
17423,16
3482,2
36702,3
9927,3
26751,0
13073,2
13075,16
47,16
20484,1
31413,1
13088,16
13089,7
16370,25
13093,7
13094,2
6410,2
13095,3
22947,8
26546,5
15304,5
13103,5
30846,5
13105,7
13111,3
23896,7
13115,7
13118,1
18797,1
23994,2
34711,1
22219,2
13123,3
13125,6
13127,3
13128,1
17303,1
24176,7
17310,5
33759,5
13138,1
25363,2
20257,16
13148,1
13150,1
37211,40
18832,7
27611,2
15000,2
14810,2
13174,2
20762,5
13179,3
13180,2
24093,3
16005,5
17504,5
13182,2
23745,0
13190,3
37190,3
28757,3
25338,3
23226,3
37394,2
19921,2
13196,1
21068,2
25794,2
26171,2
17214,2
34544,2
27080,2
32348,4
18019,2
16792,2
32265,3
13203,0
33349,3
13206,3
22273,3
13207,5
32096,3
13216,3
13220,1
13222,1
8038,1
34391,3
13227,2
32153,3
26780,14
13232,0
13240,4
13242,5
13246,7
13254,2
7609,2
17905,3
30229,7
30195,3
13260,3
30838,1
15031,1
14446,1
18073,1
29003,1
26016,1
14794,1
20306,1
27405,1
15804,1
25035,1
20939,1
25355,1
10770,1
30566,1
22800,1
29297,2
22143,2
24527,7
13276,2
20133,2
13282,7
19569,3
33879,1
29998,5
32504,3
13285,2
19590,2
30095,3
29318,12
35606,26
24680,16
32377,7
19135,5
13298,16
20870,16
13300,1
19492,1
19438,2
13305,16
9131,2
21999,1
13314,4
13319,1
13417,1
10064,1
13320,5
31312,5
13321,1
17569,2
13323,7
33373,1
13330,7
21591,2
36696,3
3159,0
13345,5
21091,5
36585,5
13350,2
31470,1
27889,0
16065,3
32975,3
35169,3
29542,3
23006,3
13390,7
17407,2
31175,3
13369,3
13372,2
13374,2
31578,3
30412,1
13380,3
13382,2
13384,2
35592,16
34324,2
13386,1
36422,16
18859,16
23974,3
13392,1
37595,7
13398,2
18842,4
13404,2
32840,0
34554,2
31257,2
13412,2
10422,2
31568,2
20570,2
13688,2
28516,2
13415,1
22258,3
13423,2
3863,2
37237,4
13434,14
13436,7
7324,2
585,2
37552,2
34434,3
3805,12
16100,12
26857,1
13462,3
13465,1
13469,16
20543,3
18041,7
13476,7
3330,10
13483,3
13494,4
29957,4
14333,16
13510,1
13515,3
13517,7
16886,1
21131,0
35602,2
35084,2
23496,16
33406,1
13532,7
13533,0
21941,16
20875,2
28152,3
17693,1
23011,5
35736,2
36195,16
13420,16
33413,16
13556,4
13557,5
36878,0
13561,2
27490,3
18735,5
13570,10
34389,1
35881,4
13577,2
13578,3
2563,3
19578,2
30390,5
13583,1
24323,1
13588,3
936,7
13591,3
13592,1
13593,5
14569,3
3095,3
16466,2
13600,3
13601,1
13603,2
35582,2
13610,5
13611,1
13612,3
29371,3
13614,16
13617,10
26761,16
14620,16
13620,1
36942,1
15196,5
23079,2
26850,3
31694,3
13627,3
13725,2
18652,3
14033,5
13636,25
25160,25
18366,3
20604,1
27734,3
14118,1
25349,3
18460,3
13885,3
35304,3
13895,1
13950,3
27462,3
23154,5
23180,0
16295,3
28459,5
32933,3
31840,1
24945,3
18733,3
35029,1
396,3
35631,3
11888,3
25753,12
33290,7
28171,3
25795,3
23462,16
30677,3
12511,3
16,3
25872,3
7590,7
28293,1
25894,3
23562,1
30619,2
18778,3
16454,3
21261,7
21264,3
16794,3
30923,3
5438,16
19142,3
33306,5
14146,7
19173,5
18383,3
15056,3
36931,1
23851,0
16944,3
16971,3
14779,1
14780,16
19653,16
18167,3
31258,3
26407,3
33792,3
14840,3
29792,3
28827,3
19471,1
734,3
17150,3
21730,0
36436,3
7978,3
24135,3
24144,3
12471,3
30574,0
21830,1
19602,1
17862,3
29033,5
36609,3
17353,3
34057,3
24325,3
15839,3
15188,3
20130,3
15150,3
3559,3
20456,3
17358,3
34240,2
24245,3
13660,3
15336,3
25988,3
22156,3
27950,3
36189,3
17696,2
22243,7
2062,3
34452,7
26864,1
17820,2
34401,7
27835,3
12647,3
22409,1
15581,3
29624,16
13659,3
9196,2
14172,1
33521,3
22512,1
30445,3
18015,3
34843,5
29728,3
36273,3
20285,3
24966,3
32314,3
599,3
15813,3
32247,3
31289,3
20372,3
27448,1
11224,7
30541,1
20405,3
21708,3
21861,3
31532,3
27524,1
34436,16
10871,3
18342,14
35103,3
27645,16
31739,5
4289,1
13652,3
26663,2
530,5
21503,7
14836,1
24064,1
13657,10
23666,2
34658,2
34236,0
18310,1
35846,2
30014,3
36387,3
12557,3
26057,3
31113,2
14320,0
35285,3
13666,1
22809,18
32359,18
13674,7
13678,1
13679,5
13681,2
24025,0
17040,2
32680,3
27351,14
15413,3
26876,7
36936,2
17049,2
13690,0
13691,16
29518,4
37074,4
30967,4
13702,7
17268,2
14190,2
21237,7
13914,7
37168,3
22839,7
25094,0
16606,5
33579,3
37257,0
29048,16
13721,16
26855,16
14562,2
13727,2
19612,1
17624,16
29060,16
13732,3
13733,10
25321,16
20003,2
13742,10
35430,10
37148,2
13745,3
18138,7
13750,3
30593,1
17856,1
36919,7
14951,1
20042,2
12145,0
34557,0
13771,3
16197,3
15277,7
16685,7
13990,7
20293,7
35140,7
15064,2
16991,2
23520,2
34700,2
13806,1
13808,14
26181,7
24267,3
13826,7
13828,7
33226,1
33464,2
13839,14
13843,16
35690,5
26896,10
29639,16
13849,3
13850,2
21260,14
13854,5
20355,3
21353,7
23546,3
14860,3
25103,0
13858,2
6904,2
13859,1
32795,2
13869,2
13871,40
14548,2
34938,16
15588,1
13878,7
17977,2
36431,12
13884,16
13886,3
13889,1
31753,1
17026,1
32846,2
18184,3
13996,2
31527,2
13900,3
22956,2
23797,7
13915,2
13916,7
13917,19
32665,1
13921,16
13925,1
13927,16
26367,0
13945,5
13949,21
34975,21
13951,1
27795,7
29410,3
28952,1
13957,2
20360,2
13964,1
30637,1
37036,7
33783,3
13968,7
13970,1
13971,1
16595,1
13977,10
13031,2
20634,3
36633,25
37232,25
13987,3
13988,1
26925,7
23581,25
14990,2
26926,16
20710,1
31083,0
34886,1
15999,1
16017,1
28550,16
33126,0
34296,5
14000,16
18565,1
26126,16
14004,7
33582,3
24978,2
37420,2
14013,7
26931,16
26932,7
21842,7
15179,5
23076,5
19380,3
14028,2
19929,5
28854,5
30128,0
24360,5
16225,2
34688,1
36871,2
14055,2
24263,16
14058,1
14061,7
37017,7
21063,3
14071,5
24219,2
32231,4
18806,2
14081,7
30351,1
31349,3
29625,7
14088,7
14089,7
21478,7
15408,7
23720,3
18552,1
22155,1
14102,14
23223,3
33674,3
27938,1
14107,3
21137,16
34141,16
14116,16
14117,5
20656,1
14119,3
14122,7
30521,1
9546,1
24899,16
24845,16
36841,16
36270,14
14130,5
18367,5
14135,3
28775,2
17333,2
14139,1
26885,2
33519,10
14145,16
13473,1
19771,1
14147,2
15987,19
15996,3
33753,2
14153,3
14156,16
29370,3
14256,3
14162,1
14165,10
14166,2
14167,16
20600,1
36170,2
28658,2
14174,5
21455,1
8152,1
37388,1
32041,19
32938,1
29588,1
14181,1
16153,3
14184,5
32241,16
22871,2
32469,2
28129,1
14196,16
11291,3
28818,0
23125,5
9844,2
23305,5
14211,1
18299,3
10225,3
14220,2
14221,7
14222,1
20673,2
14233,16
17766,16
14598,3
32635,3
14238,3
20718,3
35880,2
14241,3
35143,5
21765,3
21918,7
31489,3
21910,7
18645,7
24399,1
24429,0
29963,7
30770,7
829,7
9649,1
30700,7
27092,7
21856,7
26561,1
24728,3
17845,7
32067,7
16720,7
20154,7
20169,16
16758,7
19666,7
22905,5
15981,7
27303,7
23659,7
23859,0
36218,7
27487,7
21563,3
39,7
33534,7
21677,7
26439,1
36245,16
34218,10
34634,1
36175,0
14248,1
16509,0
15339,16
29915,7
14253,16
14257,5
14267,7
12723,16
22704,16
14271,7
6838,2
24239,2
14278,2
27945,25
14280,7
27410,1
37364,2
14294,1
17910,1
26976,3
15349,5
23380,3
18991,5
24992,2
37585,1
37037,7
37671,2
19740,1
14308,0
14311,2
14313,2
26323,2
15668,2
26981,3
21866,5
14323,3
22072,2
22799,2
14327,7
14328,7
35445,3
14330,3
37113,3
34333,3
29298,1
14335,1
21661,5
19790,5
14339,3
19317,1
14342,2
14343,2
14344,1
14345,5
21055,5
23770,3
30588,3
32323,1
5511,2
4097,1
14355,3
29273,1
14358,7
25471,7
23146,7
25008,2
14369,7
32601,2
31026,3
37133,1
36752,7
22773,3
18955,3
14387,1
19700,2
28455,2
14396,4
14397,3
32621,1
32673,0
18510,1
33097,1
35189,1
24985,1
21027,1
31458,1
36308,1
28196,1
19190,1
25800,1
14403,3
37033,2
14407,1
14411,25
36351,7
21995,7
34936,5
20885,10
32629,10
33555,10
36805,5
32969,10
16789,10
10468,10
2053,10
3406,10
21528,3
15392,3
24004,3
15365,25
14426,5
14431,3
14432,3
29386,5
14440,1
27802,16
14444,2
14447,10
14450,3
25718,2
14454,16
30545,16
28437,16
14455,7
14656,2
33908,2
29022,2
14465,1
26986,0
14471,2
32920,3
27219,25
15276,7
34439,2
14491,1
14497,7
14504,4
14506,2
15310,1
692,16
14512,2
14513,3
14521,16
14523,1
25208,1
20800,2
29129,2
29230,16
14538,5
29400,1
19132,1
14549,5
27266,2
13525,10
17313,10
14556,2
33707,16
32699,16
25673,7
31906,2
33595,2
14567,7
14570,2
36939,2
28800,16
37205,16
14574,1
14575,1
12100,6
18081,3
23289,7
14582,1
37235,2
27018,7
14588,1
27019,1
27020,2
23185,4
14605,1
19944,16
14607,7
30527,25
29372,25
23784,25
31080,25
27200,3
24247,1
17524,7
16203,7
14622,5
14623,3
14627,7
14628,2
19350,7
22835,2
29437,7
14632,3
14633,25
36490,5
14646,7
18010,1
23361,1
31936,8
36202,1
14889,19
14659,1
14663,1
35778,3
37425,5
28441,5
19406,5
30295,5
14989,8
25247,5
26750,5
33695,5
17509,7
31403,7
32385,7
27572,7
30804,0
14672,7
14675,16
14681,1
6622,1
27935,1
14687,2
14689,2
28865,16
14695,3
27528,2
14697,7
29621,16
14704,1
14705,1
14709,0
19101,0
13948,4
29192,1
14717,5
23655,5
14718,1
23794,1
22181,3
29554,3
14732,1
34223,3
14742,3
17692,1
33621,25
14747,4
14748,16
22309,16
26408,16
18898,1
29550,16
33036,16
14753,16
36789,1
14756,2
14758,5
14762,2
27810,2
8521,7
16505,2
7397,7
14775,10
29627,1
14778,16
14781,1
18784,1
23900,2
14792,5
23600,4
18013,4
16537,4
14802,1
14804,7
15515,4
21456,4
31007,4
23827,4
932,7
25099,2
14811,16
14812,5
24174,7
32408,2
14819,2
37143,2
14826,7
19473,1
17599,1
3184,1
32006,2
22468,1
37698,0
4727,0
14834,1
20381,16
30129,2
14841,2
33178,1
32403,1
14849,3
14851,7
36014,1
16356,1
20776,1
35505,10
36167,0
14868,16
16459,16
14874,16
15637,1
29159,2
1908,7
35495,1
20298,1
14883,5
14887,16
14899,1
23568,1
14903,5
17129,2
33005,2
14911,5
14916,3
14917,25
29171,25
11259,25
19186,3
25275,7
29483,3
17901,3
21136,1
32086,16
28788,3
29264,3
30071,3
37306,3
14943,1
14953,1
22913,2
20605,2
20611,2
16078,5
19545,2
33086,2
36513,2
14985,2
33332,2
16999,16
21720,2
28157,2
25491,2
35367,2
17416,2
26760,2
21389,2
29169,2
2935,2
19779,2
26912,2
21082,2
35694,2
23505,2
37068,2
15464,2
16446,2
29545,2
16684,2
21258,2
16334,2
22411,2
25966,2
34779,2
17915,2
17916,2
28416,2
26029,2
15229,16
19095,2
29702,2
24897,2
15739,2
33700,2
15792,2
28537,2
19214,2
26212,2
36168,2
18143,4
15821,2
19282,2
32804,2
31132,2
23950,2
24179,2
17895,2
33285,2
37276,2
27317,2
20556,2
35416,2
27665,2
19482,2
19511,5
30100,2
28473,2
22537,2
28090,7
16300,7
33800,16
18508,1
36622,2
35883,16
26509,2
18907,5
14998,2
37373,3
20991,7
35931,2
36792,7
15008,3
15011,16
14657,16
5277,3
24502,3
15032,1
27263,1
15033,15
15039,1
19068,3
25890,2
23486,7
17868,7
30662,7
34048,5
15043,2
26536,5
16872,16
15053,2
15057,2
34780,2
15059,1
15063,1
15070,2
29972,12
15075,3
15076,25
23743,1
22474,1
14734,7
35699,3
15087,2
26098,3
15091,3
22943,25
34830,2
26676,2
31952,2
21350,5
33384,2
26412,1
23762,3
35323,3
15111,5
28762,7
24090,1
27264,3
26283,7
21168,1
22338,1
1872,1
27787,1
24122,5
33934,7
20343,7
19032,12
26350,2
23930,2
28540,3
15127,2
8653,25
35006,3
15132,1
27676,2
25287,2
19900,2
17628,2
21850,2
37693,1
33541,2
15135,2
15136,1
26588,1
10679,4
18157,7
24961,1
23548,2
22486,1
24597,1
35475,2
27285,3
33728,7
28085,7
29644,12
15165,25
17584,18
26792,2
15604,3
25827,0
15455,5
33997,3
15186,2
15190,25
30777,3
29826,0
35384,5
15202,2
22124,2
15205,3
15210,16
15213,3
31640,2
17378,5
17902,2
26059,2
21521,3
17679,2
15231,25
15233,1
15234,2
23819,3
19348,5
17969,5
13920,5
23514,5
15242,2
17570,6
15250,7
15253,1
24886,1
15264,16
32622,1
15271,4
15279,7
15280,7
15282,2
20771,2
15285,1
20152,2
15301,3
28357,7
29694,16
15309,1
30416,3
25037,16
19060,3
29766,5
5385,2
24570,7
17846,2
30695,2
16510,5
15329,1
15330,3
24887,2
21426,2
24330,3
26066,3
15334,5
24794,0
37646,1
15345,2
15346,7
15347,2
36138,2
15350,7
25768,2
33490,3
30585,3
15360,7
16471,7
13852,14
20240,5
21110,3
24457,3
15373,7
15374,0
34357,2
483,2
16435,3
6270,2
37633,2
36366,2
1438,2
24066,2
24703,5
37040,2
15391,2
15398,3
15402,7
15404,1
29722,3
24143,3
1817,3
2195,3
18767,3
33282,3
22980,16
32816,3
26382,3
7369,3
35434,3
17737,3
22711,3
27157,0
20418,0
34704,3
10608,5
21115,5
28265,2
28469,5
35200,5
22161,16
15430,1
15431,1
18633,1
15439,4
25979,2
20464,0
15441,16
15583,1
15452,16
15459,3
14547,1
26935,1
18545,1
15461,2
30110,5
24126,10
24533,7
15471,3
16913,3
15476,0
17281,0
28031,3
15482,7
17728,7
15483,2
37122,7
16924,3
15493,3
15494,2
21567,16
20891,16
21189,3
33133,2
19661,2
15758,2
15497,1
36762,0
26157,0
24328,1
15508,7
15509,2
23480,2
15512,7
31679,7
15513,7
32300,16
22972,2
15676,3
29461,1
15521,25
6508,14
34656,3
22018,2
35016,3
1733,5
24960,12
21151,25
15527,7
20843,7
37684,7
30473,2
15534,3
15538,7
31657,7
19632,5
8642,1
19976,25
12196,3
15562,5
7444,3
20522,3
31726,1
31654,2
15575,2
35346,3
29747,1
17301,1
15584,25
15595,3
25484,3
26226,16
26277,7
17882,7
15600,16
37172,3
23245,2
29799,2
21341,2
15610,2
19035,3
23418,2
28613,3
29928,3
17971,3
34976,7
26197,7
24849,0
33499,3
20432,1
21180,2
34406,3
15648,3
15649,2
27710,7
32190,7
36068,2
25668,2
28412,3
15662,1
34379,6
12722,6
27347,6
35792,6
25030,1
15670,4
37386,3
36315,25
15690,7
15691,7
15693,1
15697,1
25020,1
15701,7
36523,3
3377,2
23238,2
20847,2
33351,3
27454,1
15710,2
20896,1
34105,1
15723,2
15724,2
25765,2
15730,16
21042,3
14240,2
15747,3
3112,2
34612,12
19739,3
15753,7
15759,3
32960,3
20916,3
15765,5
15766,6
10205,6
15767,7
37615,7
33656,3
18468,7
21997,16
32268,16
27523,12
15776,3
24046,3
15785,2
15786,1
21384,2
15798,7
2661,3
27226,7
10141,16
27292,7
15810,0
23172,1
28141,7
20006,7
15823,25
35507,10
15835,5
16589,5
15840,1
21682,37
20494,37
23611,37
11809,1
32817,2
27107,1
26149,2
15866,3
36711,2
15868,6
15872,2
33826,1
15890,7
15895,5
23078,25
15900,2
28573,5
35066,3
26602,1
15910,16
15912,2
23769,1
865,1
19042,7
23244,2
20943,1
24026,2
17491,2
25317,2
15930,1
35720,1
15931,1
15937,1
21538,5
34683,2
15953,16
15960,5
23719,3
29600,2
23503,2
31747,1
15833,16
15978,5
30144,7
30159,7
15983,3
22034,1
15989,16
36664,16
19705,2
26781,0
27544,3
32976,1
30831,7
29849,5
31295,1
34351,5
16007,2
16010,1
16015,7
16026,1
34841,3
16031,5
21782,3
17678,1
36705,7
35098,5
19169,25
23075,3
16051,7
25605,1
37612,7
16062,3
14900,1
16069,7
16070,2
16071,2
20680,2
16075,3
37626,2
16083,3
30605,1
4666,1
16085,3
37332,3
33868,2
33733,7
24690,1
16099,1
16111,5
25369,2
16123,3
16121,1
31049,5
30748,0
36798,7
18321,1
16134,1
30623,1
20980,5
30191,1
16142,1
22448,3
35969,0
17070,2
15714,2
32364,7
16170,7
16173,1
33977,3
35035,1
37163,3
16180,3
28353,1
27156,4
16186,3
33151,5
22150,3
16196,1
20609,25
33509,25
16199,3
16200,3
16202,3
27466,2
19449,1
16207,3
30324,1
34444,5
20995,1
16217,2
16220,1
16228,1
21316,4
25788,2
32486,2
16233,3
16238,2
25126,1
16248,1
27782,5
20104,16
16252,5
36822,3
16255,4
5709,4
16258,10
16277,7
16266,3
16267,7
16274,5
16279,3
16281,1
19780,3
16292,3
15432,3
19952,1
16298,1
36152,1
16299,1
28566,7
20539,12
16309,2
16311,7
16316,7
16317,2
20937,3
21982,3
25868,3
20194,3
16324,7
19562,3
16331,16
27324,1
16339,3
37166,1
29787,16
16349,7
17092,1
16352,2
27630,3
16358,16
19542,7
6725,16
23404,2
29752,7
16369,7
16188,2
16374,12
16384,1
16386,3
21021,16
35697,3
16391,2
14958,3
16408,16
36327,1
26937,3
6439,5
36892,7
29261,1
36663,3
16421,3
16425,0
2374,0
21809,3
16429,3
36476,1
33321,2
22590,2
16437,5
31751,5
16438,3
16440,2
16448,5
16450,1
29864,2
27241,2
16461,3
5540,3
16467,1
2132,3
16474,16
16479,2
16481,1
16491,2
20848,16
16512,1
18862,7
16525,3
32650,3
16532,7
16533,1
16542,3
16544,16
21051,2
23736,7
16553,25
24394,25
16558,2
24629,1
33919,3
16573,16
16576,7
16577,0
34969,2
23445,2
29076,2
16586,3
16592,3
16594,7
16596,8
20819,1
16601,0
26922,1
16604,16
31147,12
21486,5
26917,3
16625,1
16628,16
17967,2
24915,1
33870,2
23130,2
36050,2
17760,1
17479,2
24823,2
28867,2
1487,2
24464,2
34156,2
32435,2
18855,2
24613,2
17110,2
28190,2
16645,1
16650,25
28243,7
16655,2
16657,4
34920,0
20633,3
19796,2
16667,7
16673,2
25241,7
34091,7
25784,7
16688,16
32971,15
16693,7
16135,1
16697,1
16704,1
16710,7
16713,7
16717,1
30977,7
29532,7
22070,7
29657,7
2418,7
17061,7
22550,7
35167,7
21080,2
24287,2
16728,2
27393,7
33254,2
32970,3
16744,16
16756,5
33312,1
22828,3
16762,16
31944,3
16771,5
16775,3
26106,25
17864,7
37479,3
16784,7
37574,16
33475,3
30875,7
25344,16
24940,6
35776,6
16796,2
749,10
16802,2
34968,2
18099,2
35176,5
16928,1
16815,1
36963,1
27942,16
16819,1
16820,3
31056,25
6441,25
16822,5
25596,3
16828,2
16830,12
16831,1
34174,1
16834,1
19230,2
16840,1
32209,2
34660,5
28028,0
23806,0
36346,5
16855,2
21981,2
16861,1
37383,7
16863,7
16866,25
21656,5
9530,7
34087,2
35648,2
16883,1
16887,12
27420,16
29846,16
32992,7
35727,2
16899,2
16900,2
16906,1
14692,7
16914,8
16934,1
19183,7
16937,5
21328,3
19598,2
16956,7
16960,1
16965,7
16966,1
16967,3
15221,2
16970,16
27684,3
21695,3
16983,3
16984,0
22689,3
27197,7
32563,0
16989,1
23224,2
29921,2
20536,2
16993,1
16998,3
34986,16
17000,2
13355,2
37545,16
35963,7
33145,7
29448,7
19759,5
19592,1
32223,25
17015,1
18516,7
32466,1
17018,10
17023,7
33025,1
20902,1
17028,7
6692,7
17035,16
18334,7
17036,1
26154,2
24359,2
17041,16
17042,12
17046,7
29005,3
10645,2
37459,1
17051,1
29594,0
20487,1
17067,2
34835,16
17077,7
25981,2
17081,3
17082,2
7939,1
17096,7
31173,25
31805,2
25590,3
25191,2
23173,2
29445,7
6001,2
34041,3
28608,2
21399,7
25410,2
17125,10
1108,10
15097,7
22136,1
27307,2
20567,2
17144,5
24962,0
35377,0
17160,2
17175,4
17178,2
35536,7
17445,7
17189,7
37297,3
18576,3
24168,3
36877,5
17206,7
17208,15
29978,5
17223,2
17225,3
28500,2
35372,3
27484,1
27616,4
36216,4
30240,4
34933,10
17240,3
17241,1
36338,1
17243,5
37098,0
24797,12
17263,1
36309,2
28780,1
17266,16
21722,3
37582,3
17269,7
31273,5
17273,16
17274,4
30066,4
17278,7
14415,0
32221,2
21686,2
22991,1
17299,1
36479,2
20500,1
20411,14
19251,14
21466,7
29817,1
17490,3
23709,5
20144,2
2306,19
35206,2
30355,16
28208,16
35993,2
19931,2
30228,2
33446,2
6260,2
19487,2
3262,1
8246,1
23553,1
17340,3
14401,7
21188,2
36932,3
17363,1
27507,1
17374,2
9416,2
23394,2
1425,3
34645,3
22986,3
37399,2
32968,2
28315,2
29256,2
26079,2
24495,2
398,2
29270,2
17396,18
17398,5
17399,3
27957,7
27569,7
12105,2
30482,7
17426,3
17431,5
17434,3
17439,3
24780,3
17959,7
17447,1
17457,1
31704,2
35336,25
21209,7
31686,7
11461,7
33670,0
17475,1
36557,2
17487,2
28284,3
3574,3
17495,1
17498,16
26250,16
17500,7
17505,1
35617,1
17510,1
17519,1
17520,7
35459,16
20643,7
29869,3
17535,3
29211,39
34090,39
30820,2
17541,2
17548,1
34117,7
17556,5
17559,0
15162,16
23613,16
30880,3
17567,7
19357,1
27914,3
29153,3
25530,3
30124,7
22009,1
16920,2
17588,5
34880,7
11811,5
22105,5
17602,2
17609,7
26631,7
17614,3
36489,2
37091,5
17629,3
33474,3
15155,9
23572,9
27098,5
11735,5
17642,7
20827,1
23622,1
28548,7
18773,16
13496,25
19654,25
29761,25
12667,25
31763,25
17721,25
17650,3
34923,2
8434,2
17659,7
20008,2
17670,1
17674,2
29735,3
17686,7
17688,2
17690,1
17691,16
29707,5
19863,1
17709,5
21246,1
20497,5
23573,7
24079,12
17724,1
22909,7
28228,1
21939,3
36565,1
36312,2
31492,3
30698,5
26128,5
17746,1
21014,7
17751,16
34273,2
27561,1
33650,16
22078,0
24036,7
5625,25
25300,3
32541,3
21696,3
32255,1
34790,14
20190,16
32544,16
17789,5
28281,2
21783,2
10448,2
11323,2
31245,4
5325,2
21962,2
17794,7
17798,7
17800,3
17803,1
29966,3
20471,5
30135,21
17839,3
928,2
17849,5
33858,0
24832,16
31612,0
17855,3
27697,2
17867,25
21190,2
29450,2
33049,2
26787,7
18505,1
35884,12
35679,1
17880,16
17890,5
17892,1
24005,1
22324,2
31490,5
24500,3
17896,7
17898,3
20023,16
17925,3
17927,16
4760,7
22822,1
32021,1
1820,3
17948,2
29345,4
23029,4
25877,25
2061,25
21064,25
17955,2
19872,7
31593,2
17963,2
10200,3
17968,16
26187,25
33148,2
20705,1
17986,0
22117,5
26744,16
33484,0
17997,5
27109,1
18004,3
18006,5
18016,0
8479,1
18023,4
19552,3
36677,7
26909,1
26756,3
14495,1
18911,2
36970,2
34270,2
20924,2
24296,2
30224,2
18036,7
23330,3
18045,2
18051,7
18055,7
18057,16
32711,2
34151,2
20238,3
29524,0
30911,0
18088,2
18090,1
18093,2
18101,5
21465,5
36155,2
18105,3
18113,16
37295,3
21076,2
4776,1
26882,2
37176,1
35041,1
22923,2
18132,3
25462,3
18141,3
32130,3
36897,2
36040,1
21706,1
18152,3
33059,7
20021,7
35418,7
18159,1
28899,23
18181,2
18182,3
27041,3
20935,7
30940,5
23186,3
18208,25
18210,3
11652,0
18217,0
18220,1
18223,1
18224,16
18225,2
18226,1
36073,1
26620,21
32073,1
18245,0
22437,0
18249,2
18250,1
18252,5
18257,5
33092,3
34239,8
37051,5
18273,16
18275,10
34245,3
18281,0
18284,3
18293,3
33079,16
25131,1
18302,7
18316,7
18323,0
18325,1
18333,2
29039,2
32709,2
32162,0
22432,14
20973,2
18356,5
18358,1
34258,3
22421,7
15498,12
18368,16
18372,7
30841,5
28546,1
34263,5
35440,4
18382,3
18389,5
18396,2
25807,7
35192,1
32547,7
36313,7
28216,7
23979,1
18419,2
402,7
30258,3
5415,3
3326,3
18434,16
18441,2
35255,7
32127,7
20741,10
29431,7
27687,5
20560,5
31101,8
20965,7
18457,7
15317,2
34340,2
19714,2
18463,3
18467,4
36617,7
18490,3
34471,1
27083,1
18494,1
18497,7
18501,5
18502,25
18506,3
27582,3
20599,5
34501,5
36355,25
18525,7
18529,2
18530,1
30718,2
28793,2
33662,2
18539,3
18798,1
22555,2
18556,7
20715,3
33905,7
19171,7
18570,7
28233,7
18581,1
27785,5
27943,3
18596,4
25720,16
23882,10
1447,1
18603,2
28229,2
26299,2
18616,16
18627,3
18630,2
26091,2
26347,2
24165,1
24172,1
27127,1
22416,1
28345,1
24163,16
21366,1
13956,1
19239,9
22012,1
22611,1
5459,1
29237,1
33668,1
23355,1
33153,1
23482,1
28926,1
18639,3
28068,7
36461,3
22363,3
30107,3
21949,3
26117,7
26161,2
19293,16
23070,3
28764,5
18646,7
27765,3
18648,3
11620,7
27006,3
22784,0
29872,0
18664,16
31537,2
20115,0
25803,5
19547,2
36075,1
20457,3
189,3
32588,2
5856,7
28968,7
18691,1
18698,25
32636,2
18702,1
18703,1
15353,5
18716,16
30702,3
2174,5
18740,1
33641,2
27733,16
18759,1
26481,2
22403,3
18764,4
23608,1
24123,7
18779,5
18782,3
17055,16
18783,1
33745,5
24626,2
18791,7
9273,5
37487,7
18816,25
19442,14
6807,16
22082,3
29494,1
2841,3
18839,2
18843,0
34047,2
19807,2
18858,3
18864,7
20235,3
21680,3
31573,1
3866,7
29965,16
18880,3
18900,1
18901,1
19505,0
18904,2
9215,2
18906,7
31557,5
3332,3
18919,3
20738,7
18922,3
18923,3
28980,3
18924,1
27599,1
22992,2
32932,3
18933,3
18934,16
18938,1
36147,3
25897,7
26622,1
24741,16
18961,1
25460,3
20032,0
33258,2
22224,2
6426,4
22431,3
18986,7
18987,7
23116,5
33889,5
28462,5
26522,5
9204,3
18999,2
15397,4
23159,4
3919,2
19009,3
19010,0
11916,16
30558,2
24378,3
14760,2
21742,2
19030,1
31457,2
7224,3
9211,7
20228,7
23007,3
26452,7
30995,2
19066,16
19077,3
27061,3
34405,2
24760,7
25954,7
31708,1
22129,16
35796,12
37071,16
26030,2
19122,3
19123,7
19124,2
22380,2
19129,2
5228,2
30703,2
19136,3
19139,3
4790,2
19141,16
19143,7
34419,3
4849,3
32713,3
33775,1
29227,0
14245,5
5016,1
34753,7
19178,5
27812,2
19194,2
5171,0
5193,7
31545,16
35022,3
9294,7
22936,7
32651,7
23034,7
23049,7
32749,7
16333,7
9480,7
33576,7
23689,7
36657,7
32742,5
28012,7
30865,7
22208,16
27811,7
23952,7
24063,25
6857,7
24100,7
33878,7
22319,7
19532,16
33909,7
28938,7
29148,16
19746,7
29170,7
27927,7
19877,3
24750,7
28056,3
36353,3
19943,7
19980,7
24637,7
29500,7
10875,7
29519,5
30456,7
20332,7
29245,2
20406,7
25111,7
21549,7
20615,7
34071,1
37699,3
2313,7
33865,7
30345,3
6070,7
33071,5
25545,7
25571,5
29727,7
37353,11
35666,7
30811,7
25955,7
23203,7
27636,7
23425,7
26150,7
21434,7
18925,7
31046,7
35724,7
21614,7
29513,6
26400,14
21904,7
31357,7
21747,7
20820,7
21824,7
3612,7
21865,3
35715,7
31579,16
13048,7
22002,7
1662,7
21964,7
32234,7
27536,7
5010,7
31886,7
23984,7
34414,7
32003,7
32089,2
15754,7
24714,16
30021,7
15951,7
25252,7
37392,7
31710,14
36735,7
32501,7
27654,7
19636,7
5257,2
24493,1
19231,8
19236,16
19246,3
34648,7
20696,12
23530,1
28078,16
12347,3
26488,16
36052,1
34503,16
29301,16
30004,16
21751,1
34036,5
21929,16
22103,16
26914,16
10654,16
27237,16
22608,16
11255,16
34950,16
32447,16
23307,16
27554,16
19257,2
19258,4
3231,2
28570,5
22781,5
34272,5
24246,5
29608,3
19271,1
1531,2
30348,2
19289,5
5655,16
31264,2
19299,5
19301,3
19306,2
19307,1
24017,2
36880,2
19321,1
19329,25
34821,16
10386,5
32163,2
25399,5
27414,3
32280,2
25977,2
27234,2
35512,2
31033,5
21889,5
36691,16
33381,5
1522,5
22705,16
22850,7
19387,2
33271,0
34548,0
24491,3
27992,7
19395,2
19401,1
20621,1
31480,16
19580,0
19412,1
19413,14
19425,1
19440,2
19443,5
21277,3
26924,7
19448,1
29770,2
15507,0
19462,1
35766,2
6681,2
34677,2
21603,1
19476,25
7744,3
19484,5
19485,7
19490,2
33261,3
15985,3
34558,3
19498,3
26324,3
3268,16
29569,2
11357,2
19515,2
26498,1
21161,16
19536,1
33504,16
30973,2
19549,7
19550,3
19558,3
29456,1
19583,17
19588,1
19589,3
19595,2
19596,0
19597,2
19603,3
19608,1
19610,6
27881,25
19614,7
21906,1
19622,25
23612,25
23321,16
18836,5
37416,7
35629,2
26055,2
36029,1
36770,7
37111,16
1267,3
27713,7
19671,2
33317,5
19680,10
26550,2
29059,2
19692,1
23357,2
20334,3
21583,7
19719,1
22927,7
29020,3
8405,7
10999,1
31854,1
19747,16
32274,16
25661,3
10399,1
34367,1
19758,2
8544,1
22573,1
37491,4
27918,2
20357,12
19778,1
20263,16
19794,1
30939,4
22698,4
19799,2
31781,3
37434,3
19814,3
22963,2
19831,2
27924,2
27411,0
19835,19
35392,2
27926,1
19843,7
19857,1
8367,2
19870,4
19871,1
27141,7
19892,1
19893,2
21037,7
19913,5
19923,3
19924,1
9538,2
28921,5
26991,3
19937,2
34916,1
34883,16
19946,3
19947,2
34579,16
19954,2
36379,3
9728,2
1845,7
19972,1
11342,10
29332,10
15561,5
32273,10
19995,1
22300,3
19997,2
11660,7
20013,2
13513,2
7016,4
37621,2
5364,7
31853,7
30632,10
28526,1
10294,16
25893,4
31859,2
34630,1
33938,2
27309,2
33820,2
3372,1
23293,3
36053,2
20069,1
20075,1
24042,3
2294,1
20148,16
22962,3
20856,3
12382,3
36600,16
37472,7
12965,3
28758,2
28787,2
22695,2
22747,2
24755,16
25684,5
30105,5
10728,3
24003,2
30832,16
20107,3
20108,5
23401,5
27301,0
20117,1
35533,2
26182,12
20125,4
20137,1
20138,7
20147,1
28194,7
36213,7
14594,7
35310,3
33669,2
20155,2
20167,1
34537,2
11258,12
30267,3
20181,1
33192,3
36460,2
20187,1
29814,3
29138,5
34320,7
27296,2
4278,1
20211,5
3765,5
20222,2
34725,2
20230,10
20237,1
20241,3
26414,2
20261,1
20268,2
1673,5
35819,2
15611,1
25234,5
20299,7
29579,3
23926,12
32445,3
20314,2
20315,1
37272,3
21667,7
20323,1
20337,2
20344,19
12285,3
29541,3
20350,1
33013,2
20354,16
30920,7
30428,2
20370,3
1984,5
31271,7
20383,3
23033,7
20390,25
20971,25
20401,2
31748,3
32829,3
29184,2
31909,2
30970,3
20417,5
30011,5
20422,1
20423,3
31085,2
21149,3
25387,2
35203,2
35094,7
20440,16
29736,7
9441,3
20448,2
20461,22
20462,16
13006,1
28912,1
35026,25
28046,14
30226,7
37337,3
29535,2
20501,1
30447,2
20504,1
20511,1
13281,14
34691,13
21581,13
20525,16
20527,3
24411,2
29186,2
29578,2
23813,2
22823,2
9915,2
21935,2
34318,2
18068,2
30203,3
20533,7
20534,1
3024,19
32320,3
34056,12
28652,3
20545,1
20905,3
31180,3
28058,1
20553,2
27257,16
35327,0
20568,7
20572,1
20574,7
20586,5
20602,16
35074,2
27148,2
28263,5
20612,1
27899,7
20618,5
22217,1
20622,1
20623,1
24876,7
20630,1
20636,1
34450,5
23016,3
20645,2
26398,2
20649,1
20659,2
35050,5
32548,2
15674,1
31740,2
20672,3
35261,5
21007,5
20675,16
20687,1
11881,7
22382,12
20693,2
21361,3
20712,1
20714,3
20723,2
27703,7
29342,7
20727,1
20730,7
36605,0
20746,1
20758,1
20763,16
17207,2
37498,1
1926,0
35338,0
20774,1
32730,5
28778,1
10369,1
25693,1
36967,3
20789,2
21083,2
20792,0
20796,1
20802,5
28842,7
33932,12
20818,3
20835,1
36291,0
20850,2
22677,16
33276,7
5986,7
29986,3
27269,5
34278,7
21994,7
36675,3
33173,3
30120,3
25202,3
34593,1
20876,2
20877,7
34863,1
20882,3
20887,10
21191,0
26952,3
15716,3
20909,16
20912,16
20917,16
30976,4
20933,5
20934,1
20940,16
20942,2
15958,1
18908,1
34562,0
35723,5
6433,16
25325,1
20982,5
21155,5
20993,16
36269,10
25058,10
37355,3
23218,3
24099,2
21031,0
21045,2
32167,2
21069,5
21072,5
16711,1
31550,2
15458,2
21086,2
33125,3
21092,1
21094,7
21108,2
28662,7
21586,10
11564,25
21120,1
23883,5
28133,1
21150,1
559,3
34033,3
21172,1
21176,5
28482,7
17351,5
17388,16
21195,1
21198,1
21201,16
31195,3
21216,7
21218,3
21219,1
21874,1
29742,1
34811,2
20801,16
35825,3
33980,1
21245,12
17713,1
21249,10
32667,5
22521,2
17783,3
22728,2
34220,1
21273,2
21278,2
23241,5
21617,7
25790,7
30262,3
24576,3
29695,3
4719,16
37178,5
30893,5
34826,10
34005,2
21344,1
24141,1
21354,3
21669,3
21357,1
32048,3
24949,3
35802,3
21360,5
21362,1
34313,2
31770,2
27682,12
29566,3
34726,16
34940,2
23432,3
36638,0
22015,3
24435,0
37013,5
9599,3
35095,3
30647,5
25940,3
21394,3
16787,1
21398,3
21400,2
29610,3
24379,3
12174,16
28699,16
18761,1
18768,2
21410,3
30745,7
21417,3
36597,2
13973,1
21429,20
21431,3
21439,1
30741,1
24167,2
6034,1
29084,2
21449,2
21450,3
33004,0
24890,1
33996,2
21458,1
9610,1
21460,2
18129,3
21477,3
19181,8
28115,16
21490,0
22362,3
2019,7
21548,1
24450,25
24671,25
6992,25
22885,2
35422,25
30845,25
21569,10
21570,7
21574,2
31300,13
21584,5
9951,3
21609,7
27272,3
25607,3
21611,1
21612,2
26607,2
34894,5
21624,1
21634,7
19996,2
25101,2
36522,2
11995,2
5056,5
32752,7
21646,7
21670,7
21681,16
29985,5
23982,3
21692,1
29590,3
21698,3
21700,7
28227,3
21729,2
21740,1
21745,1
11933,3
30686,3
22760,2
27368,2
29376,2
37377,0
26216,7
37053,10
33098,10
21791,3
20473,1
21799,3
21813,1
21825,25
21834,3
36257,3
37338,7
21838,7
15865,2
21848,1
21849,5
29780,1
1635,1
21858,16
23396,12
30711,3
28491,3
6159,1
26222,7
21872,1
31151,2
22252,2
22097,5
21893,1
21894,10
21895,2
21902,5
21905,3
21920,5
21921,16
21923,1
37063,7
21933,5
35609,1
34958,0
21936,1
35575,3
29279,16
19388,1
21944,2
21958,1
21961,0
28244,2
29875,2
22008,3
29349,25
34719,25
22011,16
22014,10
22022,2
12227,2
23211,2
22043,7
30904,5
31658,3
22164,3
35240,16
25680,3
22080,16
24723,3
33584,3
35653,2
28815,3
22111,1
22112,19
26945,12
37508,2
22115,7
22131,2
22133,2
7371,2
22138,7
33991,2
22149,1
15744,3
23229,3
22176,3
22190,16
26198,3
25663,7
32074,1
32045,2
23269,3
19237,1
22221,2
22229,1
35446,1
32715,1
22242,3
22246,1
36251,1
22264,3
23545,1
22266,2
28769,7
22271,1
36124,2
11145,7
33825,25
32271,0
22286,1
37393,16
34576,16
22310,1
22314,2
32382,2
26584,5
32084,3
30211,1
35389,1
30496,3
29956,2
1231,3
33441,1
5789,3
22328,1
17843,3
37551,3
10387,3
23483,3
22332,7
22335,16
22336,1
22340,3
27779,1
10165,3
29021,2
28985,1
24357,3
35428,3
37665,3
22356,1
26973,25
22387,7
26388,5
27880,5
34585,5
3770,1
29677,16
22429,1
22438,3
471,7
22445,5
12911,2
33752,3
33329,16
37241,7
26037,16
30927,10
32787,0
20445,0
14964,0
22460,1
34722,7
22463,1
21451,1
32498,2
22481,5
22490,2
37687,7
27151,5
25810,5
22511,1
32599,3
21336,2
32015,3
19075,0
8532,2
22857,2
28402,2
22574,16
22585,3
4644,3
22592,3
27949,1
24881,19
30955,2
37278,5
32899,5
18883,1
24206,5
21778,1
27885,1
26805,1
23113,1
16622,1
29320,1
19813,1
25973,1
31280,1
33175,1
24689,2
22659,16
14961,1
3431,3
22700,5
34635,3
37312,3
22720,2
27690,3
22744,5
29274,1
22746,2
22753,2
5073,2
1055,2
35934,16
22775,7
24314,1
29478,25
34587,25
26386,25
22788,7
22791,18
29643,3
22829,7
22830,3
29377,2
37126,2
26215,7
29217,1
23038,5
22864,3
24586,3
2790,3
34260,3
31455,1
34817,3
36003,3
28496,16
19439,3
22883,1
24774,5
30119,2
22887,7
1049,7
8070,7
22894,7
25054,2
26133,3
8494,2
22904,7
22907,2
22920,3
13153,1
22946,0
31333,2
22976,2
22982,1
22988,2
37501,7
23000,3
23003,5
35650,1
23046,2
35837,3
34319,3
32728,0
30205,3
36784,3
31610,5
23054,2
23067,3
29375,3
23073,1
23074,7
35904,3
17831,3
25219,16
23080,1
16314,1
29992,1
23091,16
23103,2
32789,2
23115,16
31959,7
26535,16
23177,3
31054,7
31435,7
33681,3
24297,2
26071,2
28478,2
20348,2
23220,1
15801,2
34814,2
23234,5
23248,3
23257,7
23910,7
23278,1
23282,1
6199,2
9867,2
23302,0
6355,7
23325,3
36679,14
23852,14
8135,19
34338,1
29533,1
26424,1
23341,22
23350,2
23351,1
25701,16
23367,2
6516,2
27267,7
28042,7
33182,1
23378,16
32363,3
33347,7
27180,7
30633,7
34825,2
23420,5
37602,12
29443,3
30239,0
36439,7
15036,7
23447,1
23466,7
24045,7
35294,5
34644,1
37398,7
886,7
20552,7
6251,3
23492,5
23494,16
23498,4
23499,2
23500,2
23507,1
23512,1
9207,3
26948,2
31693,19
23538,2
8919,5
23561,2
33284,16
26884,16
28811,16
26135,1
7858,4
12970,3
24145,1
28948,1
5516,3
35630,3
31804,1
34637,1
34737,3
27366,1
25086,5
27519,7
28541,3
30050,3
23597,5
23599,2
23602,1
23603,1
22794,1
36980,7
23625,0
9974,0
23632,4
23635,2
23636,2
15393,3
23645,2
23652,3
23653,7
23658,3
23661,3
23662,1
25304,0
17102,4
36483,7
32896,7
30410,7
24434,7
21561,12
5232,7
15979,7
29925,7
29929,7
13446,12
23712,12
23674,2
23686,3
24458,1
23705,1
504,1
23715,1
22254,5
23737,3
24762,1
37011,3
23766,16
23768,16
23771,2
23776,3
24708,16
32004,2
23803,3
28960,3
23805,3
22056,2
16175,8
23831,1
32620,1
26845,1
28167,3
17657,3
34998,3
25150,1
31848,3
30149,3
26466,5
24489,7
23869,2
23873,7
34472,2
30182,2
23902,1
23920,2
23921,7
33277,1
23928,2
23931,2
23934,1
23943,1
20722,7
23947,16
23948,3
25168,14
23957,3
24132,3
25532,2
23966,2
23969,3
32133,7
30860,7
23989,7
10414,2
23996,2
30329,7
11310,16
24012,5
24014,7
22114,7
29316,3
24022,3
30130,2
30855,2
13692,2
36858,0
24038,1
29506,3
24043,1
24999,1
21627,1
24056,1
33861,7
24080,7
21675,5
31277,1
24103,1
37372,16
24107,5
26276,2
33755,7
21909,7
24121,1
30992,16
10923,3
24148,1
26496,2
27114,5
11298,3
24170,2
24182,3
24189,16
31360,3
24200,16
27344,2
24214,1
33449,2
24224,16
15215,5
33336,3
35760,5
36396,2
35691,3
35487,25
28687,16
24289,1
24292,16
30597,7
24310,1
36890,7
24312,1
36802,7
24316,5
24332,16
24340,2
24344,2
12432,1
3104,1
34275,25
24366,1
24381,7
24383,7
24389,5
24392,7
24393,2
24413,1
25864,14
35651,0
32915,3
24439,1
24441,3
24446,1
28432,3
29843,16
34231,3
32088,2
8468,2
26705,2
32365,2
35390,2
35763,2
24474,7
24475,2
32010,7
24486,3
24492,3
32638,2
4697,3
24517,1
24530,7
26421,2
33495,2
35010,7
24549,2
34640,2
30862,3
24553,0
24554,1
34202,2
25591,1
32017,2
16427,12
23475,12
8961,16
24591,2
24592,1
28689,1
24601,3
29124,4
24608,2
27901,1
37105,3
28748,4
18544,7
869,1
35501,2
24646,7
1072,1
35879,3
29228,7
35347,6
832,1
24710,3
24713,1
26352,2
24747,1
25978,2
24749,2
24752,2
1666,1
24785,7
24787,5
27673,1
1756,5
24803,3
1410,2
24833,2
24838,7
24851,2
32690,3
2229,7
25930,5
24870,16
31467,16
24875,3
34252,3
37446,3
29538,3
34043,2
24885,2
33787,5
34535,7
27112,4
24970,0
25001,5
24401,1
25011,7
25014,11
34698,11
3222,1
25405,3
26599,5
25039,1
25634,1
25055,7
25056,7
32508,5
28252,5
20250,4
25073,1
34567,3
25075,7
25097,1
26241,5
14082,2
35317,1
25117,3
35232,5
29338,5
25127,1
29862,5
8160,2
25161,3
31947,7
6435,7
25186,1
25192,5
25193,5
25206,0
25209,1
28883,1
26794,25
25230,7
33580,1
31456,1
33295,0
25506,0
36706,0
32083,0
35584,0
24513,0
33809,2
25267,16
28020,7
26041,3
30516,0
4686,3
25313,2
25315,3
28557,3
32552,2
28306,3
25341,16
28898,7
27897,1
25362,7
13933,2
23237,16
16875,5
34197,5
22053,1
29089,3
26892,1
16803,3
25453,2
33503,2
33260,25
33179,1
31223,3
16223,3
20689,0
29429,1
34601,1
25488,1
29144,2
25513,1
25516,7
25522,5
8536,3
25550,3
6155,7
25561,16
25562,5
35604,7
25563,1
29680,5
35753,3
32412,3
28268,3
35052,7
29537,2
32418,3
29287,3
33056,3
25622,1
25623,5
32039,3
28992,2
35619,16
30991,5
27122,25
25676,1
32583,7
29361,7
31858,2
25697,1
25699,3
33845,1
25708,10
25735,2
32465,2
25736,3
31646,2
25787,1
37558,2
19050,2
37590,7
26641,7
27359,16
25809,7
30190,7
1243,7
25814,1
33924,1
1928,1
32457,2
25859,3
3527,3
25867,2
25875,3
31974,7
25900,0
25904,16
25914,3
36467,1
28116,3
36307,7
25936,1
25944,1
26224,3
24779,7
20136,3
25961,3
25972,25
25980,20
13807,1
8751,12
34388,7
12832,2
36536,3
37445,3
32392,3
27679,5
26014,1
26018,3
26036,3
26038,3
26039,7
32808,7
26047,16
9070,1
26062,1
26063,20
35831,1
33815,3
26081,1
26087,2
26090,12
26094,1
26102,2
36571,2
30508,2
28863,2
30644,2
27496,2
2508,30
34823,30
36506,3
9457,3
4304,3
26142,16
29001,1
26162,2
15771,16
4753,1
26194,5
22815,1
26211,7
26213,24
26867,5
34619,5
27744,5
18188,10
10062,1
26237,16
31209,5
26258,1
26264,1
26267,3
30225,7
26273,7
26275,2
10357,2
33794,7
37316,3
10453,2
35042,2
30897,2
26489,2
30237,3
28182,2
36882,1
6176,3
30001,16
26878,16
16090,7
35726,2
37662,1
7793,2
28330,0
11276,7
26445,10
27781,10
23809,7
36958,3
26543,16
34163,5
35775,7
33141,16
35870,7
30486,7
35782,3
26554,1
26571,1
37102,3
29870,16
32473,6
26616,5
18957,0
12975,0
27694,7
28987,3
14948,3
32125,3
27000,3
26655,5
26659,5
27429,3
12551,1
7476,3
26670,5
28110,3
26690,5
33969,2
26709,1
35612,2
26717,3
26724,2
18111,2
29642,5
32949,1
30143,2
35647,3
13077,2
26767,4
36440,2
33711,5
26789,1
26793,1
26795,16
20002,3
35945,2
16097,1
31976,1
36527,1
33343,7
28746,1
34972,1
37185,1
26835,1
26836,3
26840,5
26856,1
30629,16
18979,7
31410,2
3944,0
28991,2
13864,7
26944,1
31871,0
35163,7
26968,5
10947,3
37236,3
30433,3
4926,3
33124,3
22563,3
33779,3
35160,3
34528,5
27442,1
32617,3
30470,1
35526,3
36945,1
29571,3
35951,3
27158,3
36619,3
31317,3
30216,3
3291,3
26980,3
31864,1
27214,3
27306,3
27541,1
32475,1
26990,3
26992,5
14456,16
27004,5
12080,25
14585,1
29165,7
27054,7
37567,2
35516,3
36299,3
27091,1
7440,1
30823,5
3960,5
28480,2
27111,1
27117,2
6642,1
27124,1
27133,10
29180,1
36034,7
32492,7
37120,2
18034,3
27218,1
7477,2
33587,2
32449,3
34352,4
6029,1
27258,3
27260,1
37088,3
27281,1
27300,5
37285,3
29446,5
27318,2
27358,2
24497,1
27383,16
27396,1
27399,1
27415,2
27863,7
6782,7
27548,7
27444,1
35130,1
28262,2
2338,16
29614,16
3532,16
29806,2
30634,2
36647,7
19091,3
27499,1
37254,3
35909,16
33090,1
27530,2
27531,3
2524,3
27540,1
37531,7
6456,3
31688,16
17734,1
17754,1
27591,1
27614,1
27621,3
35423,25
27638,1
27664,7
27672,5
29102,3
27689,1
27717,1
27738,7
28625,3
31270,3
27750,5
27752,16
27759,1
27760,2
34034,0
27769,16
8524,2
27796,2
27799,3
27827,16
27844,3
31569,16
22933,5
27882,1
19659,1
35642,4
28389,2
10442,3
27965,3
27967,1
27975,16
33063,3
27984,3
20264,5
13333,1
29334,2
36306,1
28059,1
37167,2
29767,2
37342,7
28074,2
28099,3
27077,7
30506,7
26960,7
29167,7
34802,5
36368,2
19690,3
28149,1
21710,2
24106,2
37335,2
21187,1
29840,5
31927,7
28177,2
31148,7
28198,16
28209,1
36284,25
28215,16
15478,1
28219,12
30117,3
28239,5
4412,3
3085,7
28245,1
8634,1
28255,3
28289,16
30840,2
30729,12
35991,3
37532,3
28328,1
4192,1
28339,1
28344,5
28347,7
35545,1
36116,16
28370,2
28394,7
7432,7
22565,3
28405,2
29504,7
32837,12
28435,7
5272,2
28458,12
14382,16
37421,1
28533,1
28534,3
5510,5
28551,2
23710,2
28587,2
23119,7
28638,1
24127,1
28675,1
28710,1
28737,1
32811,1
28745,5
30452,3
35744,2
28783,1
28785,1
28797,0
28803,1
28807,5
28820,16
28825,1
28844,1
28894,16
30331,3
28872,25
29924,1
28891,1
11664,10
34519,2
5229,3
34783,3
20078,3
33146,1
31022,3
37625,1
37442,3
23825,3
29760,5
32748,3
18953,3
34490,3
34890,3
31109,3
36278,3
31381,3
33742,3
34584,3
30064,3
28967,3
29577,2
36969,7
32705,7
8562,2
29015,2
31707,1
29018,4
31202,2
34488,40
29029,1
29042,1
29044,7
29050,7
35835,16
29057,7
33624,2
32205,2
1404,2
29083,1
29086,3
29088,1
29105,2
37050,3
29113,7
35036,14
35555,16
5237,16
29154,1
26969,0
29162,0
29412,7
36265,3
33935,1
29191,5
4148,2
34748,5
29209,2
35958,5
37478,5
29213,1
29220,16
32248,16
14552,7
29241,0
29260,3
5216,5
27915,7
9088,2
29326,1
29329,16
29333,2
35059,2
29356,1
27846,3
29390,3
7434,2
35444,2
36048,1
29409,3
25744,7
12351,16
29435,3
29719,10
29447,7
29467,3
29489,3
29493,1
35170,2
7464,4
18359,0
27086,1
18592,0
29551,1
31123,12
33528,7
28843,3
2525,5
32619,1
30192,1
28514,1
35635,1
2414,1
32198,1
34486,1
29674,1
30635,1
14367,1
29883,1
32079,3
30233,1
30292,1
30363,1
34954,1
29821,1
30781,1
5556,1
30849,1
30883,1
30892,1
31499,1
80,1
34464,1
2571,1
31787,1
21970,1
31821,1
5132,1
32049,1
33169,1
6586,1
21422,1
32578,1
32584,1
13068,1
32653,1
18848,1
32962,2
29881,1
33053,1
31850,1
33313,1
33320,1
13943,1
33556,1
33664,1
24987,1
33760,1
13167,1
22846,1
34118,1
34321,1
34446,1
31877,1
24739,1
34604,1
34663,1
35480,1
27215,1
33818,1
23884,1
15617,1
35425,1
12820,1
21271,2
35547,5
35535,1
35823,1
35849,1
35925,1
35929,1
36002,1
30645,1
36039,1
36083,1
33573,1
36222,12
26812,1
36302,1
26458,1
36854,1
35078,1
22277,1
36498,1
17290,16
5321,1
31388,1
36930,5
17761,1
34829,5
37245,1
34895,1
20297,1
34201,7
32488,1
37568,1
25925,1
35578,1
35986,1
30244,1
37641,1
35081,7
3302,7
29596,4
30401,2
29916,7
29629,2
29678,5
29679,5
33432,5
7875,2
26854,2
22275,2
29749,25
34655,2
1274,7
29837,10
29857,16
29871,2
36847,1
36669,3
34084,1
32780,3
29909,16
5741,3
29914,16
29917,2
26978,16
31152,7
29970,16
31251,3
30012,3
30020,3
30049,25
30068,2
30113,7
30114,0
30131,3
30139,2
30153,2
30171,2
34896,1
33353,5
30204,2
30208,1
30222,12
18830,16
34540,5
31443,5
20768,7
30691,25
32887,2
32253,3
23026,16
36944,16
30000,16
34626,1
32238,16
31585,16
37250,5
36769,5
37515,5
30448,16
32862,0
30567,1
34966,1
32142,2
36885,3
30651,25
30421,2
30660,2
32312,3
2678,2
12559,2
33613,16
31691,2
7101,1
22408,1
30725,5
34527,3
28999,3
31226,2
25942,2
30868,16
30885,7
5472,7
30906,7
30478,2
32838,3
31386,2
32867,7
35620,1
31019,3
31023,16
31052,2
875,5
31078,16
31084,7
31100,8
23413,7
36137,3
30346,3
31116,1
31140,16
32614,3
1411,16
2873,2
1854,3
34609,1
34952,5
33943,2
31552,2
31343,16
29286,3
31027,0
18692,16
32948,7
31431,7
37586,7
31560,1
33748,1
10720,3
31603,7
6982,3
31625,3
290,1
31682,2
35385,7
34286,0
31728,2
22220,5
4507,2
31759,2
35172,1
37064,16
13237,3
14839,16
31833,2
31899,5
29457,3
35908,3
34990,3
31932,0
32005,7
32020,4
26630,4
33308,2
32046,7
32063,16
28483,3
32094,2
32028,7
32116,16
6665,16
11982,2
33575,1
11770,1
32218,3
10092,1
7285,0
32434,0
32285,16
12470,16
33750,16
32321,16
31672,5
33911,2
18380,2
24083,3
35146,3
32402,25
27964,2
15683,5
37685,7
29641,7
32495,3
37395,2
37467,4
36754,2
16867,2
32586,1
32595,3
32603,3
34371,8
32643,7
33717,1
35229,3
32849,16
32851,16
32854,2
23756,3
36756,1
21065,2
32939,7
32988,3
33021,7
171,1
24542,0
35755,10
37696,7
37387,7
28857,3
33200,16
8858,1
569,2
13045,10
33462,1
29585,6
33544,3
33562,3
646,3
14660,16
29383,7
36383,7
18947,2
33718,3
33724,1
33747,1
36751,1
34213,16
7009,3
37349,1
34289,5
33843,3
3573,2
15326,7
17053,16
34066,7
34085,2
34129,16
24371,3
34154,1
5517,12
17922,5
34294,2
16488,1
28812,5
34354,3
18939,2
34400,7
36253,2
35565,1
37460,5
35758,2
1216,16
34927,2
20713,2
34893,14
37239,2
34839,8
21487,12
25444,0
37561,3
14070,15
36567,7
30054,2
26285,3
35039,16
32557,1
2646,2
4511,3
24594,3
36463,16
35191,16
24575,2
2875,19
35402,1
28945,1
37265,2
36009,1
36223,16
36229,16
9831,2
10428,16
14505,3
37569,3
34623,16
34303,16
36903,1
35174,7
37485,2
37431,5
37409,3
25879,2
